User_ID,Country,Age,Gender,Occupation,Education_Level,Income_USD,Daily_Usage_Hours,Phone_Checks_Per_Day,Time_on_Social_Media,Time_on_Gaming,Streaming_Usage_Hours,Messaging_Usage_Hours,Work_Related_Usage_Hours,Sleep_Hours,Exercise_Hours,Mental_Health_Score,Depression_Level,Anxiety_Level,Stress_Level,Relationship_Status,Has_Children,Urban_or_Rural,Time_Spent_With_Family_Hours,Online_Shopping_Hours,Internet_Connection_Type,Primary_Device_Brand,Has_Screen_Time_Management_App,Addiction_Level,Monthly_Data_Usage_GB,Has_Night_Mode_On,Age_First_Phone,Push_Notifications_Per_Day,Tech_Savviness_Score,source_dataset
10001,India,32,Male,Salesperson,High School,43865.49,5.81,75,0.84,0.0,3.36,1.44,2.14,5.22,1.32,61.47,8.1,2.4,95.8,Single,No,Rural,1.7,1.85,5G,Other,No,2.5,16.43,Yes,16,106,39.36,global_mobile
10002,UK,26,Male,Artist,Master's,41868.19,9.05,61,3.13,2.5,0.8,2.42,1.44,6.23,0.66,96.11,9.9,4.0,25.03,In Relationship,No,Rural,0.9,0.66,4G,Samsung,Yes,9.5,32.87,No,12,111,9.45,global_mobile
10003,Germany,70,Other,Doctor,High School,59636.51,5.76,58,2.12,1.96,1.84,1.98,1.92,6.57,1.93,73.68,4.5,9.4,99.54,Single,Yes,Urban,1.69,0.0,WiFi,Samsung,Yes,9.5,27.45,No,18,90,50.27,global_mobile
10004,UK,44,Female,Engineer,,39022.07,6.71,80,1.6,2.7,1.9,2.43,1.82,7.27,0.94,53.42,1.1,0.5,66.49,In Relationship,No,Urban,1.11,0.17,3G,Apple,Yes,5.5,30.85,No,17,60,30.82,global_mobile
10005,Brazil,46,Other,Student,,0.0,6.31,136,1.51,1.73,1.48,1.3,1.76,5.43,1.04,67.01,3.8,1.7,14.72,Divorced,No,Urban,1.06,0.58,3G,Xiaomi,No,7.5,10.38,Yes,18,127,21.7,global_mobile
10006,Japan,34,Male,Student,PhD,19751.8,8.94,129,2.28,2.49,0.97,1.39,2.66,6.21,1.14,25.15,9.7,6.6,63.04,Married,No,Rural,1.32,0.4,5G,Xiaomi,No,2.5,17.51,No,8,78,14.38,global_mobile
10007,China,51,Male,Doctor,Master's,22956.76,4.18,65,1.75,2.07,0.33,1.58,1.98,4.84,1.33,4.94,2.7,8.0,83.2,In Relationship,No,Urban,1.08,0.88,WiFi,Huawei,Yes,9.5,44.52,No,11,82,79.63,global_mobile
10008,Russia,68,Male,Salesperson,High School,62102.93,10.05,87,2.13,2.99,1.67,2.06,1.51,6.81,1.43,44.33,9.5,2.1,62.53,Divorced,Yes,Rural,1.02,0.77,5G,Samsung,Yes,2.5,26.66,No,12,102,52.16,global_mobile
10009,Nigeria,33,Other,Salesperson,,26629.11,7.45,50,2.02,0.49,2.41,1.6,2.98,6.54,1.4,55.45,6.0,9.5,95.94,Divorced,No,Urban,0.77,0.1,5G,Apple,Yes,7.5,24.49,No,8,85,31.52,global_mobile
10010,India,38,Other,Salesperson,High School,43121.39,6.87,95,2.27,0.0,2.44,1.37,2.55,6.04,1.55,85.13,3.8,0.4,33.65,Divorced,No,Urban,1.74,1.82,4G,OnePlus,Yes,7.5,29.05,No,14,120,97.4,global_mobile
10011,Brazil,36,Male,Teacher,Master's,20817.23,5.87,94,1.46,2.47,2.14,1.36,2.29,5.41,0.61,43.34,1.1,3.7,9.31,Single,Yes,Urban,1.93,1.24,WiFi,Other,Yes,7.5,25.57,No,8,70,22.05,global_mobile
10012,Russia,34,Male,Manager,Bachelor's,33236.88,8.09,86,2.58,1.89,2.42,0.98,2.19,6.52,0.79,7.35,9.4,4.3,69.66,Divorced,No,Urban,2.53,1.23,4G,Other,No,5.5,17.14,No,13,95,24.82,global_mobile
10013,USA,18,Female,Engineer,Bachelor's,16430.69,5.01,75,1.12,0.69,1.26,1.63,1.11,7.42,1.4,88.7,5.8,2.5,23.15,Divorced,Yes,Urban,2.16,0.0,4G,Samsung,Yes,9.5,29.76,Yes,8,112,37.84,global_mobile
10014,Germany,49,Female,Teacher,High School,30612.87,5.22,62,3.16,2.58,2.25,1.02,3.23,6.26,0.33,11.29,6.8,8.3,79.94,Married,Yes,Rural,1.21,1.52,3G,Huawei,No,5.5,26.45,No,17,98,62.58,global_mobile
10015,India,62,Other,Student,High School,10372.75,9.32,69,2.64,0.78,1.55,1.21,2.54,7.1,0.56,28.51,8.1,2.5,77.97,Married,Yes,Rural,1.64,0.73,4G,Other,No,5.5,34.46,Yes,16,116,31.8,global_mobile
10016,Japan,58,Male,Artist,High School,33600.33,4.68,108,2.43,1.86,4.63,2.34,1.32,6.21,1.11,80.67,0.5,4.2,16.43,Single,Yes,Rural,1.09,0.33,5G,Xiaomi,No,9.5,7.12,Yes,16,93,7.82,global_mobile
10017,USA,51,Other,Manager,,41764.15,8.19,47,1.29,1.72,1.44,1.16,2.72,6.34,0.35,99.02,3.9,4.2,77.2,In Relationship,Yes,Rural,1.64,0.37,WiFi,Xiaomi,No,5.5,23.55,Yes,12,149,10.65,global_mobile
10018,Mexico,18,Male,Doctor,PhD,40513.1,6.06,68,1.38,0.0,1.27,1.99,2.46,6.68,1.07,61.56,5.2,4.9,41.25,In Relationship,No,Urban,2.33,0.9,4G,Xiaomi,No,9.5,31.2,No,13,12,47.86,global_mobile
10019,USA,33,Male,Manager,,6521.03,5.79,47,0.0,0.34,1.88,1.23,1.11,4.86,1.11,28.44,3.0,1.5,16.75,Married,Yes,Rural,0.0,0.77,WiFi,Xiaomi,No,9.5,41.45,Yes,11,99,14.92,global_mobile
10020,India,22,Other,Manager,PhD,40098.41,5.64,99,2.87,0.51,2.44,1.11,4.06,6.29,0.77,34.91,6.5,7.6,72.57,Married,Yes,Rural,1.55,1.05,3G,Xiaomi,Yes,9.5,21.51,Yes,20,52,63.38,global_mobile
10021,UK,67,Female,Manager,Master's,0.0,5.85,55,2.2,0.11,1.7,0.44,3.1,7.27,0.46,24.76,1.4,4.3,29.0,Divorced,No,Urban,1.84,0.61,4G,OnePlus,No,7.5,26.45,Yes,18,40,13.4,global_mobile
10022,UK,15,Male,Unemployed,Master's,32969.28,6.28,129,1.39,2.58,1.65,1.82,2.63,6.58,1.12,71.66,9.9,7.9,62.92,In Relationship,No,Rural,0.04,0.31,5G,Samsung,Yes,7.5,32.38,No,18,124,15.88,global_mobile
10023,UK,12,Male,Unemployed,PhD,26712.11,4.43,77,1.25,0.81,1.11,1.58,2.45,4.43,1.27,24.99,8.5,8.4,64.97,In Relationship,Yes,Urban,3.18,2.45,3G,Apple,No,9.5,29.83,Yes,16,125,71.33,global_mobile
10024,Nigeria,47,Other,Unemployed,PhD,21716.65,4.58,94,3.55,2.35,0.58,1.9,2.13,5.93,1.11,63.32,3.1,1.6,78.69,Single,No,Rural,1.84,0.63,3G,Samsung,No,5.5,42.61,Yes,14,193,23.43,global_mobile
10025,Germany,59,Female,Unemployed,PhD,9842.34,8.01,109,0.84,1.82,1.55,1.8,0.57,4.92,0.53,75.96,7.3,5.9,56.49,In Relationship,No,Urban,2.36,0.81,4G,OnePlus,Yes,9.5,44.71,Yes,10,102,88.11,global_mobile
10026,Russia,14,Female,Doctor,High School,13479.02,0.0,124,2.58,0.22,1.15,1.9,0.81,6.71,0.31,42.89,3.2,0.4,45.07,Married,No,Urban,2.52,1.15,5G,Other,No,7.5,21.46,Yes,15,100,67.37,global_mobile
10027,India,17,Female,Unemployed,High School,56916.82,7.96,21,2.48,1.25,3.64,1.13,0.29,5.76,0.58,23.22,2.9,6.8,31.97,Single,No,Urban,1.86,1.32,WiFi,Other,Yes,7.5,33.24,Yes,16,81,27.39,global_mobile
10028,China,18,Male,Unemployed,High School,9879.63,4.42,79,1.3,3.61,1.52,1.43,1.93,4.39,1.65,94.47,7.2,2.3,37.18,In Relationship,Yes,Urban,0.46,1.24,4G,Apple,Yes,7.5,35.65,Yes,13,110,20.23,global_mobile
10029,Japan,16,Female,Teacher,PhD,24063.91,5.36,86,1.94,1.09,1.76,0.63,0.25,5.92,0.7,22.59,3.4,5.2,97.24,Divorced,No,Urban,0.92,1.12,4G,OnePlus,No,7.5,31.07,No,16,80,60.18,global_mobile
10030,UK,54,Female,Teacher,PhD,30169.2,4.15,90,0.56,0.0,1.93,0.76,5.0,6.7,1.37,89.2,2.3,1.8,40.77,In Relationship,No,Urban,2.49,0.85,5G,Samsung,Yes,7.5,30.12,Yes,16,113,29.02,global_mobile
10031,Russia,46,Female,Unemployed,High School,42586.1,10.78,42,3.4,2.39,2.24,1.06,0.75,6.35,0.26,67.33,0.3,8.7,97.16,Divorced,Yes,Rural,1.43,0.47,3G,Huawei,Yes,9.5,20.09,No,8,48,25.3,global_mobile
10032,China,18,Female,Engineer,Bachelor's,9612.64,4.27,105,0.47,1.87,2.34,1.44,1.55,5.48,0.26,36.6,4.6,0.1,36.4,Single,Yes,Urban,2.36,0.95,WiFi,Xiaomi,No,9.5,31.13,Yes,11,97,93.39,global_mobile
10033,USA,40,Male,Salesperson,Bachelor's,36207.99,7.94,65,0.61,1.54,3.28,0.9,2.89,6.25,0.55,18.91,9.7,5.6,75.19,In Relationship,Yes,Rural,2.11,0.96,WiFi,Apple,No,9.5,9.38,Yes,20,125,11.8,global_mobile
10034,Nigeria,17,Female,Student,Bachelor's,31923.16,6.01,95,2.4,2.31,1.83,1.15,2.13,4.71,0.98,82.92,1.7,9.6,64.49,Divorced,Yes,Rural,2.29,1.24,WiFi,Apple,No,7.5,14.3,No,8,116,59.43,global_mobile
10035,Nigeria,50,Female,Salesperson,Master's,23504.44,5.26,105,2.16,2.41,2.47,0.63,2.06,6.57,2.0,80.94,2.9,1.7,65.33,Single,No,Urban,1.24,1.18,5G,Xiaomi,No,5.5,28.07,No,10,70,54.43,global_mobile
10036,UK,18,Other,Manager,Bachelor's,29571.43,3.89,61,1.17,0.34,1.4,2.79,2.58,7.26,1.17,66.65,7.8,6.3,24.48,Divorced,No,Urban,2.26,0.64,5G,Other,Yes,2.5,17.6,No,13,107,47.43,global_mobile
10037,UK,54,Other,Teacher,PhD,35539.71,5.17,7,3.29,0.0,0.04,1.52,3.05,5.07,1.63,57.16,7.1,7.8,95.05,In Relationship,Yes,Urban,0.87,2.04,3G,Samsung,Yes,7.5,24.14,No,11,166,80.0,global_mobile
10038,Mexico,59,Other,Unemployed,High School,24786.22,6.01,16,4.17,0.7,4.16,1.51,1.95,6.38,1.22,61.62,2.4,0.6,72.13,Single,No,Urban,1.15,0.44,3G,Xiaomi,Yes,9.5,38.26,No,14,124,11.56,global_mobile
10039,Germany,49,Female,Doctor,Master's,25684.77,6.45,107,1.81,0.71,1.23,2.17,2.38,5.63,1.48,1.02,6.7,7.5,8.49,Divorced,No,Urban,1.17,0.87,4G,OnePlus,No,7.5,22.68,Yes,15,50,88.27,global_mobile
10040,UK,47,Other,Doctor,Bachelor's,23753.87,4.56,115,1.83,0.31,1.66,1.25,1.62,7.09,1.41,26.41,3.6,7.2,98.84,In Relationship,Yes,Rural,0.91,0.65,5G,Xiaomi,No,2.5,42.36,Yes,15,61,82.6,global_mobile
10041,Germany,38,Female,Teacher,,43091.25,4.88,85,3.66,0.0,2.25,1.66,1.56,5.72,1.36,58.5,4.3,6.4,99.88,Married,No,Rural,0.19,0.0,4G,Xiaomi,No,9.5,22.04,No,9,111,67.72,global_mobile
10042,India,17,Male,Manager,PhD,13863.74,5.56,58,2.67,1.92,3.25,2.16,1.37,5.67,1.54,78.56,3.4,9.0,63.77,In Relationship,No,Rural,1.94,1.59,4G,Xiaomi,No,9.5,34.47,Yes,18,28,29.77,global_mobile
10043,Nigeria,47,Male,Artist,Master's,28528.62,9.18,88,2.81,1.21,3.73,2.01,2.57,6.09,1.18,79.83,4.6,9.8,76.86,Married,No,Rural,1.54,1.14,WiFi,Other,No,7.5,25.39,No,19,160,58.95,global_mobile
10044,USA,62,Male,Student,High School,62484.72,6.87,53,2.69,2.99,1.73,1.26,2.0,5.68,1.07,55.67,5.7,8.1,65.26,Single,No,Urban,3.4,0.47,3G,Apple,Yes,7.5,17.15,Yes,18,89,40.94,global_mobile
10045,Germany,42,Male,Salesperson,,42534.62,7.72,108,0.72,0.48,4.21,1.73,0.81,7.42,2.19,63.37,7.2,9.6,89.11,In Relationship,Yes,Rural,2.54,1.56,WiFi,Xiaomi,No,9.5,28.43,No,15,139,10.96,global_mobile
10046,Russia,34,Male,Unemployed,,48243.73,5.45,109,2.15,2.12,2.05,1.98,2.28,6.73,0.95,14.52,7.4,8.1,95.95,Single,No,Urban,1.59,0.77,4G,Xiaomi,Yes,2.5,22.1,Yes,17,63,58.83,global_mobile
10047,Mexico,66,Female,Student,Master's,26120.83,9.69,83,1.24,1.58,1.85,2.15,0.61,6.76,0.96,75.76,0.9,1.3,32.51,Divorced,Yes,Urban,2.64,1.56,5G,Other,Yes,7.5,43.65,Yes,11,75,89.02,global_mobile
10048,China,32,Male,Unemployed,PhD,10927.61,7.23,77,2.07,0.66,3.28,0.66,2.61,6.71,0.83,92.29,9.1,1.1,34.39,Single,Yes,Rural,0.03,0.66,WiFi,Other,Yes,7.5,13.82,No,14,68,44.07,global_mobile
10049,UK,46,Male,Student,Bachelor's,12708.12,9.25,65,2.59,0.99,0.74,1.09,0.95,4.96,0.49,47.99,3.1,8.2,55.28,Divorced,Yes,Rural,0.01,0.89,5G,Huawei,Yes,5.5,15.6,Yes,15,120,86.55,global_mobile
10050,Brazil,27,Female,Salesperson,Master's,52830.16,4.56,98,1.34,3.93,3.21,1.65,1.86,6.23,1.18,80.13,4.0,9.5,42.98,Single,Yes,Urban,0.32,1.01,3G,OnePlus,Yes,7.5,30.48,Yes,8,82,55.6,global_mobile
10051,China,37,Female,Doctor,Bachelor's,50032.14,6.17,54,3.43,1.07,1.67,1.94,1.28,7.97,0.77,65.88,0.9,0.2,76.9,Divorced,Yes,Urban,1.15,1.14,4G,Huawei,Yes,7.5,24.92,Yes,14,92,59.2,global_mobile
10052,China,25,Male,Teacher,High School,31163.24,6.53,75,1.52,0.0,0.0,1.34,1.96,7.56,1.76,21.55,1.4,4.2,2.16,In Relationship,No,Urban,0.98,0.44,3G,Xiaomi,Yes,7.5,11.21,Yes,19,116,76.07,global_mobile
10053,Mexico,57,Other,Teacher,PhD,35511.04,6.44,49,1.77,0.89,1.81,0.94,3.66,6.51,0.0,65.48,4.1,8.2,58.22,Divorced,Yes,Rural,1.57,1.34,3G,Other,No,7.5,24.3,Yes,17,144,85.57,global_mobile
10054,UK,31,Male,Student,High School,38344.74,8.83,120,0.99,1.03,2.06,1.14,2.06,6.1,0.43,66.24,3.7,9.0,70.19,Divorced,No,Rural,0.93,1.13,WiFi,Samsung,Yes,9.5,24.13,No,13,126,7.09,global_mobile
10055,Brazil,34,Male,Doctor,High School,28172.69,9.2,30,2.71,0.24,1.65,1.88,2.37,8.51,0.65,36.67,6.6,4.6,59.98,Single,No,Urban,0.0,0.76,4G,Samsung,No,9.5,8.5,No,11,152,43.01,global_mobile
10056,China,16,Other,Unemployed,,22885.39,5.1,69,2.82,2.06,1.93,0.75,1.57,6.98,1.24,88.38,3.0,4.8,98.91,Divorced,No,Rural,2.92,0.98,3G,Apple,No,7.5,37.69,No,8,59,37.46,global_mobile
10057,Russia,21,Female,Doctor,PhD,50990.32,5.63,60,0.0,1.09,3.39,2.25,2.62,7.06,1.03,7.33,7.1,6.9,62.79,Single,No,Rural,1.44,0.88,4G,Xiaomi,No,5.5,25.95,No,14,84,53.32,global_mobile
10058,UK,25,Female,Doctor,High School,24001.72,5.09,64,4.05,2.61,0.0,1.62,1.15,4.94,0.5,31.06,6.3,3.9,30.55,Married,Yes,Rural,2.63,1.9,WiFi,Huawei,No,7.5,21.62,No,20,107,90.12,global_mobile
10059,Germany,25,Other,Unemployed,High School,59738.4,3.2,69,3.31,1.78,2.24,1.15,1.74,6.94,0.33,62.13,1.6,4.7,49.47,Married,No,Rural,1.45,1.46,5G,Apple,No,2.5,32.37,Yes,18,67,23.12,global_mobile
10060,Brazil,59,Other,Manager,High School,16298.43,5.25,91,1.85,0.0,0.59,1.22,2.27,5.9,1.5,50.48,3.1,3.8,70.9,In Relationship,No,Urban,2.21,0.58,4G,Apple,Yes,7.5,29.65,No,16,58,34.4,global_mobile
10061,Japan,14,Other,Doctor,High School,21647.36,7.28,101,1.19,2.02,0.65,2.23,3.13,7.51,0.0,30.22,5.3,6.5,34.35,In Relationship,Yes,Rural,1.73,0.94,WiFi,Huawei,No,9.5,35.58,No,12,76,86.85,global_mobile
10062,Brazil,50,Male,Unemployed,High School,28480.64,4.63,118,3.4,4.86,1.97,2.31,0.8,6.26,0.33,65.63,1.4,4.6,87.64,Single,Yes,Rural,1.97,0.64,5G,Samsung,No,2.5,19.01,No,13,122,10.24,global_mobile
10063,Brazil,42,Male,Unemployed,Bachelor's,34912.73,5.99,87,0.0,1.43,2.78,1.68,0.34,8.21,0.25,61.22,7.6,8.3,45.3,Married,Yes,Rural,1.99,0.61,5G,Samsung,No,5.5,16.92,No,12,74,71.71,global_mobile
10064,China,23,Female,Student,High School,40365.08,5.22,74,2.7,0.41,0.0,0.76,0.17,6.56,0.06,13.94,0.6,6.6,14.5,Married,No,Rural,1.64,1.43,5G,OnePlus,Yes,7.5,12.46,Yes,18,99,5.36,global_mobile
10065,UK,55,Female,Doctor,High School,11564.19,6.72,63,0.25,1.1,0.0,1.81,1.29,5.24,0.19,29.64,4.7,4.0,6.84,Married,Yes,Urban,0.65,0.48,4G,Samsung,No,7.5,29.67,Yes,14,119,94.71,global_mobile
10066,Brazil,50,Male,Unemployed,PhD,38790.85,6.58,114,1.79,1.0,0.93,1.27,0.04,4.84,0.0,93.9,0.7,0.4,83.94,Single,Yes,Rural,0.0,0.87,4G,OnePlus,No,2.5,42.12,No,20,90,44.54,global_mobile
10067,Japan,59,Male,Doctor,,47005.77,8.95,105,1.05,1.96,1.17,1.92,4.96,5.22,1.33,31.85,7.3,4.2,56.05,Divorced,No,Rural,2.27,1.18,3G,Apple,Yes,5.5,29.23,Yes,15,74,75.53,global_mobile
10068,Mexico,55,Female,Salesperson,Bachelor's,9517.08,6.12,77,3.24,2.05,0.72,0.86,2.08,6.63,0.69,52.36,4.5,8.4,16.22,Single,Yes,Rural,1.63,0.41,3G,OnePlus,No,2.5,8.02,Yes,16,91,93.7,global_mobile
10069,Nigeria,13,Female,Unemployed,Master's,155.29,6.81,63,4.07,0.89,0.67,1.43,1.9,7.07,0.85,94.57,8.2,1.1,18.05,In Relationship,No,Urban,1.95,0.81,3G,OnePlus,Yes,7.5,1.95,No,9,114,9.58,global_mobile
10070,Brazil,39,Female,Student,,20238.23,4.09,84,2.99,0.55,1.73,1.35,1.2,7.22,1.16,27.86,5.0,6.6,67.93,In Relationship,Yes,Rural,1.5,0.75,3G,OnePlus,No,7.5,33.77,Yes,8,105,21.08,global_mobile
10071,UK,65,Other,Doctor,PhD,48786.48,4.27,50,1.89,2.75,2.68,1.5,3.78,7.57,0.7,87.39,8.2,3.8,38.73,Married,Yes,Rural,0.67,0.16,WiFi,Huawei,No,2.5,19.81,Yes,14,101,11.0,global_mobile
10072,Russia,44,Male,Manager,High School,39615.51,9.74,78,3.01,1.5,2.25,1.31,1.46,8.08,1.55,7.9,6.4,7.8,68.99,Divorced,No,Urban,0.72,0.8,4G,OnePlus,No,9.5,34.63,No,14,48,80.59,global_mobile
10073,China,16,Male,Teacher,High School,0.0,6.28,101,2.08,1.34,2.26,1.34,0.59,5.48,1.93,77.04,5.6,5.4,27.69,Single,No,Rural,0.69,0.3,4G,Apple,Yes,9.5,19.04,Yes,13,145,15.07,global_mobile
10074,UK,47,Other,Manager,Master's,44849.63,4.07,46,2.28,1.09,2.98,1.15,0.57,6.98,1.03,62.33,1.0,6.3,63.99,In Relationship,Yes,Rural,1.4,1.06,WiFi,Apple,Yes,9.5,24.22,No,16,126,38.17,global_mobile
10075,Japan,29,Male,Artist,,35015.0,3.71,89,3.17,3.63,1.5,1.45,0.29,5.45,0.58,64.9,4.0,8.6,35.29,Single,Yes,Rural,2.03,0.72,5G,OnePlus,Yes,2.5,19.58,No,8,107,72.55,global_mobile
10076,USA,29,Male,Manager,Master's,31616.51,7.7,122,3.59,1.33,1.7,1.84,0.56,6.25,0.88,55.45,2.5,6.3,56.5,Married,Yes,Urban,1.87,0.82,4G,Huawei,No,5.5,13.8,Yes,16,139,65.71,global_mobile
10077,China,38,Female,Doctor,High School,29280.66,4.63,94,1.13,0.79,3.15,1.13,2.71,7.16,0.74,88.53,4.3,6.5,46.61,Divorced,No,Rural,1.78,0.9,5G,Other,Yes,7.5,28.34,Yes,15,99,32.92,global_mobile
10078,Japan,68,Female,Artist,Bachelor's,33812.35,9.6,56,1.56,1.24,1.35,0.9,1.69,6.81,0.72,53.56,9.7,2.1,89.63,Married,No,Urban,1.78,0.78,3G,Samsung,No,7.5,31.51,No,19,105,90.51,global_mobile
10079,USA,63,Other,Doctor,High School,34178.38,5.22,100,0.79,0.36,2.05,1.41,1.8,7.09,0.0,94.09,2.3,0.8,60.8,In Relationship,Yes,Rural,1.42,0.65,WiFi,OnePlus,Yes,2.5,20.69,Yes,18,104,73.33,global_mobile
10080,Brazil,41,Female,Teacher,Master's,56991.84,5.99,72,1.75,1.33,0.36,2.18,2.47,6.58,1.2,22.03,9.3,7.8,65.72,In Relationship,Yes,Rural,1.22,0.52,3G,Apple,Yes,9.5,20.12,No,8,71,71.11,global_mobile
10081,Russia,40,Other,Artist,High School,39205.15,4.53,64,2.24,1.73,2.11,1.47,1.32,6.72,1.23,6.98,8.4,8.1,77.15,In Relationship,No,Rural,0.43,1.24,WiFi,Huawei,Yes,2.5,19.75,Yes,8,112,77.84,global_mobile
10082,Brazil,26,Female,Doctor,High School,41868.24,5.68,87,1.92,0.56,4.27,0.96,2.32,5.51,1.12,27.36,4.8,0.1,19.54,In Relationship,No,Urban,1.19,1.11,5G,Huawei,Yes,7.5,12.84,Yes,14,89,47.55,global_mobile
10083,USA,46,Female,Manager,Bachelor's,39494.59,4.61,109,1.97,1.24,2.36,0.95,1.11,6.77,1.33,94.44,1.7,5.1,50.02,In Relationship,No,Rural,1.48,0.35,WiFi,Xiaomi,Yes,7.5,26.3,No,13,44,28.01,global_mobile
10084,USA,59,Female,Teacher,Bachelor's,49427.11,6.8,31,1.81,2.72,2.64,1.71,2.44,5.14,0.94,79.7,8.6,5.2,84.52,In Relationship,Yes,Rural,1.19,0.0,4G,Other,Yes,2.5,33.24,Yes,14,75,54.3,global_mobile
10085,Mexico,12,Female,Teacher,,23264.34,9.8,88,2.53,1.3,3.14,1.82,2.49,6.05,0.39,0.28,5.9,1.2,94.93,Divorced,Yes,Urban,1.68,0.22,5G,Samsung,No,5.5,23.17,No,19,121,77.98,global_mobile
10086,Russia,45,Male,Engineer,,49187.32,4.96,94,1.24,0.64,2.58,1.52,2.77,7.94,0.94,16.4,1.9,4.9,83.53,Married,Yes,Rural,2.18,1.38,WiFi,Samsung,Yes,2.5,20.99,No,9,92,38.39,global_mobile
10087,Russia,12,Male,Unemployed,High School,33210.31,6.69,90,2.12,1.18,1.97,1.58,2.78,6.53,1.23,41.23,8.6,6.0,20.71,Divorced,Yes,Rural,0.35,1.35,5G,Xiaomi,Yes,2.5,36.31,No,20,86,14.96,global_mobile
10088,China,31,Female,Manager,High School,19853.02,7.48,57,0.78,2.53,3.32,1.96,2.19,6.41,1.88,13.82,3.4,8.4,71.97,Married,Yes,Urban,0.0,0.63,3G,OnePlus,Yes,9.5,17.64,No,20,126,3.5,global_mobile
10089,Russia,13,Female,Doctor,,45078.73,4.67,58,0.8,1.61,2.4,1.19,1.68,6.3,0.96,20.18,7.7,5.2,27.53,Divorced,No,Rural,2.47,0.72,4G,Other,Yes,2.5,7.47,No,17,107,30.23,global_mobile
10090,India,43,Male,Student,,40001.47,8.0,54,1.7,2.51,2.81,2.41,1.6,5.0,1.94,82.65,1.7,0.5,34.74,Married,Yes,Urban,0.51,1.27,4G,Other,Yes,2.5,12.85,Yes,12,80,89.22,global_mobile
10091,Germany,45,Other,Unemployed,PhD,22681.57,4.51,74,1.2,1.77,2.1,0.82,2.85,7.41,1.1,24.87,3.5,9.9,41.89,Married,Yes,Urban,1.33,1.31,3G,OnePlus,Yes,2.5,19.68,No,10,84,54.3,global_mobile
10092,UK,34,Male,Teacher,,37654.04,6.09,80,3.49,1.53,2.42,1.77,0.62,5.37,0.66,59.94,3.9,9.7,66.08,Married,No,Rural,0.47,1.25,5G,Huawei,No,5.5,13.4,Yes,12,80,4.15,global_mobile
10093,Mexico,41,Other,Unemployed,Master's,47500.35,7.27,51,2.02,1.41,2.96,0.75,2.89,7.16,0.52,27.59,6.3,4.5,34.64,Divorced,Yes,Urban,0.73,0.83,WiFi,Xiaomi,Yes,9.5,25.44,No,16,109,53.05,global_mobile
10094,USA,46,Male,Artist,High School,24913.49,9.73,113,2.01,0.51,1.01,2.05,1.88,7.42,1.47,54.86,8.5,1.1,1.23,Divorced,No,Urban,1.84,1.08,3G,OnePlus,No,5.5,18.08,Yes,15,108,82.69,global_mobile
10095,UK,65,Male,Engineer,High School,29245.43,9.15,61,1.78,2.55,1.62,1.43,3.54,7.28,0.9,19.26,1.8,6.3,1.79,Divorced,Yes,Rural,0.86,1.44,4G,Xiaomi,Yes,7.5,13.81,No,18,104,58.16,global_mobile
10096,Nigeria,61,Female,Unemployed,Bachelor's,47934.8,2.84,74,1.01,2.07,1.8,1.7,2.2,8.08,1.34,81.58,4.2,6.4,57.63,Married,No,Rural,0.44,0.36,3G,Huawei,No,5.5,16.09,Yes,11,124,10.4,global_mobile
10097,UK,68,Other,Artist,,62572.99,4.89,9,3.03,2.51,2.64,0.66,2.08,6.62,0.41,91.48,4.8,1.6,38.25,Married,No,Urban,1.36,1.32,WiFi,OnePlus,No,5.5,10.06,No,20,108,34.64,global_mobile
10098,UK,29,Female,Unemployed,High School,0.0,6.85,81,2.78,0.16,1.19,1.81,1.59,7.63,0.98,81.2,6.6,8.5,10.32,Divorced,Yes,Urban,0.05,0.53,5G,OnePlus,Yes,5.5,13.82,No,18,85,74.49,global_mobile
10099,Russia,33,Male,Unemployed,Master's,11015.03,7.67,51,1.63,1.11,0.96,2.63,0.91,6.67,0.6,9.33,0.9,2.7,14.66,Single,Yes,Rural,2.26,1.8,3G,Huawei,Yes,7.5,5.42,No,9,109,5.29,global_mobile
10100,Germany,44,Female,Manager,High School,45582.24,5.64,33,0.29,2.67,2.06,1.11,3.34,8.92,0.37,0.6,5.0,4.4,26.55,In Relationship,Yes,Rural,1.52,0.0,3G,OnePlus,Yes,7.5,28.74,Yes,17,137,99.51,global_mobile
10101,Japan,55,Female,Manager,,15099.6,3.88,98,2.73,1.76,0.72,1.5,2.34,5.24,0.69,20.28,0.5,1.0,36.84,Married,Yes,Rural,1.19,0.71,4G,Huawei,No,5.5,25.58,No,8,43,28.86,global_mobile
10102,Japan,47,Other,Unemployed,,31784.28,4.02,106,1.91,1.74,1.38,1.88,0.65,7.34,0.9,75.96,7.6,1.4,23.79,Single,No,Rural,0.73,1.14,WiFi,Huawei,No,2.5,23.66,Yes,19,69,32.8,global_mobile
10103,Brazil,52,Male,Artist,Master's,43330.67,9.93,97,3.25,0.92,3.18,1.74,2.25,7.93,1.15,50.73,6.4,0.1,53.7,Single,No,Urban,1.65,0.51,WiFi,Xiaomi,Yes,2.5,36.03,Yes,12,137,38.23,global_mobile
10104,UK,46,Female,Doctor,High School,19597.85,3.4,101,3.38,2.17,1.21,1.37,1.37,5.11,1.12,53.55,1.1,2.3,20.23,In Relationship,Yes,Urban,1.02,0.48,5G,Xiaomi,No,9.5,10.09,No,20,96,48.08,global_mobile
10105,Nigeria,30,Other,Unemployed,,51452.01,6.64,102,3.78,0.92,1.65,1.59,2.62,6.44,0.64,69.32,9.6,2.5,26.99,In Relationship,Yes,Rural,0.65,0.0,4G,Samsung,No,2.5,29.19,No,12,159,75.97,global_mobile
10106,India,67,Other,Teacher,High School,31561.0,2.32,38,0.92,1.85,3.54,1.47,1.04,5.7,1.4,56.09,8.6,9.9,72.57,Married,No,Urban,0.98,0.68,4G,Xiaomi,Yes,5.5,18.73,No,10,81,52.88,global_mobile
10107,Germany,22,Other,Artist,PhD,31211.77,5.51,1,2.22,1.16,1.56,0.64,3.46,6.65,0.98,57.3,0.9,6.5,35.96,In Relationship,No,Urban,2.73,0.12,WiFi,Xiaomi,No,7.5,10.7,No,16,114,56.04,global_mobile
10108,India,25,Male,Engineer,,33764.87,7.53,66,1.04,2.06,1.68,1.67,4.12,7.74,0.57,65.38,6.8,2.3,91.08,Divorced,No,Urban,3.61,0.01,5G,Apple,No,9.5,40.48,No,18,87,93.27,global_mobile
10109,Mexico,31,Other,Artist,PhD,40698.17,5.37,47,2.36,1.12,3.24,1.35,1.32,8.74,1.49,57.79,8.7,9.3,68.94,Married,Yes,Rural,1.37,0.65,3G,Other,Yes,2.5,29.96,Yes,13,76,87.66,global_mobile
10110,Russia,42,Other,Teacher,Master's,38171.95,5.25,66,2.52,0.0,1.2,1.77,2.08,4.29,0.65,25.76,0.9,2.2,95.88,Married,No,Urban,0.6,1.43,4G,Xiaomi,No,7.5,22.11,No,8,139,54.51,global_mobile
10111,China,23,Female,Artist,High School,25240.61,1.29,99,0.36,1.92,1.45,1.77,0.98,7.15,0.35,71.77,3.8,3.9,70.23,Single,No,Rural,1.19,0.7,5G,Other,Yes,2.5,21.07,Yes,16,57,72.69,global_mobile
10112,Japan,54,Male,Engineer,,7000.46,3.56,114,1.87,1.68,1.56,1.57,2.24,6.11,1.02,32.09,7.9,6.0,76.5,Divorced,No,Urban,0.95,0.41,4G,OnePlus,No,7.5,30.0,No,20,116,8.74,global_mobile
10113,UK,27,Other,Teacher,,31369.91,5.3,97,1.59,3.11,0.62,1.33,0.86,6.76,0.35,33.45,1.3,1.6,97.11,Married,No,Urban,1.72,0.73,WiFi,Xiaomi,No,7.5,24.62,No,17,117,29.18,global_mobile
10114,Nigeria,29,Male,Student,,202.0,6.05,125,1.4,2.3,3.01,0.71,1.2,4.52,1.83,75.48,1.2,3.6,5.37,In Relationship,No,Rural,1.71,0.31,3G,Apple,Yes,9.5,37.08,Yes,15,133,1.72,global_mobile
10115,Nigeria,56,Male,Artist,PhD,16006.75,5.33,26,3.0,1.67,2.44,1.84,1.52,6.66,0.84,27.97,8.1,9.3,33.94,Divorced,Yes,Rural,1.48,1.4,3G,Apple,No,9.5,17.81,Yes,19,84,48.26,global_mobile
10116,Nigeria,18,Female,Engineer,Bachelor's,35403.59,6.39,68,2.0,2.3,1.42,1.08,0.42,6.67,0.77,89.8,5.2,1.8,95.48,In Relationship,Yes,Urban,1.07,0.77,WiFi,Apple,No,2.5,15.68,Yes,13,100,81.47,global_mobile
10117,USA,21,Female,Unemployed,,771.79,6.67,115,1.7,1.44,1.31,1.36,2.09,6.63,0.62,29.21,8.0,6.1,76.13,Divorced,No,Urban,2.18,0.68,3G,Apple,No,9.5,29.5,Yes,16,127,87.6,global_mobile
10118,USA,66,Other,Teacher,Master's,13300.09,2.36,96,2.53,1.86,0.35,1.58,1.64,6.77,0.67,81.16,4.6,8.8,32.06,In Relationship,No,Rural,0.17,0.75,5G,OnePlus,Yes,9.5,17.67,No,8,94,70.73,global_mobile
10119,USA,59,Other,Engineer,Master's,32539.33,7.8,87,2.7,1.42,0.95,2.13,3.35,6.02,1.1,48.49,8.7,3.8,1.82,Married,Yes,Rural,1.45,0.63,3G,Huawei,Yes,2.5,35.16,No,11,78,51.06,global_mobile
10120,Nigeria,54,Male,Manager,Master's,24007.19,8.75,91,2.38,0.0,1.11,1.31,2.78,4.59,0.29,15.1,6.4,9.1,93.06,Divorced,Yes,Urban,0.41,0.71,WiFi,Huawei,Yes,9.5,21.0,Yes,16,83,1.29,global_mobile
10121,UK,40,Female,Manager,,51228.31,6.72,85,2.11,2.68,2.38,1.21,1.97,6.55,0.34,54.54,0.5,9.8,72.87,In Relationship,No,Urban,0.0,1.55,3G,Other,Yes,7.5,12.82,Yes,15,65,14.3,global_mobile
10122,Nigeria,15,Other,Salesperson,High School,34271.01,6.52,65,2.71,1.04,0.39,1.55,0.48,6.76,1.16,95.81,4.8,3.9,32.69,In Relationship,Yes,Rural,2.17,1.51,WiFi,Samsung,No,7.5,15.26,No,19,74,8.92,global_mobile
10123,USA,58,Other,Salesperson,High School,6129.85,5.22,73,2.95,2.26,3.53,1.36,2.1,6.38,1.03,27.49,5.2,9.2,64.11,Divorced,Yes,Rural,1.92,0.79,5G,Apple,No,5.5,16.75,Yes,20,49,72.98,global_mobile
10124,USA,29,Female,Teacher,,28261.03,9.34,122,2.48,1.95,3.96,0.61,1.63,7.48,1.17,89.99,7.0,4.6,93.37,Married,Yes,Rural,0.31,0.0,5G,Apple,Yes,2.5,31.25,Yes,15,124,64.38,global_mobile
10125,Japan,50,Female,Student,Bachelor's,27796.22,2.66,99,2.21,1.48,3.08,0.78,1.12,7.17,1.16,31.21,8.1,8.4,82.27,In Relationship,No,Urban,0.61,0.0,4G,OnePlus,No,7.5,25.06,No,8,113,2.33,global_mobile
10126,Nigeria,68,Female,Artist,,11299.18,6.63,80,2.18,1.53,1.66,1.47,1.86,6.92,0.9,97.82,3.5,5.2,47.92,Single,No,Urban,1.47,0.0,WiFi,Huawei,No,5.5,14.48,No,11,106,32.73,global_mobile
10127,Mexico,41,Other,Doctor,PhD,42775.84,6.32,131,1.73,1.17,0.03,1.4,3.56,6.67,1.64,37.41,2.4,6.8,88.43,Single,Yes,Rural,1.91,0.68,5G,OnePlus,Yes,7.5,44.36,Yes,18,105,47.13,global_mobile
10128,Nigeria,24,Other,Unemployed,PhD,9977.65,3.94,68,2.47,0.0,1.98,1.32,1.2,8.18,0.5,84.04,10.0,5.3,15.3,Divorced,Yes,Urban,1.73,0.0,WiFi,Apple,No,5.5,44.17,No,8,61,74.83,global_mobile
10129,Brazil,16,Female,Teacher,PhD,17617.74,4.41,68,2.26,0.33,1.89,2.11,0.99,5.87,0.33,6.99,1.3,1.2,4.51,In Relationship,No,Urban,0.5,1.98,4G,Apple,Yes,9.5,14.95,Yes,16,99,72.96,global_mobile
10130,USA,21,Female,Unemployed,PhD,23748.29,1.76,79,3.89,1.46,1.11,1.63,2.62,5.3,0.21,70.44,4.5,2.6,24.76,Single,Yes,Urban,0.9,1.08,WiFi,Other,Yes,2.5,39.99,No,11,149,55.98,global_mobile
10131,Japan,33,Male,Unemployed,PhD,22339.09,8.12,98,1.54,0.75,2.57,0.93,3.18,6.29,0.84,62.71,4.7,4.4,65.42,Single,Yes,Rural,3.37,0.29,WiFi,Huawei,Yes,7.5,5.72,Yes,18,79,76.61,global_mobile
10132,Mexico,16,Male,Doctor,High School,32132.87,6.48,51,2.74,0.0,2.43,1.27,2.36,4.54,0.77,25.31,7.8,9.4,22.32,In Relationship,Yes,Rural,1.37,0.0,4G,Apple,Yes,7.5,9.94,Yes,9,140,52.67,global_mobile
10133,UK,36,Male,Engineer,Master's,18520.43,7.64,132,1.36,1.28,0.77,1.81,1.42,5.33,1.25,62.06,1.5,9.9,76.29,Single,Yes,Urban,0.44,0.71,5G,Samsung,No,5.5,35.39,No,15,92,17.71,global_mobile
10134,Brazil,66,Other,Unemployed,PhD,42976.32,7.15,72,0.0,1.43,2.94,1.03,0.07,6.23,1.03,29.44,4.3,9.0,14.26,In Relationship,No,Rural,0.21,0.34,3G,Apple,No,2.5,21.26,Yes,20,87,24.78,global_mobile
10135,UK,31,Female,Engineer,Master's,31112.59,5.73,44,0.17,2.59,1.8,2.0,1.96,6.98,0.65,89.82,2.8,8.9,39.39,Married,No,Urban,1.34,0.61,WiFi,Samsung,Yes,7.5,28.21,No,20,145,80.14,global_mobile
10136,Mexico,58,Male,Engineer,,13616.71,4.97,82,1.59,0.59,2.32,1.42,1.6,6.87,0.5,80.87,3.2,6.8,36.14,Single,Yes,Urban,0.79,1.7,4G,Apple,Yes,9.5,22.02,Yes,13,165,18.89,global_mobile
10137,China,56,Male,Manager,PhD,51876.07,6.16,105,0.0,1.8,0.63,1.54,0.9,7.37,1.22,56.55,4.0,0.9,9.73,Married,No,Rural,2.63,0.53,3G,Samsung,No,9.5,17.04,No,12,104,42.33,global_mobile
10138,India,39,Other,Artist,Bachelor's,27344.71,10.01,62,2.66,1.55,1.52,2.25,0.68,8.02,0.97,99.1,3.3,1.0,72.53,Married,Yes,Urban,0.07,1.51,WiFi,Other,No,9.5,38.26,Yes,16,97,54.48,global_mobile
10139,Mexico,14,Female,Salesperson,High School,37368.01,5.74,96,2.08,2.2,0.69,0.96,2.1,8.81,0.64,73.99,4.5,2.3,30.42,Divorced,Yes,Rural,0.72,0.91,WiFi,Huawei,No,7.5,14.6,Yes,10,113,8.42,global_mobile
10140,UK,43,Female,Teacher,High School,39142.11,8.71,36,0.14,2.33,0.97,0.88,1.83,7.13,0.78,33.72,6.8,1.2,96.29,Divorced,No,Rural,1.69,1.44,5G,Huawei,Yes,5.5,3.74,No,16,130,1.38,global_mobile
10141,India,13,Male,Artist,High School,36994.04,4.61,88,2.42,1.7,2.99,1.85,2.12,5.38,1.08,77.76,7.6,2.3,41.86,Divorced,No,Urban,2.6,0.79,WiFi,Apple,Yes,2.5,23.81,Yes,17,65,73.91,global_mobile
10142,Germany,54,Other,Doctor,,14950.0,5.24,91,0.86,1.69,2.48,2.08,2.89,7.6,1.51,31.03,8.9,2.8,62.76,Single,Yes,Urban,3.04,0.16,5G,Xiaomi,Yes,2.5,25.2,No,18,127,86.27,global_mobile
10143,USA,24,Female,Salesperson,PhD,15987.94,6.52,82,3.89,0.93,1.02,1.43,1.55,5.5,0.0,45.68,8.8,0.9,68.17,Single,Yes,Urban,2.46,1.64,WiFi,Samsung,No,9.5,14.05,Yes,17,136,2.17,global_mobile
10144,USA,21,Other,Doctor,Master's,35265.1,5.31,92,1.68,2.78,1.37,1.31,2.44,6.04,0.63,86.26,7.5,1.2,82.02,Divorced,No,Urban,0.26,0.15,4G,Huawei,No,7.5,30.13,Yes,8,56,92.27,global_mobile
10145,Japan,40,Female,Artist,Bachelor's,0.0,8.75,91,0.95,0.9,1.9,1.93,3.35,6.16,0.08,73.5,3.6,9.3,93.65,Married,No,Urban,1.91,1.05,WiFi,Samsung,Yes,2.5,11.83,No,17,68,82.59,global_mobile
10146,India,53,Male,Manager,,48162.19,9.05,42,1.68,1.89,0.0,2.44,2.16,6.39,1.8,71.2,9.5,3.7,6.67,Married,No,Urban,0.39,0.04,5G,Apple,Yes,2.5,15.37,No,18,71,2.6,global_mobile
10147,Russia,17,Male,Engineer,Bachelor's,48724.89,8.52,64,0.76,2.4,1.97,0.39,1.61,6.92,1.11,82.83,8.6,3.4,53.37,Single,Yes,Rural,0.24,0.76,3G,Other,Yes,9.5,27.44,No,17,132,76.42,global_mobile
10148,Nigeria,17,Male,Doctor,Master's,504.0,7.11,7,2.2,1.16,3.57,1.97,1.82,5.81,1.69,95.15,6.4,6.8,43.98,Divorced,No,Rural,1.01,0.59,5G,Xiaomi,No,2.5,24.45,Yes,18,131,18.0,global_mobile
10149,Japan,14,Female,Teacher,High School,2541.71,7.13,24,2.27,1.65,0.33,1.08,1.99,7.04,0.63,77.79,9.5,9.8,47.75,Divorced,Yes,Rural,1.67,0.07,4G,Apple,Yes,7.5,7.49,Yes,18,146,44.62,global_mobile
10150,Brazil,49,Male,Artist,Master's,30873.55,4.93,49,2.35,0.57,2.32,2.0,1.3,6.92,0.89,57.23,2.9,7.4,61.37,Single,Yes,Urban,1.46,0.63,3G,OnePlus,Yes,2.5,41.33,No,14,144,68.42,global_mobile
10151,Germany,60,Other,Student,PhD,11935.63,9.66,71,1.47,2.69,0.83,1.66,1.1,5.67,0.47,24.37,3.8,5.5,4.35,In Relationship,No,Urban,1.67,0.0,4G,Samsung,No,2.5,12.82,No,20,91,14.07,global_mobile
10152,India,57,Male,Salesperson,PhD,28173.3,3.81,78,1.63,0.8,1.64,1.57,3.38,6.7,0.98,16.96,7.9,7.4,30.15,Single,No,Urban,0.76,1.17,3G,Huawei,Yes,7.5,11.27,Yes,16,88,27.39,global_mobile
10153,Japan,67,Male,Teacher,,19166.46,2.19,68,1.29,4.08,1.11,1.32,3.16,5.24,1.34,53.63,8.8,5.4,20.58,Married,No,Rural,2.6,0.51,3G,Samsung,No,9.5,29.73,Yes,13,100,16.96,global_mobile
10154,Nigeria,68,Female,Manager,PhD,37625.43,6.29,128,4.17,1.26,2.12,1.86,2.73,6.79,0.66,61.13,6.6,9.8,69.23,Single,No,Rural,0.97,1.12,4G,Samsung,Yes,2.5,23.76,Yes,16,67,72.34,global_mobile
10155,Russia,43,Female,Doctor,Master's,56748.47,2.68,75,1.47,2.96,1.95,1.36,2.72,5.75,1.17,80.2,0.6,3.2,18.5,Divorced,Yes,Rural,0.68,1.12,5G,Apple,No,5.5,32.2,Yes,20,117,83.85,global_mobile
10156,India,19,Female,Engineer,PhD,24577.64,4.81,121,0.67,0.0,2.78,1.96,1.46,5.73,2.35,48.57,5.3,1.4,50.53,Single,No,Urban,1.87,1.06,WiFi,Other,Yes,7.5,8.17,Yes,9,82,63.79,global_mobile
10157,Japan,37,Female,Salesperson,Master's,22624.94,4.32,122,1.34,0.0,3.09,1.64,2.23,6.97,0.94,31.57,7.4,0.6,45.61,Divorced,No,Urban,2.4,0.4,WiFi,Samsung,Yes,7.5,23.44,Yes,12,198,21.34,global_mobile
10158,Mexico,22,Female,Doctor,Master's,18971.2,9.1,66,1.74,1.56,1.29,2.16,3.74,6.35,0.25,20.61,1.4,7.8,70.29,Divorced,No,Urban,2.7,1.51,5G,Samsung,No,2.5,29.05,Yes,8,110,45.82,global_mobile
10159,Nigeria,58,Other,Unemployed,Master's,46439.59,8.68,90,2.97,2.43,1.14,1.59,2.36,7.72,1.17,64.34,9.7,3.2,30.87,Divorced,Yes,Urban,2.88,1.23,3G,Huawei,No,7.5,19.68,Yes,20,132,97.65,global_mobile
10160,Nigeria,36,Male,Artist,Master's,16102.23,7.26,69,1.49,0.79,3.61,1.08,0.43,5.81,0.9,30.24,0.3,8.6,71.44,Divorced,No,Rural,0.41,0.0,5G,Huawei,No,5.5,5.4,No,17,94,25.37,global_mobile
10161,Germany,67,Female,Teacher,High School,23786.33,6.35,57,0.97,1.72,1.15,1.2,0.97,6.96,0.81,51.01,5.8,1.4,43.93,Divorced,Yes,Urban,2.38,1.2,3G,Other,Yes,7.5,20.76,Yes,11,48,94.19,global_mobile
10162,Nigeria,41,Female,Student,Bachelor's,53180.9,6.7,74,2.34,0.66,2.79,1.06,1.43,6.17,1.39,41.19,4.3,4.1,80.63,Married,No,Urban,0.32,0.48,3G,Samsung,Yes,5.5,35.09,No,19,79,43.78,global_mobile
10163,Japan,60,Male,Student,PhD,27263.51,5.11,106,2.47,0.0,2.6,1.81,2.19,7.37,1.31,87.4,2.0,5.1,23.53,Single,Yes,Urban,0.37,0.48,WiFi,Samsung,No,2.5,23.45,No,18,128,65.1,global_mobile
10164,USA,69,Female,Artist,High School,31537.71,7.57,102,1.01,1.85,4.17,2.08,2.65,5.52,1.01,21.04,7.9,8.3,68.94,Divorced,Yes,Rural,1.04,1.28,5G,Other,Yes,2.5,3.4,Yes,20,181,35.44,global_mobile
10165,Mexico,62,Male,Salesperson,,41561.46,6.88,121,1.35,0.38,2.12,1.35,2.29,6.84,1.1,41.5,5.8,9.0,89.32,Married,No,Urban,0.28,0.86,5G,OnePlus,Yes,7.5,19.57,Yes,9,52,59.34,global_mobile
10166,UK,26,Male,Engineer,Bachelor's,41267.43,5.87,100,1.57,1.15,3.85,2.39,1.2,6.62,1.01,20.37,9.3,5.5,24.83,Married,Yes,Rural,1.19,1.12,3G,Xiaomi,Yes,2.5,24.1,No,18,73,78.46,global_mobile
10167,UK,12,Female,Teacher,PhD,40804.4,8.75,74,3.07,0.39,1.41,2.07,3.87,5.56,0.93,52.51,2.9,2.6,72.82,Divorced,Yes,Rural,0.06,0.39,WiFi,OnePlus,No,5.5,31.67,No,10,98,57.47,global_mobile
10168,UK,22,Female,Teacher,Bachelor's,20045.99,5.28,80,3.21,0.0,0.82,1.01,1.14,6.31,1.58,34.49,1.6,8.6,35.64,Married,No,Rural,0.96,0.22,5G,Apple,No,5.5,20.03,No,9,146,73.69,global_mobile
10169,Nigeria,39,Female,Doctor,PhD,47662.15,7.19,50,2.84,2.79,2.39,1.09,1.63,5.95,0.71,39.92,7.6,2.0,17.66,Single,Yes,Urban,0.91,1.01,4G,Other,Yes,9.5,15.26,No,9,129,29.27,global_mobile
10170,India,28,Other,Doctor,PhD,32532.36,6.29,87,3.38,1.33,1.58,1.11,1.93,7.32,0.21,83.06,3.5,7.5,41.81,Divorced,No,Rural,0.97,1.45,5G,Huawei,No,5.5,13.04,No,12,135,80.08,global_mobile
10171,Russia,31,Other,Salesperson,Master's,25349.61,6.91,145,1.2,0.0,3.13,1.06,1.39,7.4,0.0,96.93,3.5,6.5,68.07,Divorced,No,Rural,0.23,0.63,5G,OnePlus,No,7.5,18.67,No,8,112,25.86,global_mobile
10172,Japan,46,Other,Salesperson,Bachelor's,9713.13,5.27,79,0.73,2.65,2.66,1.48,0.36,6.08,0.25,0.27,6.8,5.6,43.79,Single,No,Urban,1.26,1.24,3G,OnePlus,No,9.5,27.91,Yes,19,104,70.21,global_mobile
10173,Germany,49,Male,Artist,,28794.37,8.15,108,2.47,0.37,2.31,0.83,3.43,5.5,1.44,17.03,1.4,5.6,8.35,Married,No,Rural,1.07,0.56,WiFi,Apple,No,2.5,24.1,Yes,10,114,51.06,global_mobile
10174,Nigeria,67,Female,Unemployed,,60613.27,7.95,32,0.16,2.54,2.58,1.8,2.59,5.55,0.7,83.46,4.0,7.3,61.95,Married,Yes,Urban,1.69,0.85,WiFi,Huawei,No,7.5,29.01,Yes,17,107,9.68,global_mobile
10175,Japan,68,Other,Manager,,44317.32,8.07,74,1.82,1.46,0.78,1.56,1.11,7.02,1.09,75.84,6.4,7.2,34.09,In Relationship,Yes,Rural,1.39,0.31,4G,OnePlus,Yes,9.5,23.82,Yes,16,112,78.73,global_mobile
10176,Brazil,24,Other,Doctor,PhD,32378.75,5.77,59,2.55,1.97,0.69,1.6,1.47,5.88,0.89,12.71,0.7,3.3,39.24,In Relationship,Yes,Urban,2.64,1.02,4G,Samsung,Yes,7.5,19.39,No,16,103,48.68,global_mobile
10177,Mexico,59,Male,Manager,Bachelor's,65094.79,7.95,80,2.83,2.21,1.45,0.7,2.65,4.78,0.58,67.25,9.8,8.0,41.69,Divorced,Yes,Urban,1.68,1.08,3G,Samsung,Yes,7.5,26.22,No,20,91,49.17,global_mobile
10178,Japan,47,Other,Student,High School,14472.89,6.79,72,1.79,0.54,3.01,1.21,2.11,7.68,0.72,56.06,2.6,2.6,39.59,Single,Yes,Urban,1.99,0.58,WiFi,Huawei,No,2.5,37.56,No,13,70,70.57,global_mobile
10179,Mexico,42,Other,Doctor,Master's,20745.53,9.66,92,1.92,1.64,2.08,1.45,2.36,7.18,0.83,22.51,8.0,2.3,90.0,Married,Yes,Urban,0.7,0.25,3G,OnePlus,No,2.5,26.1,Yes,16,87,65.3,global_mobile
10180,China,68,Male,Teacher,High School,28987.98,5.61,48,0.72,1.73,3.58,1.43,1.24,5.6,0.75,87.1,6.3,0.5,10.21,Single,Yes,Urban,0.85,0.32,WiFi,Samsung,Yes,9.5,39.78,No,18,64,92.25,global_mobile
10181,Nigeria,21,Other,Artist,Master's,58955.14,5.78,95,1.67,1.97,1.73,1.39,3.28,7.39,1.67,32.86,6.2,0.8,36.31,In Relationship,No,Rural,1.23,0.84,WiFi,OnePlus,No,5.5,32.05,No,14,76,48.15,global_mobile
10182,Nigeria,51,Other,Teacher,,21654.28,5.6,40,0.16,2.71,1.71,1.19,2.19,6.17,0.41,77.28,1.6,5.6,19.16,Married,No,Urban,2.07,1.06,4G,Samsung,Yes,7.5,30.9,No,20,63,29.24,global_mobile
10183,Japan,17,Other,Salesperson,High School,36932.58,7.0,85,4.63,1.64,0.93,1.2,1.42,4.53,1.03,0.02,3.2,3.3,38.01,Married,No,Urban,0.68,1.22,3G,Samsung,No,2.5,14.68,No,15,84,36.58,global_mobile
10184,Germany,42,Other,Salesperson,Master's,41118.62,5.43,70,2.24,3.53,2.3,2.21,4.26,5.91,0.75,16.95,9.0,4.3,29.11,Single,No,Urban,1.52,0.87,4G,Apple,No,9.5,20.72,Yes,15,89,27.94,global_mobile
10185,Germany,65,Other,Unemployed,High School,43628.04,11.68,96,2.09,1.78,1.26,1.84,0.63,6.97,1.24,97.94,3.2,9.0,51.38,Married,Yes,Urban,1.85,1.5,WiFi,OnePlus,Yes,9.5,37.99,Yes,9,94,78.35,global_mobile
10186,India,34,Female,Student,PhD,22988.56,9.1,73,0.96,1.06,0.98,1.64,0.19,7.43,0.29,87.17,5.6,8.7,28.24,In Relationship,No,Rural,2.1,1.16,5G,OnePlus,Yes,9.5,35.37,No,16,90,57.28,global_mobile
10187,Russia,40,Male,Engineer,Master's,32864.65,5.94,104,2.16,3.04,1.22,2.31,2.2,7.14,0.66,78.21,5.0,5.2,66.5,Single,Yes,Urban,0.0,0.92,5G,Huawei,No,9.5,32.19,Yes,19,76,63.91,global_mobile
10188,Germany,54,Male,Artist,Master's,59793.68,8.54,101,1.06,1.12,2.58,1.24,2.65,7.78,1.67,18.95,4.1,4.3,94.96,Divorced,Yes,Rural,1.43,1.51,3G,OnePlus,Yes,9.5,24.61,No,11,104,11.82,global_mobile
10189,India,63,Other,Student,Master's,27046.3,5.41,85,2.05,1.03,1.72,0.71,2.92,6.31,0.0,39.32,5.1,5.9,21.71,In Relationship,Yes,Urban,0.61,0.37,WiFi,Xiaomi,No,5.5,34.77,Yes,13,83,70.11,global_mobile
10190,China,68,Other,Manager,,18550.01,6.76,79,0.42,1.74,2.14,1.4,0.44,7.44,1.01,7.13,9.1,0.8,17.43,Married,No,Rural,1.66,0.62,4G,Apple,Yes,9.5,21.51,No,17,98,5.82,global_mobile
10191,Russia,63,Female,Artist,PhD,39737.63,7.68,67,2.93,1.82,3.15,1.83,1.81,6.64,0.81,38.72,0.6,0.8,90.31,Single,No,Rural,1.75,1.15,4G,OnePlus,Yes,5.5,25.83,No,18,87,7.81,global_mobile
10192,China,56,Female,Salesperson,Bachelor's,47587.97,5.82,65,0.5,1.2,2.02,2.05,1.89,5.73,2.56,75.12,0.4,7.1,52.03,Divorced,No,Urban,0.88,0.51,WiFi,OnePlus,No,5.5,33.44,Yes,20,96,10.04,global_mobile
10193,Germany,26,Other,Manager,Master's,11803.61,3.57,85,0.16,0.01,3.98,1.69,2.88,7.13,1.1,47.43,4.5,9.6,49.75,In Relationship,Yes,Urban,2.1,1.21,WiFi,Xiaomi,Yes,9.5,21.53,Yes,11,42,60.74,global_mobile
10194,Mexico,69,Male,Engineer,High School,26439.3,7.68,68,2.46,2.8,2.07,2.16,2.96,6.07,0.84,2.28,2.3,9.8,21.72,Married,Yes,Urban,1.71,1.45,4G,Xiaomi,No,2.5,16.93,No,13,136,15.95,global_mobile
10195,Mexico,13,Male,Doctor,Master's,47456.49,4.32,93,1.43,1.84,2.11,1.57,1.53,6.93,0.31,32.28,1.9,3.2,85.02,Divorced,No,Rural,1.39,0.7,5G,Other,No,9.5,22.76,Yes,14,116,26.66,global_mobile
10196,Japan,37,Other,Student,PhD,24191.28,6.25,69,4.28,0.45,1.63,1.55,0.9,5.64,0.28,37.11,1.5,0.4,73.23,Married,Yes,Rural,1.68,0.64,5G,Samsung,Yes,2.5,28.65,Yes,16,114,52.65,global_mobile
10197,Germany,68,Other,Artist,,34663.81,5.56,66,0.88,1.95,3.32,1.05,0.66,4.68,0.85,74.39,10.0,6.3,92.03,Divorced,Yes,Urban,1.23,0.48,3G,Other,No,7.5,21.32,Yes,13,183,69.23,global_mobile
10198,Nigeria,60,Female,Salesperson,Master's,22230.08,6.87,128,0.79,1.02,2.63,0.96,2.34,7.2,0.84,10.07,1.0,0.7,36.15,Divorced,Yes,Urban,3.52,0.74,3G,Xiaomi,Yes,9.5,26.72,Yes,19,89,6.19,global_mobile
10199,Brazil,65,Female,Artist,Master's,34885.05,7.89,75,0.0,2.32,2.53,1.64,2.59,6.94,0.8,39.63,6.3,6.1,76.7,Married,Yes,Urban,0.0,1.66,4G,OnePlus,Yes,9.5,25.29,No,13,54,55.8,global_mobile
10200,India,28,Other,Manager,High School,37536.79,10.77,85,1.22,0.29,2.54,1.46,1.78,4.67,1.02,1.11,0.1,6.4,66.3,Single,Yes,Rural,0.27,1.3,WiFi,Other,Yes,7.5,44.84,No,12,39,13.41,global_mobile
10201,China,65,Male,Artist,High School,33653.78,4.54,85,3.04,0.5,0.33,1.19,2.53,7.77,1.73,23.38,3.9,3.4,15.5,In Relationship,Yes,Urban,1.86,0.28,3G,OnePlus,No,5.5,29.78,No,18,70,80.19,global_mobile
10202,UK,26,Male,Artist,,13672.22,8.19,39,1.15,1.97,2.17,2.43,1.26,6.95,0.61,95.78,0.2,8.8,81.58,Single,Yes,Urban,1.1,0.63,WiFi,Other,Yes,7.5,33.76,Yes,12,119,87.39,global_mobile
10203,China,42,Female,Student,,24533.96,7.16,80,1.42,2.02,1.39,1.31,0.45,6.53,1.66,36.8,6.5,5.2,3.31,In Relationship,Yes,Rural,2.29,0.76,5G,Apple,Yes,7.5,27.24,Yes,17,103,51.97,global_mobile
10204,India,46,Other,Teacher,Master's,37563.6,5.1,71,0.38,1.98,1.59,2.06,1.25,7.25,0.55,53.61,6.4,9.0,99.28,Married,No,Urban,1.63,0.97,4G,Samsung,Yes,7.5,24.52,Yes,12,68,64.76,global_mobile
10205,China,17,Other,Salesperson,Master's,42515.27,5.28,99,1.96,1.05,0.0,1.4,2.01,6.06,1.73,29.23,9.2,4.1,51.56,Divorced,Yes,Urban,2.01,0.29,3G,Samsung,Yes,7.5,35.97,Yes,8,179,18.31,global_mobile
10206,Nigeria,62,Other,Student,Bachelor's,26973.99,3.72,30,2.71,2.56,2.74,0.49,1.59,8.33,0.93,33.23,10.0,1.0,27.48,Married,Yes,Urban,0.84,0.0,WiFi,Apple,Yes,7.5,32.91,Yes,13,149,1.7,global_mobile
10207,Japan,25,Other,Unemployed,High School,52585.33,5.07,68,2.75,0.91,1.88,1.4,0.7,6.79,0.93,88.08,4.8,7.3,81.65,Single,Yes,Urban,1.14,0.62,3G,Samsung,No,5.5,19.02,Yes,12,79,72.15,global_mobile
10208,Nigeria,28,Other,Artist,PhD,7814.94,7.93,59,3.28,1.67,2.18,1.68,3.4,5.54,1.27,22.16,0.2,2.8,20.25,Single,No,Rural,1.53,0.43,WiFi,Huawei,No,7.5,26.35,Yes,12,82,65.69,global_mobile
10209,Japan,65,Other,Doctor,PhD,57158.18,6.56,58,1.84,0.92,2.5,0.98,2.46,7.63,1.11,94.53,8.6,8.9,28.52,Divorced,No,Rural,0.91,1.29,5G,Other,No,9.5,26.32,No,13,132,69.49,global_mobile
10210,Mexico,22,Female,Artist,,43774.29,6.13,89,2.27,1.69,2.92,1.78,2.87,6.12,0.87,49.7,2.9,3.0,29.53,Single,Yes,Rural,2.26,1.36,4G,Other,Yes,5.5,5.6,No,19,94,24.46,global_mobile
10211,Nigeria,60,Other,Student,High School,44491.93,8.12,64,0.2,2.24,1.94,2.47,1.87,4.48,0.59,30.93,1.5,5.2,0.63,Married,Yes,Urban,2.71,0.42,5G,Huawei,No,5.5,0.0,Yes,17,87,86.04,global_mobile
10212,Russia,29,Other,Student,High School,19404.44,7.28,103,3.38,2.05,2.82,1.61,2.61,4.75,0.17,79.48,2.3,3.7,36.96,Married,Yes,Rural,2.33,0.11,4G,Other,No,5.5,26.14,No,10,55,40.41,global_mobile
10213,China,35,Female,Unemployed,Master's,36983.68,5.88,103,2.45,2.11,0.0,0.83,2.79,7.67,1.17,21.0,8.3,8.5,99.86,Single,No,Urban,1.11,0.49,WiFi,Apple,No,9.5,27.92,Yes,20,70,33.32,global_mobile
10214,UK,38,Other,Doctor,High School,15788.31,5.98,34,1.56,1.68,2.52,1.41,3.57,7.01,1.1,92.9,9.0,1.5,45.66,In Relationship,Yes,Rural,0.56,0.37,WiFi,Apple,No,2.5,42.64,No,11,130,10.44,global_mobile
10215,UK,56,Other,Salesperson,Master's,38135.03,2.42,69,0.34,0.52,2.83,2.76,2.85,7.25,1.28,0.02,3.6,7.6,89.49,Single,No,Urban,1.81,0.25,3G,Xiaomi,No,5.5,20.18,No,19,139,34.35,global_mobile
10216,Nigeria,31,Female,Teacher,High School,37119.7,6.15,70,1.57,0.56,1.23,1.52,1.94,6.58,1.12,28.07,6.1,0.9,80.04,Married,Yes,Rural,2.36,0.89,3G,Other,No,9.5,26.37,Yes,20,139,64.82,global_mobile
10217,Brazil,46,Male,Engineer,,21277.66,2.11,51,2.49,2.0,2.74,1.73,2.43,6.17,1.05,9.05,8.1,2.3,24.86,Single,Yes,Rural,1.92,0.25,5G,Apple,Yes,9.5,36.68,No,16,68,26.67,global_mobile
10218,USA,18,Male,Student,,10427.98,8.88,73,2.64,1.78,3.01,1.84,0.78,6.38,1.9,17.76,9.0,4.0,30.1,Single,Yes,Rural,1.72,0.37,5G,Apple,Yes,5.5,14.6,No,9,61,57.72,global_mobile
10219,China,30,Female,Manager,,18210.16,7.54,120,1.52,2.8,3.79,1.18,2.53,6.86,2.46,20.37,8.8,3.7,8.37,Single,No,Rural,1.2,0.6,WiFi,OnePlus,No,5.5,30.4,No,12,93,24.12,global_mobile
10220,Germany,28,Female,Manager,,29502.45,2.49,62,3.67,0.48,1.73,1.82,2.91,8.88,1.12,48.57,3.5,6.8,30.89,Divorced,Yes,Urban,1.68,0.67,4G,Other,No,7.5,13.38,No,17,58,23.55,global_mobile
10221,Germany,68,Male,Engineer,High School,42802.14,3.32,78,1.48,3.4,0.06,1.96,3.06,7.55,0.62,52.16,9.6,8.6,51.66,Single,No,Urban,2.11,2.08,WiFi,OnePlus,Yes,7.5,18.41,Yes,15,114,43.19,global_mobile
10222,Russia,23,Female,Artist,High School,34731.25,7.83,42,3.09,1.61,2.76,1.31,4.11,6.91,1.11,33.63,6.3,4.9,68.24,Married,Yes,Rural,1.39,0.8,4G,Samsung,No,5.5,35.25,Yes,19,122,15.39,global_mobile
10223,USA,59,Male,Teacher,High School,35361.13,2.83,70,3.01,1.96,2.93,1.77,3.56,5.49,1.93,61.65,5.8,1.2,57.15,Married,Yes,Rural,0.32,1.08,4G,Huawei,Yes,7.5,16.63,Yes,10,137,23.26,global_mobile
10224,Germany,35,Other,Manager,,27182.83,3.52,74,0.48,1.28,0.0,1.54,1.93,5.78,1.2,44.88,6.0,1.1,43.48,Married,No,Urban,2.29,0.52,WiFi,Huawei,No,5.5,31.56,No,15,120,75.85,global_mobile
10225,USA,62,Other,Salesperson,Master's,37021.4,9.02,98,3.13,1.83,0.66,1.74,3.41,7.69,0.24,51.69,8.6,6.4,60.2,Divorced,No,Rural,2.03,0.0,WiFi,Other,Yes,7.5,29.32,No,17,116,1.41,global_mobile
10226,UK,65,Male,Student,High School,31986.58,6.37,89,1.66,0.0,0.29,0.79,0.62,8.08,1.23,56.32,3.6,2.0,23.5,Divorced,Yes,Urban,0.67,0.37,5G,Apple,Yes,9.5,12.97,No,18,96,17.34,global_mobile
10227,Brazil,16,Female,Artist,Bachelor's,12547.06,1.57,94,1.01,2.07,1.38,1.53,3.41,6.52,0.8,54.54,9.7,9.1,46.58,Divorced,No,Rural,1.56,0.7,5G,Samsung,Yes,7.5,17.46,No,17,96,0.18,global_mobile
10228,USA,25,Female,Salesperson,Master's,28094.65,5.5,89,0.0,2.87,2.76,2.23,1.88,6.71,1.43,33.66,9.2,2.1,50.12,Divorced,Yes,Rural,1.23,1.13,4G,Samsung,No,9.5,42.69,Yes,20,95,2.84,global_mobile
10229,India,50,Male,Salesperson,PhD,42265.36,7.46,79,2.29,2.8,0.19,1.95,1.98,7.78,1.59,90.39,2.2,5.3,69.01,Married,No,Rural,1.13,0.95,4G,Apple,No,9.5,30.06,Yes,13,140,77.57,global_mobile
10230,Japan,57,Female,Engineer,PhD,65170.52,9.73,129,2.03,1.25,2.61,1.44,2.92,7.08,2.46,49.45,6.3,4.5,45.78,Married,No,Urban,2.3,1.62,5G,Huawei,No,7.5,16.07,No,13,106,75.7,global_mobile
10231,Brazil,60,Other,Unemployed,PhD,19180.34,5.4,101,1.47,1.33,2.17,1.0,3.02,7.91,0.76,88.78,1.8,9.7,53.81,Single,Yes,Rural,1.42,1.03,3G,Xiaomi,Yes,7.5,16.62,Yes,8,104,16.53,global_mobile
10232,UK,52,Other,Artist,Bachelor's,23797.15,6.95,91,1.69,0.14,2.78,1.92,4.17,8.91,1.67,0.7,2.5,6.4,4.73,Married,No,Urban,1.87,1.16,WiFi,Huawei,No,7.5,13.91,No,16,72,72.38,global_mobile
10233,Russia,31,Male,Teacher,Bachelor's,26216.24,2.49,76,0.71,2.27,1.02,1.01,2.32,7.69,1.84,66.57,1.4,6.0,63.99,Married,No,Urban,2.59,0.8,5G,OnePlus,Yes,7.5,27.88,Yes,17,98,63.61,global_mobile
10234,China,43,Female,Manager,Bachelor's,47517.35,4.84,109,1.92,0.0,2.5,0.25,2.1,7.48,0.84,91.0,8.3,1.6,51.97,Divorced,No,Rural,1.51,0.89,3G,OnePlus,No,7.5,33.01,No,12,97,6.08,global_mobile
10235,Nigeria,46,Male,Student,Master's,47614.59,4.04,95,2.75,2.0,0.36,1.79,1.51,5.43,0.99,90.96,8.1,7.9,49.53,In Relationship,Yes,Urban,0.54,1.13,4G,Apple,No,9.5,16.03,Yes,8,148,88.61,global_mobile
10236,USA,20,Male,Engineer,Master's,41700.46,5.94,88,2.75,0.0,1.81,1.33,3.4,7.07,0.55,37.13,2.5,8.0,10.3,Divorced,No,Urban,1.7,1.01,WiFi,Other,Yes,9.5,31.36,Yes,15,113,41.78,global_mobile
10237,Nigeria,30,Female,Student,High School,32634.17,3.43,98,1.85,0.21,2.88,1.01,2.7,6.17,1.22,25.59,2.2,8.4,86.58,Married,Yes,Rural,1.74,1.49,5G,Other,No,7.5,40.63,No,19,97,40.49,global_mobile
10238,Japan,70,Other,Doctor,High School,31819.38,5.61,95,3.04,0.0,4.13,1.58,3.19,5.99,1.45,57.32,8.7,5.7,75.67,Single,No,Urban,1.52,1.18,3G,Samsung,Yes,9.5,30.94,No,9,110,14.52,global_mobile
10239,UK,33,Female,Salesperson,High School,30239.94,8.49,86,1.83,0.18,2.47,1.97,2.81,4.22,0.95,17.66,2.4,0.6,1.37,Divorced,Yes,Rural,0.37,0.46,5G,Other,Yes,9.5,16.63,Yes,16,91,73.53,global_mobile
10240,Nigeria,52,Other,Manager,,8482.3,4.55,53,1.83,2.82,3.71,2.02,0.63,7.26,0.43,4.99,8.5,1.5,80.05,Single,Yes,Urban,0.76,1.12,3G,Other,Yes,2.5,17.98,Yes,13,101,87.67,global_mobile
10241,India,49,Female,Engineer,,0.0,9.56,79,1.57,0.69,3.01,1.62,1.64,6.5,0.28,76.49,9.5,5.3,35.35,Married,Yes,Rural,0.76,0.55,5G,OnePlus,No,2.5,33.37,Yes,15,125,59.68,global_mobile
10242,Nigeria,30,Male,Unemployed,Master's,37882.47,5.57,88,2.93,2.5,0.22,0.89,3.14,4.86,1.72,34.32,8.0,6.4,15.31,Married,No,Rural,2.38,0.37,4G,Xiaomi,No,2.5,19.46,Yes,8,92,57.77,global_mobile
10243,Nigeria,15,Female,Manager,,57338.82,6.04,74,0.57,1.89,1.06,1.95,0.63,6.01,0.78,71.95,4.2,3.7,15.95,Single,Yes,Urban,2.49,1.04,3G,Apple,No,5.5,24.59,Yes,15,68,32.3,global_mobile
10244,Russia,17,Male,Engineer,Master's,29990.71,7.48,100,2.88,1.76,1.48,1.72,0.15,5.72,0.66,81.87,6.2,6.8,68.11,Married,Yes,Urban,2.93,0.55,4G,Samsung,Yes,2.5,37.71,Yes,10,74,55.67,global_mobile
10245,Nigeria,18,Female,Salesperson,Bachelor's,13546.13,4.52,87,2.42,1.59,3.13,1.24,2.32,7.6,0.81,27.97,7.1,0.7,18.5,Single,No,Urban,2.39,0.78,4G,Huawei,Yes,9.5,15.95,Yes,20,70,67.42,global_mobile
10246,UK,55,Male,Artist,PhD,25616.62,2.59,59,3.52,2.09,4.31,1.79,1.26,7.21,1.74,9.99,1.6,3.6,70.08,Single,Yes,Urban,0.78,0.54,WiFi,Samsung,No,7.5,10.7,Yes,13,122,73.21,global_mobile
10247,USA,57,Female,Student,High School,37125.02,3.92,129,1.59,0.67,2.3,1.34,3.46,4.91,1.53,74.62,1.3,3.7,86.45,In Relationship,No,Urban,0.0,0.52,5G,Other,Yes,7.5,34.52,No,8,138,73.9,global_mobile
10248,Brazil,48,Male,Teacher,PhD,31289.92,8.03,81,2.36,0.0,2.87,2.82,0.03,6.67,1.19,72.55,2.1,0.1,30.9,Divorced,Yes,Urban,0.66,0.94,WiFi,Xiaomi,Yes,9.5,36.85,Yes,8,79,10.05,global_mobile
10249,UK,69,Male,Artist,PhD,13402.21,4.65,71,3.95,1.11,0.49,1.6,1.71,4.53,1.33,39.58,2.1,5.6,15.92,Divorced,No,Rural,3.58,1.16,4G,Huawei,Yes,7.5,26.18,Yes,17,110,28.31,global_mobile
10250,Germany,40,Other,Teacher,,50838.98,6.99,96,1.66,3.01,1.25,1.85,3.78,6.74,0.89,14.17,7.4,4.9,94.56,Divorced,No,Urban,1.98,0.54,WiFi,Other,No,5.5,35.64,Yes,10,100,99.0,global_mobile
10251,Japan,33,Male,Artist,PhD,16641.3,6.64,104,4.84,1.14,1.62,1.85,1.76,6.05,0.39,68.58,3.4,1.9,4.03,Divorced,Yes,Urban,2.04,0.0,4G,Samsung,Yes,2.5,11.19,No,20,85,8.81,global_mobile
10252,Russia,50,Other,Engineer,High School,47433.63,5.52,72,1.16,0.0,3.97,1.67,3.02,5.28,0.35,26.6,3.8,4.5,2.68,Married,No,Rural,0.32,0.78,4G,OnePlus,Yes,5.5,22.57,No,10,100,55.83,global_mobile
10253,India,49,Other,Artist,,52141.42,4.05,81,2.58,1.67,3.22,1.55,3.02,5.97,2.25,5.67,2.5,7.0,77.47,Divorced,Yes,Rural,1.82,1.22,WiFi,Xiaomi,Yes,9.5,25.97,Yes,17,93,11.93,global_mobile
10254,Germany,47,Other,Engineer,Master's,15198.67,6.09,81,3.08,2.33,2.95,1.88,2.06,6.32,0.97,45.57,8.2,0.3,7.9,Divorced,No,Rural,0.68,1.08,WiFi,Huawei,No,9.5,12.55,Yes,8,99,92.4,global_mobile
10255,Germany,60,Female,Student,Master's,22139.75,5.42,56,2.96,1.74,2.57,1.72,3.07,6.71,0.98,41.27,2.2,7.6,44.67,Divorced,Yes,Urban,0.95,0.91,4G,OnePlus,No,5.5,34.47,No,14,141,4.0,global_mobile
10256,China,47,Male,Student,PhD,31062.84,5.61,88,0.39,0.59,2.4,2.05,3.06,5.65,1.64,84.92,8.9,5.6,72.24,Single,Yes,Urban,2.09,0.58,4G,Huawei,Yes,7.5,10.05,Yes,14,55,17.03,global_mobile
10257,India,58,Female,Teacher,High School,35344.37,8.5,118,2.13,1.03,0.45,2.36,0.89,7.16,0.65,69.95,8.6,1.5,98.25,Divorced,No,Urban,1.83,0.81,4G,Huawei,No,2.5,22.28,No,16,110,85.59,global_mobile
10258,Brazil,25,Female,Teacher,Master's,36665.29,7.64,90,3.82,1.62,1.68,1.27,2.95,6.28,0.74,18.71,1.6,0.6,50.12,Single,Yes,Rural,0.05,0.0,3G,Other,No,5.5,21.74,No,18,54,44.49,global_mobile
10259,Japan,29,Other,Salesperson,High School,22482.97,7.85,70,0.67,2.35,1.08,0.67,4.42,6.26,1.01,41.06,2.5,4.8,51.93,In Relationship,No,Urban,0.79,0.7,5G,Other,Yes,7.5,13.26,Yes,19,159,10.39,global_mobile
10260,Russia,69,Other,Teacher,,32848.65,3.23,69,3.3,3.13,2.17,0.78,2.52,8.85,1.44,48.56,1.4,9.5,93.4,Single,No,Urban,1.11,1.2,4G,OnePlus,No,2.5,31.74,No,16,92,8.68,global_mobile
10261,USA,56,Male,Unemployed,High School,26805.8,4.49,64,2.4,3.19,1.27,1.53,3.98,6.19,1.06,29.32,4.9,7.0,29.83,Single,No,Urban,0.83,0.78,4G,Apple,No,2.5,17.74,No,13,95,67.75,global_mobile
10262,Brazil,62,Female,Engineer,PhD,33825.94,5.92,83,0.59,1.13,0.93,2.36,0.0,6.22,1.74,20.12,7.9,5.1,68.53,Single,No,Rural,1.83,0.08,WiFi,Huawei,No,9.5,32.21,Yes,20,89,2.38,global_mobile
10263,Mexico,44,Male,Teacher,Master's,16108.12,2.79,70,1.94,0.67,0.0,0.95,1.48,6.09,1.1,37.22,7.4,4.0,73.47,Single,Yes,Urban,2.38,0.81,3G,Apple,No,9.5,37.64,Yes,20,69,24.82,global_mobile
10264,Mexico,29,Female,Unemployed,Master's,11352.4,6.1,98,2.38,2.27,1.41,0.87,3.89,6.29,0.88,53.78,1.8,4.6,5.32,Single,No,Urban,2.69,0.31,WiFi,Apple,Yes,7.5,9.17,No,12,178,72.02,global_mobile
10265,China,41,Female,Student,Bachelor's,40328.37,6.6,75,2.2,2.62,1.0,0.9,1.75,6.43,1.54,70.56,5.7,1.4,82.06,In Relationship,Yes,Urban,0.67,0.81,3G,Apple,Yes,7.5,26.25,No,17,149,89.04,global_mobile
10266,Russia,24,Other,Teacher,Master's,27488.26,6.3,28,0.0,1.11,2.97,1.88,2.15,8.16,1.98,44.28,8.0,6.8,46.92,Married,No,Urban,1.7,0.99,4G,Samsung,No,9.5,20.9,No,15,76,27.49,global_mobile
10267,Japan,42,Other,Unemployed,PhD,28712.39,8.08,76,0.5,1.87,2.14,1.87,1.59,6.81,0.84,86.52,5.9,9.2,81.88,Single,Yes,Rural,2.46,1.68,3G,Apple,No,7.5,28.18,No,11,46,42.55,global_mobile
10268,China,32,Female,Unemployed,Master's,53300.18,9.99,51,1.51,0.74,2.29,1.3,1.69,5.44,1.12,60.9,9.9,0.9,72.27,Single,Yes,Rural,1.85,0.0,3G,Huawei,No,5.5,17.19,Yes,14,121,29.32,global_mobile
10269,Brazil,34,Other,Engineer,Master's,23795.73,4.04,107,2.47,0.0,1.42,1.6,1.0,6.32,0.69,94.19,6.4,9.1,12.51,Married,Yes,Rural,2.73,1.58,3G,Xiaomi,Yes,7.5,28.33,Yes,10,105,95.87,global_mobile
10270,Japan,19,Female,Artist,Bachelor's,50275.81,2.99,80,0.0,3.32,0.54,1.73,0.0,5.7,1.31,43.91,7.7,8.7,75.04,In Relationship,Yes,Rural,1.75,0.49,4G,Huawei,No,7.5,14.18,Yes,8,56,20.23,global_mobile
10271,USA,60,Other,Engineer,High School,33861.48,4.55,65,1.97,0.81,2.06,0.72,1.89,5.45,1.71,41.57,7.0,4.5,62.39,Married,Yes,Rural,0.58,0.6,3G,OnePlus,Yes,7.5,33.56,Yes,17,91,4.89,global_mobile
10272,India,43,Male,Engineer,Master's,41955.81,9.83,68,1.64,1.3,3.38,2.0,1.99,6.11,0.52,48.02,2.4,7.7,46.05,In Relationship,Yes,Urban,3.09,0.86,3G,Xiaomi,Yes,7.5,24.36,No,19,116,0.01,global_mobile
10273,Russia,21,Female,Teacher,Master's,41358.1,4.75,110,2.95,1.59,1.78,0.71,2.41,5.63,1.62,79.09,5.7,7.8,11.24,Married,No,Urban,2.25,0.49,3G,Huawei,No,5.5,25.34,No,9,150,84.65,global_mobile
10274,India,64,Female,Teacher,Bachelor's,19580.44,9.02,79,3.35,1.89,2.34,1.13,1.12,7.85,0.43,3.56,1.0,3.3,37.16,Divorced,Yes,Urban,1.3,1.67,4G,Other,No,7.5,21.66,Yes,13,128,4.72,global_mobile
10275,Mexico,64,Other,Manager,,27991.8,5.71,67,3.34,2.69,2.5,1.94,1.62,4.55,1.33,2.78,4.7,4.3,35.14,Single,Yes,Urban,1.34,1.76,WiFi,Samsung,No,9.5,50.24,No,9,68,98.28,global_mobile
10276,USA,27,Other,Manager,Master's,31307.43,2.62,56,0.0,0.41,1.82,2.74,2.39,5.78,1.42,77.01,5.1,8.3,41.57,In Relationship,No,Urban,2.21,0.41,4G,OnePlus,Yes,5.5,27.63,No,11,93,70.35,global_mobile
10277,Nigeria,27,Female,Unemployed,High School,23850.44,3.45,88,0.44,1.56,1.94,1.82,2.61,7.71,0.33,62.67,5.4,5.9,57.99,Married,No,Rural,1.16,0.0,4G,OnePlus,No,5.5,26.51,Yes,15,116,7.66,global_mobile
10278,Germany,67,Female,Engineer,Master's,28109.78,6.1,84,2.64,1.79,2.73,2.35,0.48,5.04,0.63,21.33,5.6,3.8,11.16,Married,No,Urban,1.09,1.38,5G,Apple,Yes,7.5,27.73,Yes,9,92,43.81,global_mobile
10279,Brazil,22,Female,Doctor,,18672.84,8.22,108,1.53,1.14,2.26,1.67,1.11,5.39,0.43,46.37,1.4,3.6,25.36,Divorced,No,Rural,0.9,2.01,5G,Xiaomi,Yes,2.5,19.46,No,17,101,24.59,global_mobile
10280,Russia,34,Other,Salesperson,Bachelor's,41093.56,8.9,89,2.32,2.15,2.08,2.66,1.48,6.55,0.69,46.28,0.7,7.3,43.13,In Relationship,No,Rural,1.41,0.57,4G,Apple,No,7.5,18.47,No,12,72,57.43,global_mobile
10281,UK,59,Other,Manager,PhD,20499.24,5.9,48,2.95,2.59,1.74,1.01,1.03,5.63,0.63,12.12,5.8,4.2,4.58,Divorced,Yes,Urban,1.34,0.63,3G,Huawei,No,7.5,16.59,Yes,17,52,39.78,global_mobile
10282,Germany,67,Other,Artist,High School,62116.21,8.23,46,3.03,0.89,3.09,1.24,1.71,4.78,1.32,46.72,8.2,8.8,89.83,Divorced,No,Rural,0.93,0.62,5G,OnePlus,No,5.5,26.21,No,9,166,73.34,global_mobile
10283,UK,17,Male,Engineer,High School,16500.03,3.11,67,1.4,0.0,3.67,1.32,4.38,4.88,0.41,62.31,6.0,3.1,3.91,Divorced,No,Urban,2.12,0.63,WiFi,Apple,Yes,9.5,25.45,Yes,20,108,33.73,global_mobile
10284,UK,61,Male,Unemployed,Master's,45589.83,5.42,40,1.76,0.0,1.37,1.6,2.05,7.99,0.37,71.85,0.8,6.0,12.15,Divorced,No,Urban,1.63,0.44,5G,OnePlus,No,5.5,16.54,Yes,11,132,29.09,global_mobile
10285,Germany,42,Other,Engineer,PhD,14040.7,5.26,90,0.44,1.41,1.89,1.22,1.86,4.81,1.44,85.04,2.8,9.1,83.71,Divorced,Yes,Rural,1.87,1.15,5G,Apple,No,7.5,48.06,No,19,44,69.86,global_mobile
10286,India,58,Female,Artist,,19905.53,7.0,123,1.45,1.7,1.85,1.35,2.81,6.09,0.58,73.31,3.7,1.9,34.27,In Relationship,No,Rural,1.3,0.94,3G,Other,No,2.5,14.56,Yes,20,107,44.16,global_mobile
10287,Mexico,63,Other,Teacher,Bachelor's,20855.53,4.67,78,1.58,1.4,1.01,1.57,3.81,5.69,0.84,63.07,6.5,7.0,17.6,In Relationship,Yes,Rural,2.14,1.05,WiFi,Other,Yes,7.5,51.28,No,15,130,83.06,global_mobile
10288,Germany,21,Female,Salesperson,,44876.38,8.41,65,1.27,0.0,3.31,1.67,3.04,6.14,0.83,15.33,4.7,8.5,4.91,Single,Yes,Urban,0.9,1.02,WiFi,Huawei,No,5.5,35.28,No,16,138,68.58,global_mobile
10289,USA,68,Female,Salesperson,High School,36096.35,6.32,75,2.0,2.48,0.99,0.9,0.82,6.98,1.39,82.32,9.3,4.3,93.75,Single,Yes,Rural,0.82,0.0,WiFi,Other,Yes,7.5,8.04,Yes,12,133,70.75,global_mobile
10290,Germany,51,Female,Student,High School,21233.04,6.74,59,1.45,2.31,1.15,1.85,3.11,5.8,0.8,8.79,1.4,3.5,54.28,Divorced,Yes,Rural,0.98,1.3,3G,Xiaomi,No,5.5,19.91,No,18,39,62.28,global_mobile
10291,Nigeria,27,Other,Doctor,PhD,29236.73,8.26,106,2.57,1.35,2.55,1.12,0.56,7.03,1.95,75.29,4.3,1.9,27.65,Single,No,Urban,1.72,0.63,WiFi,Huawei,No,2.5,25.08,Yes,16,66,88.64,global_mobile
10292,UK,26,Male,Doctor,Master's,25909.89,6.67,54,0.56,1.65,3.22,1.31,0.0,7.0,1.02,24.43,6.9,3.7,51.23,Single,Yes,Urban,1.63,0.0,WiFi,Other,No,5.5,15.88,No,18,162,38.38,global_mobile
10293,Russia,62,Other,Manager,Bachelor's,17082.97,7.97,105,1.71,0.0,2.03,1.93,2.77,8.22,0.74,23.89,9.4,4.0,55.22,Single,No,Rural,0.24,0.47,WiFi,OnePlus,Yes,9.5,7.93,Yes,16,52,65.22,global_mobile
10294,India,63,Other,Teacher,Master's,12843.68,5.18,75,1.9,1.58,1.99,1.04,1.23,7.04,1.84,76.11,3.5,9.3,77.99,Divorced,No,Rural,1.07,1.16,WiFi,Xiaomi,No,9.5,10.28,No,18,67,5.2,global_mobile
10295,India,48,Female,Manager,PhD,23104.13,6.08,53,2.79,1.09,1.73,1.54,2.99,7.15,1.05,58.21,6.5,5.4,79.02,Married,Yes,Urban,1.68,0.54,3G,Apple,Yes,9.5,10.82,No,11,162,14.54,global_mobile
10296,Brazil,65,Male,Manager,PhD,11836.92,8.1,123,1.58,1.53,2.34,1.26,0.61,6.02,0.49,27.41,3.8,7.7,4.77,Single,No,Urban,0.47,0.0,4G,Huawei,No,9.5,40.33,No,16,63,56.39,global_mobile
10297,USA,25,Female,Engineer,Bachelor's,27005.21,7.89,114,3.11,1.68,1.23,0.44,1.52,7.34,1.66,65.83,8.0,7.8,31.08,In Relationship,Yes,Urban,1.69,0.63,WiFi,Xiaomi,Yes,2.5,26.06,Yes,17,98,13.18,global_mobile
10298,UK,15,Female,Artist,,21108.25,5.24,60,0.0,1.38,1.99,1.08,3.29,7.61,1.09,75.21,1.3,4.4,36.84,Divorced,Yes,Rural,1.73,1.51,4G,Apple,Yes,9.5,18.02,Yes,16,111,84.03,global_mobile
10299,Japan,53,Female,Salesperson,High School,6492.22,4.21,90,3.39,0.65,1.9,0.82,3.22,6.46,0.87,92.96,5.3,4.3,57.92,Divorced,No,Urban,0.49,0.69,3G,Xiaomi,Yes,2.5,26.99,Yes,20,73,88.16,global_mobile
10300,Mexico,53,Male,Engineer,High School,15269.11,6.93,56,1.72,1.35,2.97,1.59,1.11,5.49,1.13,55.51,4.0,0.8,46.7,Married,No,Urban,2.39,0.96,WiFi,Huawei,Yes,7.5,23.78,No,13,91,18.4,global_mobile
10301,Mexico,13,Male,Student,PhD,41582.54,8.97,89,2.49,2.83,2.05,1.35,3.52,6.09,1.32,17.89,3.9,8.8,86.96,Single,Yes,Urban,1.25,1.11,WiFi,Samsung,Yes,9.5,22.82,No,18,97,90.4,global_mobile
10302,Brazil,26,Male,Student,Bachelor's,0.0,5.48,80,3.23,1.51,1.53,1.04,1.57,6.39,1.83,81.59,5.1,3.7,8.37,Divorced,Yes,Rural,1.08,0.12,5G,Apple,Yes,9.5,25.91,Yes,19,110,0.41,global_mobile
10303,Nigeria,66,Male,Engineer,Master's,29493.1,7.12,77,2.11,1.73,0.54,0.63,2.49,5.87,1.04,90.34,0.9,4.8,83.59,Divorced,Yes,Rural,1.89,0.08,4G,Apple,Yes,5.5,27.37,No,9,107,90.6,global_mobile
10304,UK,68,Male,Artist,Bachelor's,45049.37,6.32,108,2.24,2.59,1.57,1.56,2.01,7.04,1.43,66.95,6.1,8.7,23.05,In Relationship,No,Urban,1.23,1.85,WiFi,Other,Yes,7.5,44.86,Yes,18,102,68.13,global_mobile
10305,Nigeria,13,Male,Manager,PhD,52632.54,5.78,126,3.07,3.03,1.99,0.78,3.8,7.08,0.25,15.27,2.7,9.9,44.4,Married,No,Urban,1.19,0.94,3G,Huawei,Yes,2.5,36.53,No,12,110,32.49,global_mobile
10306,UK,49,Male,Teacher,,46195.34,8.36,76,2.94,1.98,1.29,2.65,3.32,6.07,0.77,38.12,1.3,0.3,20.98,Divorced,No,Urban,1.56,1.71,3G,Apple,No,9.5,29.35,Yes,17,122,13.1,global_mobile
10307,China,48,Female,Student,,52735.73,2.51,57,2.66,1.71,2.13,1.62,1.29,4.77,1.29,66.85,5.8,1.9,36.74,Divorced,No,Rural,1.23,1.07,WiFi,Xiaomi,No,9.5,17.7,No,16,62,46.85,global_mobile
10308,Brazil,27,Female,Salesperson,PhD,32200.47,3.0,98,2.37,2.06,2.47,1.54,1.41,6.36,1.12,82.1,9.5,2.0,74.79,Married,No,Urban,2.31,0.84,WiFi,Xiaomi,Yes,9.5,19.25,Yes,16,72,44.59,global_mobile
10309,USA,25,Male,Salesperson,High School,40510.6,10.7,119,2.02,2.14,1.88,2.04,2.63,5.83,1.12,75.46,1.2,10.0,53.4,Single,Yes,Rural,1.95,0.66,4G,Huawei,No,9.5,16.93,Yes,8,40,90.3,global_mobile
10310,India,55,Other,Salesperson,PhD,19720.29,8.3,106,1.97,1.2,1.59,2.33,1.32,7.74,0.99,45.06,1.1,6.9,34.55,Married,No,Urban,0.19,0.82,3G,OnePlus,No,7.5,23.46,No,19,71,22.69,global_mobile
10311,UK,27,Male,Engineer,PhD,22779.68,4.63,73,1.68,3.19,2.61,1.11,1.98,7.19,0.84,64.87,9.7,0.2,0.15,In Relationship,No,Urban,0.18,0.34,4G,Apple,No,7.5,6.92,No,16,112,14.27,global_mobile
10312,UK,65,Male,Engineer,,13608.52,5.32,129,2.59,0.0,1.45,2.15,2.49,5.23,0.46,0.73,4.2,1.5,36.39,Divorced,Yes,Rural,1.05,0.62,5G,Apple,No,2.5,22.42,Yes,9,107,36.12,global_mobile
10313,Nigeria,33,Other,Engineer,Master's,45692.2,6.05,60,1.53,1.89,0.97,1.21,3.6,6.99,1.11,71.05,8.8,4.0,95.36,Single,No,Rural,1.02,0.46,4G,Huawei,Yes,5.5,20.22,Yes,13,97,0.38,global_mobile
10314,UK,34,Other,Artist,,15486.08,7.91,101,1.57,2.14,3.36,1.07,1.56,7.65,0.94,75.41,2.6,8.6,29.2,Married,Yes,Rural,0.9,0.79,4G,Samsung,Yes,9.5,23.4,Yes,11,70,56.17,global_mobile
10315,India,66,Male,Doctor,Master's,27808.53,4.56,72,1.63,1.94,2.44,1.02,2.22,6.74,0.53,39.05,6.3,1.8,84.97,Single,Yes,Urban,2.1,0.27,4G,Samsung,Yes,7.5,18.71,Yes,11,59,76.28,global_mobile
10316,Japan,28,Other,Student,PhD,43857.34,2.63,93,1.01,2.15,3.54,0.81,1.21,6.34,1.61,64.09,6.2,3.4,28.45,Divorced,No,Rural,0.97,0.0,3G,Xiaomi,Yes,5.5,16.62,Yes,14,92,95.76,global_mobile
10317,UK,25,Other,Unemployed,Bachelor's,46955.64,4.77,73,0.5,0.86,2.49,1.64,0.82,6.9,1.66,48.36,1.7,5.0,0.62,Single,No,Urban,1.0,0.47,3G,Apple,Yes,7.5,34.96,No,9,113,47.4,global_mobile
10318,Germany,45,Female,Teacher,Bachelor's,14346.89,5.36,73,2.1,2.02,2.01,1.66,1.2,5.7,1.0,88.52,3.8,7.1,33.61,In Relationship,Yes,Urban,1.13,0.63,5G,Huawei,No,7.5,44.42,Yes,15,107,14.04,global_mobile
10319,Nigeria,49,Other,Teacher,PhD,53049.08,9.33,66,1.46,0.95,0.59,2.5,2.59,7.01,0.77,2.73,8.4,8.3,76.64,Single,No,Rural,2.42,1.0,4G,Xiaomi,Yes,2.5,29.48,No,18,64,38.08,global_mobile
10320,Mexico,61,Other,Salesperson,Master's,38918.93,4.68,85,2.01,0.78,2.92,1.41,2.06,6.91,1.42,94.08,2.8,1.3,29.54,Divorced,Yes,Urban,2.42,1.36,5G,Other,Yes,9.5,27.29,Yes,8,108,46.4,global_mobile
10321,Nigeria,35,Female,Artist,Bachelor's,28106.1,5.06,27,0.94,2.2,3.33,1.7,2.7,4.99,2.39,99.94,3.8,5.0,77.63,Divorced,No,Rural,2.07,0.0,4G,Apple,No,2.5,17.91,No,8,109,95.63,global_mobile
10322,Japan,16,Other,Manager,Bachelor's,52121.01,6.76,70,2.24,0.0,1.65,0.87,0.93,5.6,0.94,17.23,4.7,1.4,41.64,In Relationship,Yes,Urban,3.8,1.2,3G,Apple,No,7.5,4.34,Yes,20,112,79.96,global_mobile
10323,China,43,Other,Doctor,,39098.88,8.92,75,0.35,1.25,0.0,1.63,2.25,5.32,0.89,32.37,6.0,9.5,2.69,Divorced,Yes,Urban,0.55,2.05,5G,Other,No,2.5,24.9,No,14,112,55.21,global_mobile
10324,Russia,50,Male,Teacher,Bachelor's,37384.13,3.48,59,2.73,1.37,2.06,1.33,3.57,6.01,2.13,73.08,4.0,7.0,49.49,In Relationship,No,Rural,1.94,1.1,4G,Huawei,No,2.5,13.17,No,20,76,8.39,global_mobile
10325,Brazil,65,Other,Student,High School,7072.01,2.65,61,0.99,0.0,1.92,1.89,3.2,6.35,1.52,87.85,9.1,3.4,40.61,In Relationship,Yes,Rural,1.13,0.43,WiFi,OnePlus,No,5.5,28.11,Yes,18,85,63.45,global_mobile
10326,Mexico,29,Male,Salesperson,PhD,29295.34,5.89,123,2.37,2.2,2.29,1.46,0.8,7.39,1.36,54.16,9.2,6.6,89.18,Single,Yes,Urban,1.6,0.33,4G,Apple,Yes,2.5,27.76,No,14,103,7.03,global_mobile
10327,UK,30,Female,Doctor,Bachelor's,39260.66,7.41,75,1.35,2.02,3.27,2.34,0.47,6.01,0.76,1.65,6.7,4.9,84.92,Married,No,Rural,0.37,0.95,WiFi,Other,No,5.5,17.46,No,20,116,68.35,global_mobile
10328,UK,55,Male,Teacher,PhD,6811.85,4.96,88,2.35,0.97,1.66,1.56,1.96,7.42,0.37,15.69,4.5,2.4,37.4,Divorced,Yes,Urban,2.53,0.38,WiFi,Other,No,7.5,17.87,No,19,29,16.59,global_mobile
10329,Japan,49,Female,Artist,High School,14146.49,6.83,77,1.35,3.41,0.16,1.39,1.56,5.66,2.04,87.84,7.1,0.4,58.73,Single,Yes,Urban,1.13,1.05,3G,Xiaomi,No,9.5,30.75,No,14,63,46.77,global_mobile
10330,Mexico,41,Male,Doctor,,22839.14,8.19,32,2.01,2.16,2.41,1.38,2.58,7.54,1.14,72.03,9.4,3.9,68.32,In Relationship,Yes,Urban,1.57,0.97,4G,Samsung,No,5.5,36.1,Yes,9,75,63.27,global_mobile
10331,Japan,64,Other,Doctor,Bachelor's,59038.72,6.69,88,2.46,0.0,1.43,1.49,1.92,8.24,0.75,28.33,6.2,0.7,33.73,Divorced,No,Rural,1.67,1.21,WiFi,OnePlus,No,9.5,37.61,No,10,87,32.51,global_mobile
10332,Japan,40,Other,Artist,Master's,17294.46,5.36,79,3.55,1.99,0.35,1.57,1.88,4.89,0.86,9.22,9.0,5.0,55.86,Divorced,No,Urban,1.86,0.41,4G,Huawei,Yes,5.5,26.43,Yes,16,113,72.39,global_mobile
10333,Nigeria,52,Other,Salesperson,High School,46794.23,5.61,65,0.96,0.03,2.94,2.06,0.33,7.51,1.28,34.18,5.0,7.6,70.84,Single,Yes,Rural,2.62,1.72,4G,Xiaomi,Yes,7.5,31.24,No,17,101,32.32,global_mobile
10334,Nigeria,43,Male,Manager,Master's,48436.16,5.59,106,2.51,1.94,0.93,0.36,0.65,7.13,1.35,52.17,4.0,0.6,82.44,In Relationship,Yes,Rural,0.65,1.58,4G,Other,No,9.5,39.7,Yes,11,83,40.74,global_mobile
10335,China,35,Other,Teacher,Master's,19768.26,9.19,74,1.55,0.75,1.73,1.47,2.05,6.46,1.35,53.75,5.2,9.5,63.89,Single,Yes,Rural,0.88,1.14,WiFi,Xiaomi,No,5.5,26.49,No,10,88,85.0,global_mobile
10336,India,33,Male,Salesperson,Bachelor's,52861.39,4.85,41,0.92,0.41,1.48,1.28,1.46,5.6,1.0,22.63,8.4,6.1,25.13,In Relationship,No,Rural,2.54,2.32,5G,Samsung,No,2.5,21.97,Yes,15,77,70.23,global_mobile
10337,Japan,14,Other,Unemployed,PhD,43435.34,6.72,13,2.58,1.36,3.85,1.78,3.5,5.22,1.06,50.05,3.3,5.5,85.42,In Relationship,No,Urban,1.6,1.36,5G,Samsung,Yes,7.5,21.72,No,14,43,80.45,global_mobile
10338,UK,66,Male,Doctor,Bachelor's,20699.27,4.8,79,0.84,0.78,0.99,1.31,2.44,5.96,0.85,25.42,7.6,4.7,1.46,Married,No,Rural,1.08,1.1,5G,Samsung,No,5.5,22.1,Yes,14,121,24.88,global_mobile
10339,Germany,61,Other,Teacher,High School,26292.83,6.82,28,1.67,1.57,2.51,2.07,2.53,6.09,0.73,15.36,1.2,8.2,10.28,Single,Yes,Urban,1.52,0.71,WiFi,Huawei,No,2.5,4.0,Yes,9,80,48.75,global_mobile
10340,Brazil,44,Male,Student,Master's,32222.99,6.96,103,2.14,1.14,1.5,1.65,2.54,8.3,0.59,8.03,5.9,5.4,26.57,Divorced,Yes,Rural,2.71,0.86,WiFi,Apple,No,9.5,13.07,Yes,9,49,65.58,global_mobile
10341,Nigeria,56,Other,Student,Master's,21144.78,8.47,95,1.34,2.93,3.23,1.7,2.03,6.92,0.62,61.19,4.8,6.7,30.05,Single,Yes,Rural,1.0,1.1,5G,Other,No,9.5,35.45,Yes,19,177,35.5,global_mobile
10342,Brazil,45,Other,Engineer,,35738.84,2.95,28,2.2,1.62,2.41,2.31,0.19,7.2,1.15,82.85,5.1,4.2,12.62,Married,No,Urban,1.7,1.44,WiFi,Huawei,Yes,5.5,15.27,No,13,74,83.4,global_mobile
10343,India,46,Other,Engineer,PhD,44396.96,8.68,112,3.05,1.68,1.38,1.97,1.16,6.7,1.25,12.49,2.2,1.5,27.57,In Relationship,Yes,Urban,1.48,0.83,5G,Xiaomi,Yes,2.5,23.16,Yes,17,130,26.69,global_mobile
10344,Germany,62,Other,Doctor,High School,34310.89,1.48,93,1.3,1.23,2.23,1.01,1.79,5.83,1.39,97.61,3.3,6.0,65.04,In Relationship,No,Urban,0.94,1.25,4G,Huawei,No,5.5,15.96,Yes,12,101,93.8,global_mobile
10345,Russia,32,Other,Teacher,PhD,25216.21,6.76,53,2.96,1.89,2.97,1.0,1.65,5.81,1.13,27.55,4.4,7.3,7.49,Single,Yes,Rural,0.68,1.59,3G,Huawei,Yes,7.5,20.35,No,9,112,70.46,global_mobile
10346,UK,49,Male,Manager,PhD,55322.53,5.64,46,0.93,2.15,2.29,1.25,1.2,7.61,1.23,33.11,3.3,3.8,22.01,In Relationship,Yes,Urban,1.62,0.85,3G,Xiaomi,No,5.5,26.23,Yes,16,79,51.59,global_mobile
10347,UK,49,Female,Teacher,Bachelor's,10452.93,3.11,90,0.8,1.74,0.0,2.15,0.6,5.19,0.0,93.34,1.4,7.7,44.66,In Relationship,No,Rural,1.81,0.16,5G,OnePlus,No,7.5,29.48,No,14,111,52.8,global_mobile
10348,UK,26,Other,Manager,Master's,32304.61,7.29,74,1.11,1.4,1.1,2.22,1.51,6.74,1.4,30.18,3.4,8.9,88.44,In Relationship,Yes,Rural,2.9,0.0,5G,OnePlus,No,9.5,1.19,No,19,86,76.95,global_mobile
10349,USA,48,Male,Doctor,High School,41758.62,5.57,45,3.29,2.02,2.61,1.19,1.67,7.6,1.17,92.49,1.1,1.9,20.59,Married,No,Rural,1.41,1.2,5G,Xiaomi,No,9.5,22.87,Yes,13,77,64.85,global_mobile
10350,Brazil,24,Other,Teacher,High School,35067.4,5.12,78,1.9,0.65,0.98,1.22,1.4,4.24,0.59,78.93,1.6,7.8,45.11,Single,Yes,Rural,2.02,1.03,5G,Xiaomi,No,7.5,36.16,No,17,134,60.55,global_mobile
10351,USA,46,Female,Artist,Master's,23802.89,5.62,86,0.0,0.46,1.23,1.26,1.56,4.48,1.94,3.24,0.9,5.5,78.46,Married,Yes,Rural,2.47,0.78,3G,Apple,Yes,2.5,17.99,No,19,93,46.85,global_mobile
10352,India,22,Male,Teacher,Bachelor's,33357.34,4.51,84,0.68,1.64,1.01,1.01,1.16,6.16,0.41,62.28,9.0,6.4,22.67,Married,No,Rural,0.0,1.22,3G,Xiaomi,No,7.5,26.84,Yes,20,104,25.46,global_mobile
10353,USA,39,Female,Teacher,High School,38117.61,6.15,104,1.29,0.77,0.57,0.78,3.4,6.1,0.84,90.71,0.2,9.0,69.66,In Relationship,Yes,Rural,0.71,0.66,5G,Huawei,Yes,2.5,36.75,No,14,99,86.46,global_mobile
10354,Russia,41,Female,Student,Bachelor's,8787.62,4.07,75,3.46,2.63,1.64,1.71,2.1,6.33,0.43,30.25,0.8,7.1,40.1,Married,Yes,Rural,1.24,0.19,WiFi,OnePlus,No,2.5,31.26,No,18,71,48.26,global_mobile
10355,Japan,22,Male,Engineer,Master's,23170.21,4.49,78,2.24,1.87,0.88,1.54,2.07,5.46,0.73,73.2,2.6,3.4,8.75,In Relationship,Yes,Rural,0.41,0.42,4G,Xiaomi,No,5.5,34.31,Yes,9,134,74.59,global_mobile
10356,Russia,52,Other,Unemployed,Bachelor's,68525.73,3.89,75,2.35,2.22,1.41,1.74,2.06,7.2,1.55,81.09,7.5,6.5,54.08,Single,Yes,Urban,1.55,0.79,WiFi,OnePlus,Yes,2.5,13.12,No,19,97,93.88,global_mobile
10357,Mexico,16,Male,Doctor,Bachelor's,36583.28,4.48,135,1.94,1.61,1.36,1.65,4.46,6.95,0.97,49.25,1.1,3.9,76.36,In Relationship,Yes,Urban,0.73,0.0,4G,Other,No,7.5,38.93,No,11,144,79.08,global_mobile
10358,UK,27,Other,Unemployed,,40601.36,6.27,36,2.75,2.35,2.98,1.77,0.83,7.0,2.25,93.41,9.6,1.2,89.13,In Relationship,No,Urban,1.45,1.38,WiFi,Apple,No,7.5,34.61,Yes,12,174,12.45,global_mobile
10359,Germany,58,Other,Salesperson,PhD,18626.97,5.02,112,1.17,2.46,1.16,0.4,2.06,7.91,0.51,36.0,6.4,3.3,14.77,In Relationship,Yes,Urban,0.77,0.9,5G,Apple,No,9.5,10.62,Yes,13,99,2.84,global_mobile
10360,Japan,66,Female,Teacher,Bachelor's,49173.9,6.55,64,1.42,1.37,3.51,1.6,1.79,6.24,1.07,9.74,1.7,5.9,49.73,In Relationship,No,Urban,2.41,0.7,3G,OnePlus,Yes,2.5,26.24,No,17,122,52.69,global_mobile
10361,UK,62,Other,Doctor,High School,10644.4,5.74,74,1.67,1.99,2.9,1.79,1.81,7.86,0.13,29.76,4.5,4.8,68.41,Married,Yes,Urban,0.74,0.55,5G,Huawei,No,9.5,14.8,No,13,185,11.45,global_mobile
10362,UK,26,Female,Teacher,PhD,49091.85,6.3,53,1.96,1.89,4.86,1.52,2.34,6.13,0.87,97.57,0.1,2.7,33.97,Married,Yes,Urban,1.13,0.39,3G,Xiaomi,Yes,9.5,37.23,No,19,119,31.41,global_mobile
10363,Brazil,32,Male,Engineer,Bachelor's,34189.61,4.41,71,1.84,3.11,2.43,0.73,0.97,4.85,1.86,88.09,9.4,4.9,26.48,Single,No,Urban,1.28,0.0,4G,OnePlus,Yes,5.5,37.3,Yes,10,69,33.97,global_mobile
10364,USA,25,Other,Manager,High School,32779.22,1.13,90,1.57,0.96,0.0,2.32,1.49,7.26,1.16,96.73,8.1,6.8,68.74,Divorced,No,Urban,1.1,1.27,WiFi,Huawei,Yes,2.5,16.34,No,9,55,4.22,global_mobile
10365,Germany,62,Female,Student,PhD,41198.97,6.99,96,0.24,1.7,1.67,1.61,0.85,8.33,1.12,10.9,5.4,7.7,58.24,Single,Yes,Urban,2.29,1.41,WiFi,OnePlus,Yes,2.5,27.49,Yes,13,108,68.07,global_mobile
10366,USA,63,Male,Manager,PhD,10822.96,5.06,93,3.65,1.36,1.45,1.96,2.15,6.94,0.0,12.4,3.7,6.5,13.82,In Relationship,Yes,Urban,1.48,1.2,4G,Huawei,No,9.5,17.65,No,16,96,27.53,global_mobile
10367,China,59,Other,Engineer,Master's,32768.32,6.95,77,2.95,1.65,0.73,1.66,1.51,6.89,0.42,29.58,2.4,6.1,7.51,Married,Yes,Rural,0.0,1.37,WiFi,Xiaomi,Yes,5.5,22.21,No,16,193,80.94,global_mobile
10368,Japan,25,Male,Doctor,Bachelor's,41994.14,6.46,88,1.76,3.61,0.43,1.59,3.14,5.93,0.53,87.13,6.5,9.9,54.37,Divorced,Yes,Rural,2.14,1.14,3G,Xiaomi,Yes,7.5,34.45,Yes,19,69,17.12,global_mobile
10369,Russia,60,Other,Artist,,32698.48,5.37,59,1.42,1.32,2.6,1.5,1.55,6.43,1.05,96.87,1.2,0.2,93.89,Divorced,Yes,Urban,0.04,0.82,3G,Huawei,No,5.5,30.08,Yes,15,45,56.33,global_mobile
10370,Japan,58,Other,Doctor,PhD,19676.98,6.32,142,1.26,3.16,3.82,2.34,0.32,5.19,1.18,2.02,7.6,6.8,83.57,In Relationship,Yes,Urban,0.43,1.15,3G,Huawei,No,5.5,32.64,No,10,63,37.9,global_mobile
10371,China,65,Female,Manager,,31905.51,6.53,64,0.52,1.57,3.58,1.67,2.19,8.6,2.28,72.36,8.8,4.4,12.26,Single,No,Urban,1.99,1.0,3G,Other,Yes,7.5,27.14,No,15,96,57.81,global_mobile
10372,Nigeria,13,Male,Engineer,PhD,32968.34,6.37,29,1.4,1.21,0.73,1.54,1.55,6.65,0.6,30.04,2.6,7.0,78.39,Single,Yes,Rural,2.18,1.33,5G,Other,Yes,2.5,27.26,No,10,140,67.93,global_mobile
10373,India,56,Male,Salesperson,Master's,45147.68,5.87,96,1.59,2.23,2.76,1.36,1.25,6.96,0.67,38.38,9.7,5.7,46.42,Single,Yes,Rural,1.35,0.17,WiFi,OnePlus,No,2.5,24.88,Yes,13,101,67.27,global_mobile
10374,Japan,63,Other,Unemployed,PhD,34170.21,7.7,102,3.11,1.4,2.22,1.65,0.83,6.66,1.53,91.03,9.0,1.8,36.07,Single,No,Urban,0.94,0.18,4G,OnePlus,No,5.5,28.1,Yes,11,124,78.86,global_mobile
10375,Russia,29,Female,Salesperson,,33751.81,8.05,98,1.32,1.64,2.44,1.71,1.29,6.82,0.7,56.54,4.4,6.9,71.29,Single,Yes,Urban,1.32,0.84,3G,Other,Yes,7.5,31.44,Yes,9,37,99.78,global_mobile
10376,India,62,Other,Artist,Bachelor's,43524.02,5.77,87,2.28,0.36,1.71,1.41,1.31,6.03,0.42,39.06,4.0,6.4,79.78,In Relationship,Yes,Rural,2.33,0.71,4G,Xiaomi,No,7.5,35.82,No,9,131,7.41,global_mobile
10377,Nigeria,17,Male,Unemployed,High School,12403.31,6.06,86,3.43,2.63,2.55,1.65,0.0,6.86,0.05,39.68,6.0,4.7,62.92,Divorced,No,Rural,1.55,0.66,4G,Apple,Yes,7.5,34.34,No,12,124,44.22,global_mobile
10378,Russia,54,Female,Artist,Master's,57607.7,9.26,89,2.87,1.84,2.21,1.03,3.04,6.59,0.91,84.03,5.4,5.3,61.15,In Relationship,No,Urban,1.92,1.02,3G,Apple,Yes,2.5,15.03,No,20,107,20.95,global_mobile
10379,Japan,24,Female,Doctor,,15656.53,9.21,107,1.76,0.59,2.94,0.98,2.55,5.1,1.29,30.16,1.5,8.2,98.77,Single,Yes,Rural,0.85,0.27,5G,Other,No,9.5,25.04,Yes,8,43,74.74,global_mobile
10380,Russia,22,Male,Artist,High School,15550.13,9.09,85,1.68,2.39,2.1,1.43,0.88,7.63,0.71,7.67,4.4,3.6,34.2,Married,Yes,Rural,2.48,0.78,WiFi,OnePlus,No,5.5,25.43,Yes,8,104,36.87,global_mobile
10381,Germany,45,Female,Teacher,Master's,4358.89,4.62,82,3.22,1.4,0.92,1.29,1.2,6.7,0.75,54.66,2.2,5.4,60.36,Married,No,Rural,0.77,0.0,5G,Other,Yes,7.5,28.52,No,15,70,81.59,global_mobile
10382,Brazil,29,Female,Student,Master's,34984.59,5.64,78,1.89,0.62,2.24,1.81,1.29,6.76,1.62,78.73,3.9,7.3,26.18,In Relationship,No,Rural,2.93,0.89,WiFi,Huawei,No,5.5,15.18,No,16,24,12.36,global_mobile
10383,Japan,70,Female,Teacher,PhD,8348.51,4.47,47,3.47,1.32,0.54,1.44,1.39,7.75,1.48,46.63,9.4,1.0,20.47,Married,Yes,Urban,1.71,0.44,3G,OnePlus,Yes,2.5,21.64,Yes,17,125,73.99,global_mobile
10384,UK,16,Other,Unemployed,High School,38240.68,4.12,59,2.11,2.13,1.6,1.6,2.32,5.79,1.42,51.27,2.7,3.4,7.45,Divorced,Yes,Urban,1.15,1.22,WiFi,Other,No,2.5,50.1,Yes,14,173,66.33,global_mobile
10385,Mexico,12,Other,Salesperson,Master's,25210.58,5.37,71,1.16,0.87,1.68,1.97,1.82,6.93,1.12,16.15,2.8,0.6,12.39,Married,No,Rural,1.86,0.48,WiFi,Samsung,Yes,5.5,29.15,No,12,83,7.01,global_mobile
10386,Mexico,64,Female,Unemployed,High School,6151.63,3.69,101,2.29,0.16,2.01,2.57,1.01,6.77,0.73,52.77,3.4,3.5,51.08,In Relationship,No,Urban,3.61,1.07,3G,Huawei,Yes,2.5,20.16,Yes,16,96,68.14,global_mobile
10387,Japan,34,Female,Doctor,,48382.28,5.75,66,3.73,1.69,1.67,2.12,3.99,5.13,2.37,81.72,6.1,5.7,67.19,In Relationship,No,Rural,1.34,0.92,4G,Xiaomi,No,9.5,26.32,No,17,177,79.17,global_mobile
10388,Nigeria,33,Female,Manager,,51295.45,9.96,85,3.02,3.02,2.95,1.48,0.0,6.5,1.53,15.64,2.2,9.2,66.41,Single,No,Urban,1.47,1.21,4G,Huawei,No,7.5,22.72,Yes,13,87,26.38,global_mobile
10389,Nigeria,63,Female,Manager,Bachelor's,29416.9,4.81,101,4.4,1.36,1.76,1.63,1.49,6.14,0.6,60.6,5.7,1.4,79.43,Divorced,No,Urban,1.28,0.22,5G,Huawei,No,7.5,44.97,Yes,20,107,0.16,global_mobile
10390,UK,32,Other,Unemployed,Bachelor's,32008.2,9.66,78,2.37,0.5,3.57,0.88,0.12,6.46,1.08,95.4,1.7,4.2,34.22,Single,No,Urban,1.2,0.15,3G,Xiaomi,Yes,5.5,23.64,No,13,138,67.67,global_mobile
10391,China,63,Male,Doctor,High School,22590.55,7.1,64,3.49,2.24,1.51,0.98,2.1,6.97,1.43,5.05,0.6,8.1,76.39,In Relationship,No,Rural,1.66,0.0,4G,OnePlus,Yes,9.5,30.63,No,9,163,6.21,global_mobile
10392,India,55,Female,Unemployed,Bachelor's,19305.09,2.17,87,0.58,1.59,2.97,1.64,0.9,5.37,1.15,52.92,3.4,8.9,62.71,Divorced,Yes,Rural,1.65,0.69,5G,Other,Yes,2.5,17.66,Yes,15,105,83.16,global_mobile
10393,UK,57,Male,Teacher,High School,33957.73,3.47,53,1.31,2.19,2.12,1.27,1.67,5.91,1.58,34.79,4.5,1.2,47.89,Single,Yes,Rural,0.79,1.59,WiFi,Other,Yes,5.5,34.27,Yes,19,82,40.91,global_mobile
10394,Mexico,46,Male,Teacher,Bachelor's,42430.59,10.71,78,2.99,0.93,1.75,1.75,0.0,6.95,1.13,12.04,2.1,7.2,24.26,Married,Yes,Urban,2.32,0.77,4G,Xiaomi,Yes,5.5,27.48,Yes,16,156,56.81,global_mobile
10395,Mexico,52,Male,Unemployed,,30654.12,3.6,95,2.75,1.28,1.38,0.73,2.9,5.69,1.13,84.3,2.0,6.9,58.85,Married,Yes,Urban,0.75,0.55,WiFi,Apple,No,7.5,21.13,No,11,88,24.96,global_mobile
10396,Brazil,34,Female,Engineer,Master's,16040.73,9.49,84,1.44,1.83,4.36,2.03,0.58,5.52,0.47,9.74,3.2,3.1,7.04,In Relationship,No,Urban,1.44,0.75,4G,Apple,Yes,5.5,39.73,Yes,19,62,69.51,global_mobile
10397,Russia,21,Male,Manager,High School,15756.2,4.12,56,4.09,1.64,1.94,2.08,4.3,6.02,0.03,45.59,7.8,4.9,14.0,Single,No,Urban,1.06,1.35,4G,OnePlus,Yes,7.5,19.13,No,16,127,93.08,global_mobile
10398,USA,12,Other,Student,PhD,13477.15,3.46,83,1.71,0.59,2.48,1.71,3.49,5.99,1.13,85.23,1.7,8.1,87.53,Married,Yes,Urban,1.45,0.76,WiFi,OnePlus,No,9.5,29.93,No,15,113,19.94,global_mobile
10399,USA,25,Male,Engineer,Master's,17222.09,8.23,83,2.13,0.94,0.7,2.0,1.44,7.14,1.0,81.08,7.4,0.0,54.77,Divorced,Yes,Rural,1.19,0.96,5G,Samsung,No,9.5,25.55,Yes,15,87,61.08,global_mobile
10400,Brazil,70,Other,Manager,Bachelor's,40472.69,7.67,64,1.81,0.85,0.48,1.3,1.3,6.46,1.13,45.27,6.5,7.1,50.26,In Relationship,Yes,Urban,1.85,1.24,3G,Xiaomi,No,5.5,29.56,No,8,103,57.5,global_mobile
10401,Brazil,68,Female,Doctor,PhD,29236.15,5.04,108,1.45,1.09,2.9,1.95,1.21,5.71,1.88,91.63,6.4,6.4,63.81,Single,Yes,Rural,0.74,1.42,5G,OnePlus,Yes,5.5,26.63,Yes,14,82,81.89,global_mobile
10402,India,30,Female,Doctor,Master's,38952.94,8.17,93,2.75,1.38,2.45,1.24,3.14,7.74,0.39,26.36,7.3,8.3,99.37,In Relationship,No,Urban,0.16,0.18,4G,OnePlus,Yes,5.5,29.78,No,18,115,28.47,global_mobile
10403,Germany,14,Female,Engineer,PhD,29367.58,1.88,45,1.63,1.37,1.12,1.6,2.78,6.31,1.21,24.77,1.2,6.6,34.9,Single,Yes,Urban,1.72,0.07,WiFi,Samsung,Yes,5.5,18.94,Yes,15,116,37.98,global_mobile
10404,Germany,23,Female,Student,,27134.06,3.4,81,1.37,1.81,1.5,1.48,1.49,6.33,1.38,67.11,3.1,0.8,58.76,Divorced,Yes,Rural,1.94,1.07,WiFi,Samsung,Yes,7.5,26.7,Yes,13,82,77.26,global_mobile
10405,Japan,50,Male,Manager,Bachelor's,24004.76,5.06,107,3.04,0.24,3.53,1.33,2.59,7.78,1.69,53.45,4.1,1.7,42.52,Single,Yes,Urban,0.59,0.99,3G,Xiaomi,Yes,9.5,13.72,No,19,41,61.51,global_mobile
10406,Russia,17,Other,Student,PhD,44748.63,6.05,101,1.59,1.69,1.66,1.9,1.0,7.19,1.11,15.86,8.5,3.0,66.44,Married,Yes,Rural,1.3,0.24,WiFi,Apple,Yes,5.5,29.53,No,11,133,49.5,global_mobile
10407,Germany,48,Other,Unemployed,PhD,39438.36,6.48,92,0.79,0.02,2.08,1.02,3.13,7.5,0.58,18.7,6.2,8.6,64.58,Married,No,Rural,2.71,0.71,3G,Samsung,No,5.5,19.12,No,16,173,45.67,global_mobile
10408,Germany,63,Female,Student,PhD,27656.89,3.98,109,0.94,1.21,2.56,1.63,2.15,6.6,0.76,78.16,7.5,4.2,4.43,Single,No,Rural,1.66,0.69,WiFi,Xiaomi,No,2.5,31.51,No,13,78,46.89,global_mobile
10409,Germany,21,Male,Salesperson,,18164.18,6.99,106,2.73,0.44,1.77,1.22,2.45,4.95,0.91,0.38,0.4,8.7,47.37,In Relationship,Yes,Rural,1.63,0.0,4G,Huawei,No,9.5,34.74,Yes,8,53,25.95,global_mobile
10410,China,63,Male,Manager,Master's,21070.01,5.57,105,0.0,1.77,0.87,1.93,2.87,7.82,1.07,89.88,9.2,8.8,16.82,In Relationship,Yes,Rural,2.73,1.88,5G,Other,Yes,9.5,28.46,No,11,62,66.94,global_mobile
10411,China,16,Female,Engineer,,20574.38,10.26,55,1.85,2.37,3.28,2.18,1.79,7.38,1.96,48.17,4.6,4.5,18.69,Divorced,No,Urban,0.81,0.62,WiFi,Xiaomi,Yes,7.5,14.78,Yes,14,153,24.57,global_mobile
10412,Nigeria,44,Female,Engineer,Master's,23079.06,8.08,52,0.6,1.25,3.93,1.53,0.53,6.26,0.0,9.48,5.0,3.6,13.09,Married,Yes,Rural,1.22,0.45,3G,Huawei,No,5.5,23.27,No,20,147,70.77,global_mobile
10413,China,22,Other,Doctor,Master's,39961.76,6.22,83,2.53,0.79,3.23,2.03,1.75,6.12,1.63,18.23,7.2,8.6,47.55,Divorced,No,Urban,2.22,1.16,5G,OnePlus,No,9.5,24.15,Yes,15,83,64.0,global_mobile
10414,Brazil,66,Male,Unemployed,Master's,55063.55,5.47,58,2.15,1.99,2.45,1.65,0.19,6.56,1.34,55.44,9.5,7.6,79.12,Divorced,No,Urban,0.09,0.69,5G,Xiaomi,No,9.5,10.28,No,14,103,66.69,global_mobile
10415,Mexico,66,Female,Manager,Bachelor's,178.12,8.82,76,1.03,2.82,2.0,2.43,2.34,6.43,0.64,45.38,5.6,8.6,48.06,Married,No,Urban,2.73,1.55,5G,Apple,No,5.5,22.26,No,16,98,74.36,global_mobile
10416,India,45,Female,Salesperson,Master's,36522.26,4.58,89,2.6,2.12,1.48,0.52,0.58,7.01,0.9,47.82,0.6,0.7,28.73,In Relationship,Yes,Urban,0.36,0.86,3G,Xiaomi,Yes,2.5,30.19,Yes,8,133,66.47,global_mobile
10417,Russia,19,Male,Salesperson,,19949.92,2.92,69,2.58,0.66,2.48,0.62,2.28,7.4,0.33,63.65,7.3,9.0,52.72,Divorced,Yes,Urban,0.0,1.19,4G,Samsung,No,2.5,13.35,No,20,91,41.88,global_mobile
10418,UK,18,Other,Teacher,Master's,22295.43,9.57,82,2.31,2.39,0.9,1.81,2.2,6.03,1.01,88.03,5.4,9.2,60.99,Single,No,Rural,1.96,1.09,3G,Other,No,7.5,25.28,Yes,8,101,40.14,global_mobile
10419,Japan,20,Male,Artist,Bachelor's,26545.74,3.07,94,1.34,1.88,4.27,1.98,1.34,7.06,0.63,86.53,2.9,5.3,17.53,In Relationship,No,Urban,0.66,1.7,WiFi,Other,Yes,5.5,34.87,No,15,79,47.79,global_mobile
10420,Russia,39,Other,Unemployed,,41690.76,7.05,71,1.55,0.6,0.34,1.45,2.28,6.07,0.42,30.68,4.0,1.0,35.83,Divorced,No,Urban,1.65,1.35,4G,Apple,Yes,9.5,45.14,No,18,93,95.53,global_mobile
10421,Russia,20,Male,Salesperson,Master's,48789.08,4.87,111,1.61,4.19,0.69,1.02,1.18,6.47,0.9,56.8,5.3,7.7,45.41,Single,No,Rural,0.05,0.89,3G,Huawei,No,7.5,20.82,No,16,68,16.84,global_mobile
10422,Russia,33,Other,Engineer,,36931.46,4.43,59,2.37,0.01,0.91,1.58,1.0,6.01,1.68,2.02,3.4,6.7,8.98,In Relationship,Yes,Urban,0.0,0.56,3G,Apple,Yes,7.5,31.44,No,10,86,90.54,global_mobile
10423,UK,20,Female,Artist,High School,18914.52,6.88,100,1.79,2.03,2.24,1.44,2.04,7.01,0.83,65.52,1.2,8.2,16.32,In Relationship,Yes,Urban,0.0,1.38,4G,Samsung,Yes,7.5,42.19,No,15,91,83.64,global_mobile
10424,China,32,Male,Engineer,,59172.98,4.24,108,1.58,1.46,2.74,1.84,2.34,6.89,1.44,73.2,1.9,5.6,49.83,Married,No,Rural,1.34,0.72,5G,OnePlus,Yes,9.5,16.22,No,17,121,70.03,global_mobile
10425,USA,56,Female,Doctor,Bachelor's,45165.85,2.36,61,1.54,0.0,2.01,1.86,3.0,4.1,0.74,3.39,8.7,2.5,9.91,Single,Yes,Urban,1.38,0.0,5G,Other,No,9.5,17.73,Yes,20,68,20.86,global_mobile
10426,Japan,19,Other,Teacher,Bachelor's,28782.77,6.94,55,3.99,1.52,1.96,0.09,1.33,7.94,0.44,7.73,6.9,7.6,36.77,Married,No,Rural,1.53,0.96,5G,Samsung,No,2.5,10.57,No,10,88,44.88,global_mobile
10427,Nigeria,48,Female,Doctor,Bachelor's,42481.26,9.5,65,1.97,0.47,1.9,0.6,2.34,7.5,1.32,21.65,3.4,7.8,10.26,Married,No,Rural,2.06,1.58,5G,Samsung,Yes,2.5,18.92,No,16,105,17.02,global_mobile
10428,USA,29,Female,Engineer,Bachelor's,35281.99,6.25,100,0.78,0.4,2.25,2.07,2.37,6.8,1.03,50.54,4.1,0.0,19.37,Single,No,Rural,2.19,0.94,3G,OnePlus,No,9.5,28.0,Yes,20,107,65.09,global_mobile
10429,UK,42,Female,Manager,,50097.66,7.16,77,0.97,3.24,3.09,2.86,1.26,5.98,2.08,22.93,8.0,7.1,65.36,Married,No,Rural,1.69,0.66,5G,Xiaomi,No,9.5,3.18,No,17,73,13.01,global_mobile
10430,Russia,50,Male,Unemployed,Bachelor's,17051.22,0.07,77,2.15,2.49,1.06,1.07,1.29,4.42,1.05,73.14,8.9,1.0,24.64,Divorced,No,Urban,0.36,0.34,3G,Samsung,No,5.5,19.03,Yes,12,73,91.42,global_mobile
10431,India,67,Male,Unemployed,High School,0.0,8.96,82,0.18,0.95,1.28,1.13,2.44,7.34,0.27,62.0,2.0,4.0,33.5,In Relationship,No,Urban,1.2,0.78,WiFi,Apple,Yes,5.5,39.47,Yes,20,21,4.16,global_mobile
10432,China,61,Female,Doctor,PhD,60750.51,5.7,69,1.3,1.04,2.0,1.92,0.86,7.44,1.15,96.93,7.1,3.6,48.45,Married,Yes,Urban,2.01,0.64,4G,Xiaomi,Yes,7.5,6.32,No,18,147,7.4,global_mobile
10433,China,56,Female,Manager,PhD,14905.35,5.57,91,1.22,2.76,3.61,1.17,2.89,5.15,0.26,7.8,8.6,0.7,38.68,Married,Yes,Rural,1.35,0.32,3G,Xiaomi,Yes,7.5,14.7,No,20,179,2.04,global_mobile
10434,Mexico,24,Female,Teacher,,15633.17,6.52,64,0.82,0.62,2.22,1.67,1.77,6.42,0.56,21.8,1.6,8.9,63.65,Single,No,Urban,1.75,0.48,5G,Other,No,2.5,27.89,No,17,105,62.32,global_mobile
10435,UK,54,Other,Manager,Master's,37229.48,6.04,108,2.03,1.54,2.34,1.55,0.94,6.11,0.94,45.37,5.2,1.5,86.83,Divorced,Yes,Urban,1.33,0.7,5G,OnePlus,No,7.5,18.52,No,15,104,0.97,global_mobile
10436,Brazil,18,Male,Student,PhD,36604.21,4.76,70,3.6,2.6,3.0,1.87,3.74,5.31,1.13,75.85,8.6,9.4,1.57,Single,Yes,Urban,0.31,0.08,WiFi,Huawei,Yes,7.5,39.59,No,19,50,65.84,global_mobile
10437,Germany,14,Other,Student,PhD,14660.44,7.07,83,1.44,1.46,5.12,0.21,0.78,7.31,1.09,58.18,2.3,1.0,29.73,Divorced,Yes,Urban,1.51,0.26,3G,Other,No,9.5,47.03,Yes,16,76,89.8,global_mobile
10438,Germany,43,Other,Doctor,Master's,42262.24,6.38,70,2.81,1.24,3.18,1.78,3.23,7.06,0.46,10.56,6.8,8.0,98.91,Married,No,Urban,1.34,1.07,WiFi,Other,No,7.5,21.89,Yes,16,79,44.54,global_mobile
10439,Brazil,59,Other,Manager,,44604.51,7.44,28,1.34,1.57,1.29,1.15,3.62,7.37,0.87,97.25,1.4,1.3,17.95,Married,Yes,Urban,1.41,0.86,5G,OnePlus,No,9.5,25.62,Yes,10,53,10.57,global_mobile
10440,Mexico,46,Female,Unemployed,PhD,62667.3,8.35,72,2.37,0.12,1.62,1.67,1.0,5.93,1.18,89.14,4.1,9.1,92.36,Married,No,Urban,3.8,0.0,5G,Huawei,No,2.5,43.15,No,9,120,31.83,global_mobile
10441,Germany,15,Male,Artist,PhD,17792.9,8.06,118,3.1,2.12,1.27,1.14,2.62,5.61,1.2,50.2,3.0,5.8,6.41,Divorced,No,Urban,0.54,1.32,3G,Other,Yes,7.5,25.39,Yes,18,105,63.87,global_mobile
10442,Brazil,19,Other,Artist,Master's,33536.12,7.27,85,4.79,0.65,1.52,1.41,1.39,6.45,0.92,1.76,2.0,9.2,95.99,Married,Yes,Rural,1.82,0.21,5G,Huawei,Yes,9.5,40.19,Yes,15,157,76.49,global_mobile
10443,Mexico,56,Male,Student,Bachelor's,25136.78,3.67,80,1.23,0.54,1.77,1.9,2.24,5.26,0.88,30.28,2.2,1.1,27.91,Married,No,Urban,1.28,1.0,3G,Samsung,Yes,9.5,28.28,Yes,19,111,74.01,global_mobile
10444,Nigeria,30,Other,Artist,Master's,46308.06,2.7,64,2.35,1.43,2.84,1.73,1.91,6.37,0.55,46.13,1.0,0.4,41.54,Divorced,Yes,Rural,0.73,0.86,5G,Huawei,Yes,7.5,3.75,No,16,123,6.9,global_mobile
10445,Nigeria,61,Other,Teacher,PhD,44261.24,8.4,53,1.04,1.43,3.49,1.88,1.14,7.35,0.93,48.15,5.7,2.7,55.4,In Relationship,Yes,Urban,0.86,0.14,WiFi,Xiaomi,No,5.5,22.47,No,8,116,43.03,global_mobile
10446,Germany,23,Female,Engineer,PhD,33378.23,4.6,100,2.96,0.0,2.75,1.18,3.7,4.8,0.64,44.85,4.7,9.7,73.02,Married,Yes,Rural,2.36,1.2,4G,Samsung,Yes,9.5,28.46,Yes,8,133,43.94,global_mobile
10447,India,53,Male,Engineer,High School,26639.2,4.92,86,2.37,0.75,2.87,1.5,1.74,7.76,0.84,67.93,9.1,6.9,94.97,Married,No,Rural,0.46,0.63,3G,Apple,Yes,7.5,20.93,Yes,17,143,94.72,global_mobile
10448,India,38,Female,Salesperson,Bachelor's,26079.73,5.55,66,2.85,0.47,2.2,1.17,2.47,5.74,1.49,90.93,2.0,5.4,47.93,In Relationship,No,Urban,1.66,0.58,4G,Huawei,No,2.5,28.92,No,11,160,21.02,global_mobile
10449,Germany,20,Other,Salesperson,Master's,68008.82,5.98,81,2.73,1.08,1.14,0.77,1.75,5.86,0.0,29.94,4.8,1.2,44.16,In Relationship,Yes,Urban,2.19,0.83,WiFi,Apple,No,5.5,39.82,Yes,8,48,10.79,global_mobile
10450,Mexico,19,Male,Doctor,PhD,22862.86,6.99,89,3.19,2.73,0.31,1.06,2.14,6.74,1.28,91.77,7.7,3.8,27.42,In Relationship,Yes,Rural,2.11,1.13,WiFi,Other,No,5.5,27.42,Yes,13,122,4.98,global_mobile
10451,Brazil,59,Male,Student,Master's,8481.92,7.67,56,2.59,1.69,2.14,1.97,1.61,5.74,1.09,84.93,9.1,4.1,86.57,In Relationship,Yes,Urban,0.91,0.61,5G,Apple,No,9.5,30.51,No,11,56,38.31,global_mobile
10452,Russia,32,Other,Manager,PhD,24931.57,6.66,63,3.22,2.73,0.0,1.81,0.36,8.6,0.62,42.15,1.1,9.8,88.84,Married,Yes,Rural,0.02,0.2,4G,Other,Yes,2.5,17.63,Yes,13,46,22.51,global_mobile
10453,USA,47,Male,Salesperson,PhD,39575.58,5.02,77,1.52,3.03,2.68,2.11,0.0,5.57,0.0,64.88,0.6,3.7,89.86,Married,Yes,Urban,0.01,1.3,5G,Apple,Yes,5.5,34.86,No,15,108,65.57,global_mobile
10454,Japan,18,Other,Manager,,19354.88,6.03,81,3.28,1.0,1.52,1.05,2.0,7.45,0.78,10.38,2.9,3.2,30.73,Divorced,No,Urban,1.41,0.0,4G,OnePlus,No,2.5,38.59,Yes,9,49,20.43,global_mobile
10455,Nigeria,35,Other,Teacher,High School,16237.5,6.18,90,1.63,1.9,2.94,1.3,0.51,6.74,0.75,88.94,9.0,0.4,0.83,Single,No,Urban,2.88,1.05,3G,OnePlus,No,7.5,33.78,Yes,11,144,75.41,global_mobile
10456,Brazil,36,Male,Salesperson,,32389.84,4.64,85,1.95,1.91,1.3,1.0,0.73,6.85,1.13,1.18,5.2,6.3,96.09,In Relationship,No,Urban,1.6,0.87,5G,Apple,No,5.5,22.88,Yes,15,100,3.25,global_mobile
10457,Japan,57,Male,Engineer,PhD,33560.67,2.55,128,3.44,0.48,3.11,0.87,2.55,6.01,0.74,80.08,8.7,5.8,77.88,Divorced,No,Urban,2.04,0.75,5G,OnePlus,Yes,9.5,18.79,No,18,37,56.42,global_mobile
10458,Mexico,44,Female,Manager,,17041.75,4.39,73,1.53,1.42,2.57,2.34,0.63,5.65,0.55,1.84,4.7,0.0,53.46,In Relationship,No,Rural,2.31,0.92,5G,Huawei,No,7.5,33.41,No,13,45,55.17,global_mobile
10459,India,59,Male,Manager,High School,21095.48,7.93,116,2.81,2.33,2.04,2.05,1.59,5.37,1.83,23.81,2.5,8.6,59.59,Married,No,Urban,0.16,0.23,5G,Xiaomi,Yes,5.5,37.38,Yes,19,100,3.16,global_mobile
10460,Nigeria,33,Male,Manager,High School,38924.58,4.31,67,1.13,0.6,1.32,2.07,1.93,6.83,0.94,87.92,7.1,6.1,81.32,Single,No,Rural,0.0,1.68,4G,Other,No,2.5,14.9,Yes,13,116,72.51,global_mobile
10461,Nigeria,36,Other,Student,Bachelor's,4669.47,4.53,83,2.94,2.68,1.78,2.65,1.91,7.2,1.1,50.63,3.1,3.8,72.99,In Relationship,No,Urban,1.17,0.63,4G,Huawei,No,7.5,17.49,No,13,64,67.84,global_mobile
10462,Mexico,66,Female,Student,High School,25185.83,3.0,77,0.0,0.47,2.61,1.28,2.21,7.69,1.14,50.03,9.1,1.9,13.38,Divorced,Yes,Rural,1.19,1.34,WiFi,Samsung,No,5.5,32.34,No,8,38,81.63,global_mobile
10463,Brazil,57,Other,Manager,Bachelor's,18381.33,5.05,76,2.6,0.67,3.72,1.9,2.01,5.41,0.96,93.16,1.3,1.2,64.09,Divorced,Yes,Rural,0.96,0.59,5G,Huawei,No,2.5,20.03,Yes,17,68,39.38,global_mobile
10464,Japan,65,Other,Student,PhD,32134.82,7.63,45,1.54,0.94,3.08,1.23,0.0,6.99,1.21,95.73,0.5,5.6,47.39,Married,No,Urban,0.13,1.44,WiFi,Xiaomi,Yes,5.5,11.3,Yes,14,101,15.12,global_mobile
10465,Russia,39,Female,Doctor,,38933.18,7.94,76,0.51,1.48,1.3,1.83,1.81,6.57,1.68,39.59,0.7,2.5,13.15,In Relationship,Yes,Rural,1.34,0.37,3G,Samsung,No,2.5,7.9,No,19,114,44.88,global_mobile
10466,USA,60,Other,Artist,PhD,5940.87,3.77,60,0.82,0.97,2.07,0.93,2.29,8.1,1.3,78.78,1.8,9.8,67.62,Single,No,Urban,1.91,1.42,WiFi,Apple,No,9.5,31.48,Yes,14,42,27.66,global_mobile
10467,USA,52,Female,Student,Bachelor's,17872.79,9.0,123,2.59,2.75,2.82,2.16,2.3,7.15,1.18,44.23,3.8,0.6,7.5,Single,Yes,Rural,1.02,0.78,WiFi,Samsung,Yes,9.5,42.87,No,9,76,69.66,global_mobile
10468,China,64,Male,Artist,,9087.55,6.1,47,3.86,1.98,2.58,1.01,3.03,5.46,1.18,96.07,0.6,4.5,14.13,In Relationship,Yes,Urban,1.16,0.66,WiFi,Apple,No,2.5,17.99,Yes,8,130,51.14,global_mobile
10469,USA,49,Female,Salesperson,,34644.59,9.25,58,1.51,2.69,1.6,1.43,2.01,7.67,1.16,39.44,3.4,2.3,48.94,Married,No,Urban,4.06,0.41,4G,Xiaomi,Yes,5.5,28.57,No,20,58,94.19,global_mobile
10470,Russia,47,Male,Doctor,High School,58000.49,7.35,52,1.79,2.35,0.16,2.07,0.77,7.36,0.76,59.85,7.1,0.1,92.96,In Relationship,Yes,Rural,2.66,0.51,3G,Other,Yes,7.5,36.89,Yes,13,64,42.13,global_mobile
10471,Russia,21,Female,Student,PhD,25565.4,5.78,46,1.8,1.85,1.86,2.34,3.72,5.6,0.75,60.62,7.1,1.5,69.5,In Relationship,No,Urban,1.17,1.21,5G,Huawei,Yes,7.5,42.62,Yes,10,113,90.32,global_mobile
10472,Mexico,32,Female,Doctor,,45705.05,4.04,68,0.36,2.97,2.7,1.13,0.05,8.46,0.39,0.44,6.7,9.1,39.28,Single,Yes,Urban,1.99,0.25,3G,Huawei,Yes,5.5,15.67,No,9,55,68.87,global_mobile
10473,Brazil,67,Other,Doctor,,4185.11,6.09,93,1.11,0.89,1.2,1.63,1.74,5.87,1.71,16.23,1.6,6.2,57.74,Divorced,Yes,Urban,0.14,1.5,5G,Other,Yes,5.5,26.89,No,16,84,7.37,global_mobile
10474,Mexico,43,Male,Unemployed,Bachelor's,62458.64,3.38,80,0.95,2.62,4.06,1.43,1.37,6.43,0.58,50.63,7.0,8.5,76.09,Married,No,Urban,2.07,0.92,5G,Samsung,No,5.5,20.48,Yes,10,123,22.47,global_mobile
10475,Nigeria,57,Female,Engineer,High School,59856.18,6.15,56,1.84,2.38,4.27,1.53,1.24,6.37,0.0,14.56,2.9,7.8,10.71,Divorced,No,Rural,1.14,0.92,3G,Samsung,No,5.5,18.63,Yes,15,34,47.85,global_mobile
10476,Nigeria,48,Female,Doctor,High School,40129.01,4.95,63,2.38,1.77,1.2,0.82,0.0,6.78,1.18,24.06,7.1,9.1,64.92,Married,Yes,Urban,1.58,0.37,3G,Samsung,Yes,5.5,2.46,No,17,64,66.73,global_mobile
10477,Russia,20,Female,Artist,High School,35289.55,7.29,102,3.19,3.81,0.06,0.97,1.63,5.32,0.25,9.25,3.0,2.9,83.39,Divorced,No,Urban,1.91,0.7,3G,Huawei,No,7.5,25.09,Yes,17,118,16.03,global_mobile
10478,India,43,Male,Student,PhD,40639.21,3.71,77,0.75,0.0,0.6,1.87,3.28,4.76,0.43,66.26,3.8,2.8,9.21,Married,No,Rural,1.15,1.34,WiFi,Xiaomi,Yes,5.5,29.63,Yes,12,127,25.98,global_mobile
10479,Nigeria,69,Male,Student,Master's,28522.1,8.04,92,1.83,1.58,1.79,1.2,2.0,6.85,1.05,13.58,3.0,8.6,51.27,Married,Yes,Rural,1.67,0.0,WiFi,Samsung,Yes,9.5,28.86,Yes,10,104,46.02,global_mobile
10480,Germany,67,Other,Salesperson,Bachelor's,50816.1,3.96,61,1.04,0.0,2.03,0.96,1.52,6.72,1.6,64.7,6.9,5.8,3.0,Single,No,Rural,0.39,0.67,WiFi,Xiaomi,Yes,9.5,31.13,Yes,13,101,68.26,global_mobile
10481,USA,64,Male,Manager,,12939.69,5.63,54,2.3,0.77,4.15,1.77,1.88,5.67,0.0,29.61,8.2,2.6,77.64,Divorced,No,Urban,0.91,0.49,5G,Samsung,No,2.5,27.47,No,19,82,24.2,global_mobile
10482,India,39,Other,Teacher,,47465.14,7.0,110,2.31,1.01,1.5,1.27,0.62,5.96,1.4,54.12,6.3,5.1,36.11,Married,No,Rural,1.93,1.03,5G,Samsung,No,5.5,6.65,No,16,106,65.6,global_mobile
10483,Russia,47,Male,Unemployed,High School,24621.71,10.36,92,1.4,2.75,2.39,2.58,3.04,6.78,1.86,0.16,3.0,9.7,6.87,Single,No,Rural,1.27,0.44,4G,Xiaomi,No,7.5,20.43,No,11,126,34.98,global_mobile
10484,Mexico,17,Female,Manager,,39912.71,5.7,96,1.96,1.4,1.85,1.92,3.24,6.01,0.73,61.66,5.4,4.9,86.32,Single,Yes,Urban,0.98,1.37,WiFi,Samsung,No,5.5,28.31,No,13,103,39.91,global_mobile
10485,USA,23,Male,Teacher,,45579.81,7.96,80,1.69,0.63,1.26,1.57,2.46,5.13,0.9,18.09,7.8,8.8,18.46,In Relationship,Yes,Urban,1.94,0.0,5G,Apple,Yes,9.5,31.96,Yes,19,98,21.86,global_mobile
10486,Nigeria,55,Female,Salesperson,High School,25801.99,4.78,51,1.96,0.0,3.37,1.49,1.73,5.89,0.65,52.39,6.7,9.7,45.76,Single,No,Urban,0.96,0.87,5G,Huawei,Yes,5.5,5.43,No,15,32,96.93,global_mobile
10487,Nigeria,37,Male,Teacher,Master's,19763.87,4.16,84,1.72,0.56,1.28,1.12,1.4,6.26,1.04,55.63,4.2,7.9,87.03,Divorced,No,Rural,0.85,0.75,3G,Xiaomi,Yes,2.5,39.61,Yes,17,137,75.8,global_mobile
10488,Germany,28,Male,Teacher,Master's,34809.97,9.25,56,1.61,2.09,4.33,2.1,1.36,7.12,0.44,8.68,3.2,9.5,51.51,Divorced,No,Urban,1.61,0.7,WiFi,Xiaomi,Yes,5.5,16.72,Yes,8,66,32.37,global_mobile
10489,Brazil,59,Female,Doctor,PhD,36901.86,4.55,64,2.15,1.61,3.13,1.35,1.04,7.04,1.65,93.25,3.6,6.0,36.95,In Relationship,Yes,Rural,2.69,1.28,5G,OnePlus,Yes,5.5,46.28,Yes,16,117,72.53,global_mobile
10490,Mexico,70,Female,Manager,Master's,27915.92,7.02,64,1.12,1.37,1.17,1.03,0.43,7.3,1.37,74.14,9.7,10.0,79.59,Married,No,Urban,1.41,0.5,5G,Xiaomi,No,7.5,27.41,No,13,152,87.33,global_mobile
10491,Russia,44,Other,Teacher,High School,490.96,2.06,44,1.93,1.45,0.03,1.45,0.44,5.51,1.61,59.49,9.9,4.0,66.83,Divorced,No,Rural,2.31,1.91,WiFi,Other,Yes,7.5,17.45,No,17,149,58.78,global_mobile
10492,Brazil,21,Male,Doctor,PhD,37970.95,3.71,38,3.14,2.75,2.82,1.11,3.66,6.36,0.31,2.06,3.3,8.5,47.53,Divorced,No,Rural,0.93,0.47,WiFi,Samsung,No,5.5,27.91,Yes,12,119,40.59,global_mobile
10493,Germany,34,Female,Artist,Bachelor's,27318.24,5.96,52,2.59,1.72,2.11,0.9,1.92,4.85,0.68,22.24,2.3,2.7,89.51,Married,No,Rural,1.52,1.39,4G,Samsung,No,9.5,41.24,No,14,101,68.51,global_mobile
10494,USA,54,Female,Unemployed,,36808.95,6.31,61,0.41,2.57,1.63,0.85,0.0,7.14,0.53,40.41,2.5,4.9,6.02,In Relationship,No,Rural,2.31,1.51,3G,Samsung,Yes,2.5,45.98,No,11,122,4.03,global_mobile
10495,Russia,65,Female,Teacher,High School,12682.37,6.05,85,3.54,3.33,1.86,2.2,1.38,6.36,0.26,80.69,5.2,6.7,34.99,Divorced,No,Rural,0.11,0.0,5G,OnePlus,No,7.5,14.07,Yes,15,76,41.21,global_mobile
10496,Japan,44,Other,Artist,PhD,48610.9,3.65,41,2.27,0.81,0.86,1.89,2.16,6.01,0.51,19.4,7.8,8.3,98.38,Divorced,Yes,Rural,2.12,1.2,WiFi,OnePlus,No,7.5,31.68,Yes,10,75,9.23,global_mobile
10497,India,70,Male,Artist,Bachelor's,29558.3,5.99,61,2.32,0.44,2.47,1.24,2.4,6.54,1.01,44.86,1.7,6.5,32.04,Married,No,Rural,0.52,0.48,3G,Other,No,2.5,28.96,Yes,12,130,31.27,global_mobile
10498,USA,33,Other,Student,,11394.03,5.66,70,0.81,0.43,0.79,0.65,3.97,7.74,0.47,22.58,7.9,5.9,70.18,In Relationship,Yes,Urban,1.4,2.07,3G,OnePlus,Yes,2.5,8.88,No,13,53,60.37,global_mobile
10499,Brazil,21,Male,Student,High School,24060.77,5.87,29,3.48,0.67,3.48,1.39,0.43,8.37,0.82,22.75,9.5,5.3,72.91,Divorced,Yes,Rural,0.56,1.29,WiFi,Xiaomi,No,9.5,28.96,No,8,89,92.05,global_mobile
10500,Russia,15,Female,Engineer,High School,54775.78,6.27,78,1.16,1.68,2.17,0.01,2.35,7.53,1.22,2.61,9.7,8.8,65.4,Married,Yes,Rural,3.14,1.09,WiFi,Samsung,No,7.5,20.51,No,17,119,22.87,global_mobile
10501,Mexico,20,Female,Student,,26691.28,3.92,92,2.15,2.6,3.25,0.09,3.11,6.07,0.88,1.55,5.9,1.8,72.64,Married,No,Urban,0.0,0.96,WiFi,Other,Yes,7.5,15.76,No,15,114,38.28,global_mobile
10502,Japan,69,Female,Teacher,High School,54901.51,3.33,99,2.46,2.42,2.62,1.35,2.21,5.95,1.05,57.9,2.1,9.5,77.23,In Relationship,Yes,Rural,1.16,0.22,5G,Huawei,Yes,5.5,17.27,Yes,13,123,40.36,global_mobile
10503,Mexico,32,Female,Engineer,Bachelor's,17973.79,9.08,57,2.24,0.0,1.89,2.03,0.43,7.06,0.46,63.11,1.7,0.0,29.65,In Relationship,No,Rural,1.74,1.44,4G,Apple,Yes,5.5,21.49,No,10,147,2.8,global_mobile
10504,Mexico,50,Female,Salesperson,High School,9967.3,5.58,134,2.09,3.51,3.78,1.19,2.28,5.93,1.03,80.27,10.0,8.9,75.46,Single,Yes,Urban,2.11,0.26,WiFi,Huawei,Yes,9.5,32.68,Yes,19,105,13.0,global_mobile
10505,Nigeria,56,Female,Artist,PhD,162.87,4.58,91,3.03,1.41,3.58,1.17,0.22,6.8,0.92,33.12,4.9,7.2,0.41,Married,Yes,Urban,0.0,0.36,5G,Samsung,Yes,9.5,28.9,Yes,14,110,14.13,global_mobile
10506,India,56,Male,Artist,PhD,39104.63,5.55,91,2.31,0.56,1.15,1.98,2.63,7.31,1.14,30.95,7.5,9.5,18.25,Married,No,Rural,1.35,1.33,3G,Huawei,No,5.5,25.22,Yes,14,114,7.72,global_mobile
10507,Germany,42,Female,Artist,High School,16402.57,6.49,58,1.22,2.54,2.45,0.93,3.29,6.1,1.42,50.47,3.4,3.6,40.96,In Relationship,Yes,Urban,1.71,0.97,5G,Apple,No,2.5,26.84,Yes,13,138,89.69,global_mobile
10508,Germany,58,Female,Salesperson,High School,42675.6,9.26,60,0.18,0.01,1.18,1.53,2.69,7.1,0.91,22.6,1.6,7.6,5.61,Divorced,No,Rural,0.94,0.21,4G,Samsung,No,5.5,32.65,Yes,11,72,54.76,global_mobile
10509,Mexico,15,Female,Engineer,PhD,14060.93,4.65,91,1.94,0.99,0.0,0.59,0.4,6.72,1.35,6.18,5.7,4.4,69.74,Single,Yes,Urban,1.72,0.67,5G,OnePlus,Yes,9.5,23.07,Yes,12,120,0.13,global_mobile
10510,Brazil,16,Female,Salesperson,High School,19551.26,8.17,70,2.06,2.82,1.76,1.74,0.38,6.17,0.71,61.22,4.1,9.9,75.01,Single,No,Urban,2.02,0.86,3G,Apple,No,2.5,17.63,Yes,12,105,5.22,global_mobile
10511,Brazil,21,Male,Student,PhD,13730.55,9.48,99,1.87,0.99,2.8,1.04,2.64,5.89,1.58,74.16,1.5,7.6,34.49,Divorced,Yes,Urban,1.97,0.4,4G,Apple,Yes,2.5,19.6,No,13,119,97.34,global_mobile
10512,India,21,Male,Doctor,Bachelor's,44724.8,6.13,106,2.93,1.48,2.48,0.83,2.8,8.26,0.85,53.32,2.9,0.7,59.25,In Relationship,No,Urban,1.1,1.08,WiFi,OnePlus,Yes,5.5,7.57,Yes,9,42,14.37,global_mobile
10513,UK,44,Female,Salesperson,Bachelor's,27847.03,6.0,85,1.02,2.58,1.23,1.68,4.06,7.06,0.58,4.29,8.6,5.1,12.39,Married,No,Urban,1.85,1.24,4G,Samsung,Yes,5.5,27.36,No,16,105,56.47,global_mobile
10514,Mexico,46,Male,Teacher,PhD,38070.96,4.55,37,2.64,0.16,2.91,1.09,2.55,6.62,1.92,32.99,2.8,6.0,2.38,In Relationship,No,Rural,2.83,0.72,5G,Xiaomi,No,2.5,34.05,No,10,128,94.21,global_mobile
10515,India,25,Female,Engineer,,53592.72,1.88,54,2.42,1.16,3.45,1.41,1.6,6.16,0.39,81.3,8.4,3.4,55.19,Divorced,No,Urban,1.65,0.43,5G,OnePlus,Yes,5.5,38.6,No,20,86,22.95,global_mobile
10516,India,15,Other,Manager,,38069.05,7.68,101,0.87,1.02,1.55,0.73,3.04,7.4,1.02,76.1,2.0,4.2,6.49,Single,No,Rural,2.02,0.0,WiFi,Xiaomi,Yes,9.5,13.92,Yes,14,99,85.2,global_mobile
10517,China,48,Male,Artist,,42775.18,7.34,46,1.85,0.0,2.65,1.41,3.2,7.42,1.42,87.22,6.9,0.3,27.22,Single,No,Rural,2.01,0.67,WiFi,Xiaomi,No,9.5,28.02,No,13,159,15.96,global_mobile
10518,Japan,37,Other,Teacher,High School,24826.87,7.85,113,2.09,1.89,1.08,1.23,2.28,7.5,1.62,12.18,8.4,8.0,13.64,Single,Yes,Urban,1.56,0.84,5G,OnePlus,No,2.5,36.11,No,19,0,11.65,global_mobile
10519,Mexico,53,Other,Unemployed,Master's,51003.46,7.66,70,2.01,1.74,2.69,1.02,1.83,5.88,1.27,76.07,9.3,8.0,20.62,In Relationship,Yes,Rural,1.0,0.68,4G,Apple,No,2.5,12.69,No,13,106,14.82,global_mobile
10520,India,27,Male,Engineer,,41902.09,3.49,53,2.2,0.02,2.32,1.9,3.62,7.36,0.8,52.32,10.0,5.3,78.08,Single,No,Urban,0.2,0.89,WiFi,OnePlus,No,2.5,18.11,No,12,142,31.58,global_mobile
10521,China,21,Male,Student,High School,23117.07,5.97,92,1.88,2.97,2.61,1.74,3.24,6.78,1.37,63.93,0.9,3.7,80.31,Divorced,No,Rural,0.0,1.1,5G,Xiaomi,No,7.5,38.57,Yes,10,83,18.07,global_mobile
10522,Mexico,50,Female,Unemployed,,35294.71,6.94,78,1.59,1.24,3.26,2.55,1.94,7.91,0.78,91.43,0.8,5.4,85.92,Married,No,Urban,0.86,0.79,3G,Samsung,Yes,2.5,20.94,Yes,9,181,25.03,global_mobile
10523,Mexico,35,Female,Salesperson,Bachelor's,21644.86,2.32,55,2.75,0.41,0.93,0.91,1.82,8.28,1.38,24.05,7.4,2.6,18.91,Single,Yes,Urban,0.0,1.0,5G,Other,Yes,5.5,21.21,Yes,8,105,35.08,global_mobile
10524,Brazil,36,Female,Student,,79829.55,6.09,61,2.16,1.36,1.66,1.62,1.88,4.96,0.66,51.94,8.0,8.0,32.0,Single,Yes,Urban,1.21,0.61,WiFi,OnePlus,No,5.5,28.35,No,13,95,12.79,global_mobile
10525,Japan,39,Male,Engineer,PhD,20892.0,7.24,87,2.4,0.68,1.02,1.26,1.0,6.19,2.05,34.87,0.1,8.2,48.81,Divorced,No,Rural,1.47,0.21,5G,Other,Yes,2.5,24.02,No,20,83,16.84,global_mobile
10526,Mexico,13,Other,Manager,PhD,12654.62,8.75,55,2.72,1.38,2.39,0.75,1.43,7.12,1.07,18.89,0.4,4.4,6.93,Married,Yes,Rural,2.31,0.23,4G,Samsung,Yes,7.5,14.16,Yes,15,56,63.18,global_mobile
10527,USA,47,Other,Doctor,Master's,37986.69,6.85,108,2.04,1.43,2.14,1.28,0.96,6.8,0.44,84.57,3.5,8.6,4.22,Single,Yes,Urban,1.69,0.25,4G,Xiaomi,Yes,2.5,27.61,Yes,8,116,72.28,global_mobile
10528,Mexico,13,Male,Student,Bachelor's,19972.93,5.09,110,2.2,3.11,2.76,0.93,1.48,6.57,1.0,38.15,2.4,1.0,46.98,Married,No,Urban,1.07,0.94,WiFi,OnePlus,Yes,5.5,14.55,Yes,8,101,69.37,global_mobile
10529,USA,32,Male,Salesperson,,48277.84,4.37,55,1.65,0.0,2.02,0.71,2.18,4.41,1.18,10.23,9.7,1.3,10.37,Single,Yes,Rural,0.13,0.71,3G,OnePlus,No,2.5,26.05,Yes,9,56,86.18,global_mobile
10530,USA,25,Other,Student,,28411.97,6.28,84,2.24,1.49,2.73,1.26,1.43,6.41,1.33,47.14,3.9,2.6,38.68,Married,No,Rural,1.77,0.44,3G,Xiaomi,No,7.5,17.13,No,15,125,63.12,global_mobile
10531,Germany,33,Other,Doctor,Master's,6758.38,4.95,68,1.65,2.21,3.16,1.79,1.44,4.51,0.95,35.47,1.0,1.9,84.5,In Relationship,Yes,Rural,2.32,0.59,WiFi,Huawei,Yes,9.5,33.79,Yes,12,114,97.97,global_mobile
10532,UK,50,Female,Engineer,Bachelor's,23492.68,9.24,51,1.24,0.2,1.36,1.41,1.74,5.75,1.0,50.65,5.2,0.7,1.06,Married,No,Urban,2.11,0.66,3G,Other,Yes,5.5,41.22,Yes,16,68,58.0,global_mobile
10533,Germany,40,Male,Salesperson,,2817.1,8.46,74,2.22,1.83,1.49,1.22,1.97,6.35,0.06,38.62,7.3,9.2,45.83,Married,No,Urban,0.34,0.0,WiFi,OnePlus,No,9.5,23.23,Yes,20,84,74.85,global_mobile
10534,Germany,40,Female,Unemployed,Master's,40351.66,4.09,54,1.89,2.46,3.42,2.04,1.08,7.85,1.37,15.93,0.3,1.2,91.53,Divorced,No,Urban,1.9,1.48,3G,Xiaomi,No,9.5,31.83,Yes,19,56,66.68,global_mobile
10535,Brazil,26,Other,Artist,Master's,18597.62,4.32,29,1.8,1.17,0.34,0.45,0.0,8.33,0.95,4.91,4.5,6.4,41.56,Married,No,Urban,1.17,0.0,3G,OnePlus,Yes,2.5,23.2,Yes,20,98,17.47,global_mobile
10536,Mexico,47,Other,Student,High School,43809.36,9.68,76,0.48,1.83,0.0,2.38,3.32,6.24,0.99,14.59,9.5,1.9,37.9,Married,Yes,Rural,2.45,2.11,4G,Apple,Yes,5.5,37.23,Yes,15,142,30.36,global_mobile
10537,Nigeria,66,Male,Engineer,Master's,40641.95,7.86,116,2.01,2.5,2.62,1.89,1.6,7.43,1.2,26.22,3.7,3.5,89.96,Single,Yes,Rural,1.4,0.27,3G,Apple,Yes,2.5,22.0,No,14,111,74.74,global_mobile
10538,China,54,Female,Artist,PhD,27490.79,7.64,92,2.73,2.79,2.29,1.63,3.14,7.33,0.79,59.88,9.0,2.8,56.49,Divorced,Yes,Rural,2.32,1.54,3G,Huawei,Yes,5.5,32.8,Yes,17,131,21.56,global_mobile
10539,Russia,29,Female,Student,Bachelor's,36311.59,5.55,110,3.61,3.36,1.12,1.27,1.25,7.89,1.57,55.92,7.3,5.2,26.31,In Relationship,No,Rural,2.49,0.46,4G,Xiaomi,No,9.5,33.1,Yes,14,87,97.28,global_mobile
10540,UK,32,Other,Manager,Master's,41257.03,6.64,82,2.64,0.0,2.53,2.07,4.19,4.26,0.8,45.81,6.0,6.8,81.97,Married,Yes,Urban,2.37,0.92,WiFi,Xiaomi,Yes,5.5,28.04,No,19,57,83.95,global_mobile
10541,UK,55,Male,Salesperson,,29583.23,5.45,58,3.14,0.49,2.7,0.91,1.93,7.32,1.65,99.92,9.4,2.9,41.25,Single,Yes,Rural,2.0,1.24,3G,Apple,Yes,2.5,33.8,No,11,115,29.69,global_mobile
10542,Nigeria,19,Male,Doctor,Bachelor's,34838.8,2.9,48,2.73,3.38,1.67,1.16,0.0,7.2,1.48,68.53,6.7,1.9,18.22,Divorced,Yes,Urban,1.06,0.88,WiFi,Other,No,7.5,29.83,Yes,20,130,12.04,global_mobile
10543,Russia,23,Male,Salesperson,,65662.64,6.6,81,1.92,2.29,4.02,1.3,3.52,7.19,0.58,30.09,1.5,6.9,25.92,Married,No,Urban,2.22,0.05,5G,Xiaomi,Yes,7.5,34.36,No,8,112,15.39,global_mobile
10544,UK,42,Female,Unemployed,High School,30155.53,4.14,100,1.54,2.32,1.1,0.84,1.05,6.13,0.92,89.81,4.7,4.4,82.27,Married,No,Rural,2.15,1.35,3G,OnePlus,No,5.5,30.25,Yes,15,148,75.36,global_mobile
10545,Germany,53,Other,Student,High School,35693.99,7.02,125,3.2,3.24,1.35,1.13,2.48,7.34,0.41,98.57,3.1,9.3,25.5,Single,No,Rural,1.69,0.95,3G,OnePlus,Yes,5.5,18.5,Yes,10,95,48.1,global_mobile
10546,USA,62,Male,Salesperson,Bachelor's,48125.58,2.24,26,2.04,1.39,2.27,0.44,3.12,7.08,1.22,43.15,6.3,0.8,15.3,Single,No,Urban,2.9,1.52,WiFi,Huawei,Yes,7.5,12.4,Yes,8,135,89.84,global_mobile
10547,India,47,Female,Unemployed,Bachelor's,36637.75,7.09,96,3.09,1.29,2.23,0.77,0.78,6.94,0.69,32.87,0.4,7.7,8.53,In Relationship,Yes,Rural,2.21,1.41,WiFi,Apple,No,7.5,4.73,Yes,12,94,49.06,global_mobile
10548,USA,39,Female,Unemployed,PhD,3902.8,5.4,89,1.64,1.11,1.48,1.83,2.17,6.98,1.0,54.01,3.9,4.2,83.41,Single,Yes,Urban,1.86,1.62,WiFi,Samsung,Yes,5.5,20.74,No,9,87,90.62,global_mobile
10549,Brazil,67,Female,Unemployed,PhD,14448.69,5.76,100,3.18,1.23,2.12,0.63,3.11,7.41,0.62,51.83,3.1,5.5,9.56,Divorced,Yes,Urban,1.94,1.95,WiFi,OnePlus,No,7.5,37.31,No,10,85,83.84,global_mobile
10550,USA,13,Other,Doctor,Master's,617.96,5.07,111,1.65,1.13,0.39,1.55,1.92,6.92,0.94,57.71,5.8,8.5,19.35,Married,Yes,Urban,1.14,0.69,5G,Huawei,Yes,9.5,29.59,No,16,129,85.21,global_mobile
10551,Germany,65,Other,Manager,Master's,12223.84,5.51,104,1.35,0.17,1.06,1.12,0.36,6.97,1.32,40.29,6.8,3.7,7.44,Single,No,Rural,0.73,1.04,WiFi,Apple,No,7.5,19.31,Yes,10,103,48.8,global_mobile
10552,USA,51,Female,Teacher,PhD,51345.23,9.96,137,0.67,1.78,0.75,0.28,2.4,7.51,1.55,71.49,5.6,6.7,69.83,Divorced,No,Rural,1.23,0.67,4G,Apple,No,7.5,26.37,Yes,8,94,69.94,global_mobile
10553,Nigeria,68,Male,Student,PhD,19013.13,7.2,38,0.48,0.56,1.04,1.97,3.17,5.56,0.23,26.72,1.2,6.4,28.47,Single,Yes,Urban,0.32,0.0,3G,Huawei,Yes,7.5,2.97,Yes,9,117,84.62,global_mobile
10554,USA,64,Female,Teacher,High School,8147.03,6.03,90,3.39,1.34,2.72,1.75,3.37,4.27,1.44,42.6,1.3,9.7,47.27,Married,No,Rural,1.41,0.27,WiFi,Other,No,9.5,30.94,Yes,19,62,8.8,global_mobile
10555,Mexico,58,Female,Salesperson,Master's,38146.93,9.94,125,1.23,0.05,2.46,0.82,1.54,5.03,0.44,21.88,2.3,6.9,87.77,In Relationship,Yes,Rural,2.28,0.76,WiFi,Samsung,No,9.5,15.35,No,16,107,23.77,global_mobile
10556,USA,59,Male,Student,High School,33088.73,5.11,105,2.96,0.15,3.33,0.52,1.45,6.41,1.1,26.73,0.1,8.0,81.68,In Relationship,Yes,Rural,2.05,0.07,4G,Other,Yes,7.5,25.19,No,12,104,49.37,global_mobile
10557,Russia,42,Other,Salesperson,PhD,28177.73,5.41,56,1.43,2.6,2.45,1.14,1.72,5.37,1.42,61.21,8.0,2.2,5.73,Single,Yes,Urban,1.6,0.13,4G,OnePlus,Yes,5.5,28.86,Yes,20,116,73.51,global_mobile
10558,India,52,Other,Engineer,High School,37634.12,3.97,55,2.12,2.34,2.08,1.55,2.35,7.36,1.48,54.81,8.9,2.7,10.82,Divorced,Yes,Urban,0.98,1.04,4G,OnePlus,No,5.5,21.86,No,17,75,39.5,global_mobile
10559,USA,61,Female,Unemployed,,15506.65,6.18,83,1.97,0.92,0.89,1.67,2.91,5.45,0.29,93.9,5.0,8.9,78.39,Single,No,Rural,1.7,0.72,3G,OnePlus,Yes,5.5,23.86,Yes,19,94,4.35,global_mobile
10560,UK,32,Female,Artist,Bachelor's,35111.87,2.21,82,3.55,0.0,4.51,1.58,1.58,6.12,0.55,34.08,6.0,1.6,69.2,Married,Yes,Urban,0.84,0.0,3G,Huawei,Yes,5.5,9.96,No,10,110,62.01,global_mobile
10561,India,18,Other,Engineer,Master's,18388.4,7.65,119,0.22,1.11,1.51,2.57,1.67,7.3,1.55,59.81,4.3,0.4,62.27,Married,No,Urban,1.68,0.7,5G,Xiaomi,No,5.5,24.77,Yes,12,85,28.33,global_mobile
10562,India,34,Female,Teacher,PhD,51037.61,5.7,91,2.34,0.69,2.33,1.97,0.68,7.22,0.31,39.86,8.7,7.6,22.18,In Relationship,No,Urban,0.15,0.92,5G,OnePlus,Yes,2.5,18.06,Yes,20,92,31.87,global_mobile
10563,Brazil,45,Female,Teacher,Bachelor's,48693.85,6.97,64,1.17,2.22,1.1,1.79,1.92,6.3,0.0,54.52,1.2,4.1,93.88,Married,Yes,Urban,2.14,0.7,5G,Other,Yes,2.5,40.02,Yes,15,128,93.94,global_mobile
10564,Brazil,67,Male,Teacher,,40002.43,8.94,103,1.82,2.46,0.74,1.82,3.05,8.77,0.39,18.43,5.3,1.5,48.24,Divorced,Yes,Rural,0.77,0.45,WiFi,Other,Yes,2.5,30.87,No,13,104,58.75,global_mobile
10565,Japan,32,Male,Artist,Master's,17462.26,4.26,35,1.87,1.71,2.77,0.79,4.2,6.63,1.77,32.8,1.3,8.7,67.64,In Relationship,Yes,Urban,1.95,0.4,3G,Samsung,Yes,5.5,33.53,Yes,18,134,58.05,global_mobile
10566,UK,65,Male,Artist,Master's,54869.24,7.28,121,0.45,3.0,2.25,1.26,1.86,7.69,1.14,53.93,0.3,6.3,19.24,Married,No,Rural,2.7,1.29,WiFi,Samsung,No,5.5,16.73,Yes,20,96,48.6,global_mobile
10567,UK,23,Male,Manager,Master's,42365.38,7.45,150,1.56,1.78,2.08,1.44,2.23,5.85,1.18,88.51,6.2,4.5,41.96,In Relationship,No,Rural,0.29,0.58,5G,Huawei,No,9.5,41.06,Yes,17,70,11.04,global_mobile
10568,Russia,70,Female,Doctor,PhD,32131.02,3.27,58,0.85,1.57,1.1,1.91,0.41,6.13,0.2,29.82,2.7,6.4,3.55,In Relationship,No,Rural,2.55,0.73,5G,OnePlus,Yes,2.5,34.08,Yes,18,96,34.02,global_mobile
10569,Germany,24,Female,Manager,,39752.83,7.76,42,1.22,2.11,1.73,0.94,3.36,8.4,0.0,70.98,5.7,8.4,64.61,Married,No,Urban,2.7,0.1,5G,Apple,Yes,2.5,37.48,No,15,34,59.83,global_mobile
10570,Brazil,27,Other,Salesperson,Master's,27256.75,4.46,61,1.37,2.37,0.64,1.7,0.96,7.38,0.88,74.64,3.6,7.3,36.02,Divorced,No,Rural,1.94,1.21,5G,Huawei,Yes,9.5,12.41,Yes,14,119,93.46,global_mobile
10571,China,35,Male,Student,Master's,28643.76,1.39,123,1.19,1.01,2.14,0.64,3.26,7.01,0.94,84.72,6.6,8.0,31.12,Divorced,No,Rural,1.5,0.25,4G,Apple,Yes,2.5,23.82,Yes,18,76,80.01,global_mobile
10572,Nigeria,47,Female,Salesperson,Bachelor's,11466.98,4.3,88,0.98,2.07,0.93,1.46,2.37,6.67,1.06,84.4,4.3,8.7,52.73,Divorced,Yes,Rural,3.14,1.05,WiFi,Samsung,No,9.5,20.23,No,11,82,47.8,global_mobile
10573,Brazil,70,Other,Unemployed,Master's,38584.45,5.57,99,1.2,0.0,2.7,2.02,2.62,4.92,2.26,41.96,1.1,0.0,78.32,Divorced,Yes,Rural,0.87,0.53,4G,Huawei,No,7.5,29.42,Yes,10,159,22.55,global_mobile
10574,Russia,44,Female,Teacher,Master's,44880.74,8.13,74,1.73,1.99,1.21,1.27,1.9,6.4,1.49,31.41,6.6,1.2,29.27,Married,Yes,Rural,0.87,0.2,WiFi,Samsung,Yes,9.5,12.79,No,11,121,15.08,global_mobile
10575,India,33,Other,Artist,Bachelor's,51912.71,6.2,37,0.92,3.08,0.51,1.01,1.34,4.48,0.77,60.83,0.7,1.3,53.47,Single,No,Urban,1.57,0.86,4G,Huawei,No,5.5,35.53,No,13,107,36.1,global_mobile
10576,India,66,Female,Engineer,,42142.36,3.81,91,1.12,2.1,0.78,1.74,2.05,5.38,1.43,42.21,2.4,5.1,75.33,In Relationship,No,Rural,1.86,0.41,WiFi,Xiaomi,No,9.5,30.61,Yes,9,76,29.75,global_mobile
10577,Nigeria,17,Male,Salesperson,,42594.28,8.15,84,2.24,0.11,1.14,2.19,1.22,6.88,0.87,82.38,7.7,6.0,69.62,In Relationship,Yes,Rural,2.71,0.23,5G,Samsung,Yes,2.5,17.52,Yes,17,109,39.41,global_mobile
10578,Japan,52,Male,Manager,High School,34575.96,7.83,82,2.8,1.34,0.73,1.67,0.76,6.11,1.88,58.15,3.9,9.9,55.24,Divorced,Yes,Rural,2.12,0.95,5G,Huawei,No,9.5,24.83,Yes,16,48,6.38,global_mobile
10579,USA,64,Other,Unemployed,Bachelor's,23780.53,5.21,86,1.51,0.93,1.05,1.62,4.15,5.26,1.23,52.6,3.8,0.5,10.91,In Relationship,Yes,Urban,0.28,0.92,4G,OnePlus,No,9.5,26.79,No,10,91,2.64,global_mobile
10580,China,25,Other,Teacher,High School,56138.91,4.55,93,0.67,1.87,1.12,1.42,0.72,6.11,0.4,28.83,1.1,9.1,59.12,Married,Yes,Urban,2.58,0.38,4G,Apple,No,9.5,20.29,No,17,55,17.82,global_mobile
10581,India,62,Female,Unemployed,High School,38379.67,4.3,90,2.59,1.67,2.09,0.96,0.05,6.61,1.46,67.72,0.2,5.3,72.31,Single,No,Rural,2.13,0.59,4G,Apple,Yes,9.5,19.28,No,8,76,77.04,global_mobile
10582,Brazil,62,Other,Student,,35117.63,5.09,88,1.88,0.0,2.14,1.87,1.59,6.63,2.0,1.91,6.2,7.0,21.27,Single,Yes,Rural,1.64,0.36,WiFi,Xiaomi,No,5.5,18.15,Yes,16,134,95.23,global_mobile
10583,China,57,Female,Doctor,Bachelor's,17850.03,3.16,54,1.84,1.57,2.63,1.54,1.31,5.81,1.03,91.15,7.0,1.6,98.16,Single,No,Urban,1.65,0.91,3G,Samsung,No,9.5,48.87,Yes,16,91,43.26,global_mobile
10584,USA,46,Male,Unemployed,Bachelor's,32448.01,6.69,83,1.55,1.84,2.67,2.25,3.89,4.95,0.24,6.71,3.4,1.2,40.59,In Relationship,Yes,Rural,0.72,1.57,3G,Apple,No,5.5,36.78,Yes,11,120,1.7,global_mobile
10585,Russia,17,Male,Unemployed,High School,47211.5,4.65,86,1.59,1.39,3.25,1.59,1.23,4.2,0.67,38.86,2.0,0.5,71.1,Married,Yes,Rural,1.37,1.45,3G,Samsung,No,9.5,18.87,Yes,11,57,23.82,global_mobile
10586,Mexico,44,Female,Salesperson,Bachelor's,42743.79,3.1,63,2.82,1.26,2.02,0.96,2.23,6.09,0.97,26.85,2.7,9.9,42.51,Married,No,Urban,1.66,2.35,4G,Samsung,Yes,2.5,18.66,No,16,80,57.87,global_mobile
10587,India,29,Male,Artist,,33114.06,7.53,111,2.43,2.04,1.01,1.74,0.65,5.81,0.75,8.15,3.7,3.4,69.82,Married,No,Urban,1.4,0.65,3G,OnePlus,Yes,2.5,22.7,Yes,8,127,83.42,global_mobile
10588,India,67,Other,Manager,PhD,19451.37,6.57,98,2.07,0.0,1.28,1.12,1.34,8.42,0.28,74.39,7.6,3.1,12.91,Divorced,No,Rural,1.77,0.0,4G,OnePlus,No,7.5,15.77,No,10,68,75.19,global_mobile
10589,Nigeria,42,Female,Artist,Bachelor's,34654.41,8.73,66,0.16,1.72,1.56,2.05,3.48,7.33,1.19,0.14,2.8,0.5,31.67,Divorced,Yes,Urban,3.67,0.39,4G,OnePlus,No,5.5,32.32,Yes,11,131,15.14,global_mobile
10590,China,41,Other,Salesperson,Master's,29888.62,3.61,102,0.87,1.34,2.47,2.17,2.67,4.92,1.09,40.13,6.7,1.1,40.45,Divorced,Yes,Urban,1.14,0.54,4G,OnePlus,Yes,2.5,19.67,No,11,156,87.53,global_mobile
10591,Mexico,64,Female,Manager,High School,17467.88,6.96,80,0.27,2.0,1.91,0.29,3.17,8.05,0.88,42.41,6.4,7.2,3.7,Single,No,Urban,1.84,1.28,4G,Samsung,No,2.5,22.4,Yes,11,121,65.41,global_mobile
10592,Germany,28,Other,Teacher,High School,23935.67,6.84,112,2.57,2.52,2.42,1.99,1.67,7.46,1.35,70.27,8.8,3.6,7.01,Single,Yes,Rural,1.74,0.8,4G,Huawei,Yes,2.5,21.58,Yes,17,116,5.35,global_mobile
10593,Mexico,57,Female,Doctor,PhD,52748.35,6.07,144,1.38,1.76,2.46,1.73,2.9,6.67,0.83,81.57,5.7,8.2,14.77,In Relationship,No,Urban,0.44,0.79,4G,OnePlus,Yes,2.5,38.06,Yes,17,109,42.16,global_mobile
10594,China,59,Male,Doctor,Master's,15696.73,7.33,68,2.26,0.0,2.33,1.77,1.96,6.49,1.99,80.74,8.3,8.7,41.6,In Relationship,No,Urban,2.83,0.61,5G,Apple,Yes,9.5,30.36,Yes,11,142,62.3,global_mobile
10595,Brazil,13,Other,Teacher,PhD,41703.7,4.54,52,4.0,0.23,0.53,2.14,3.05,6.24,1.63,20.95,3.0,5.0,13.15,Married,No,Urban,1.41,0.89,5G,OnePlus,Yes,9.5,20.83,Yes,11,124,64.97,global_mobile
10596,Russia,36,Male,Student,Master's,34503.53,6.26,63,1.72,0.43,1.79,1.03,2.76,6.72,0.27,71.49,3.4,3.6,67.32,Divorced,Yes,Urban,1.1,0.98,4G,Other,Yes,2.5,23.06,No,17,113,25.52,global_mobile
10597,China,67,Female,Engineer,Bachelor's,41632.0,6.73,54,1.84,2.67,1.63,1.11,0.0,6.56,1.25,39.81,1.5,4.0,86.01,In Relationship,Yes,Rural,1.28,0.72,WiFi,Xiaomi,Yes,2.5,22.33,No,9,108,37.36,global_mobile
10598,Japan,33,Male,Engineer,,0.0,9.19,89,2.14,1.84,1.92,1.86,0.84,3.63,0.61,10.06,4.7,2.1,53.36,Single,No,Urban,1.93,0.26,4G,Samsung,Yes,5.5,35.43,Yes,20,102,48.77,global_mobile
10599,Japan,29,Female,Doctor,Master's,40112.03,7.76,117,1.75,2.24,1.9,0.63,2.7,6.39,0.83,45.91,2.4,0.8,34.67,In Relationship,Yes,Urban,1.26,1.01,4G,Other,Yes,7.5,23.8,Yes,10,99,71.34,global_mobile
10600,Germany,37,Male,Salesperson,High School,19839.36,9.96,110,2.29,1.29,3.41,1.2,1.83,4.23,1.26,93.59,2.5,5.5,12.84,In Relationship,No,Urban,3.21,0.56,5G,OnePlus,No,5.5,19.41,No,8,73,95.5,global_mobile
10601,Brazil,30,Male,Salesperson,Bachelor's,26645.82,4.95,82,2.24,1.34,2.64,1.14,3.04,5.68,0.9,92.45,3.7,0.3,1.02,In Relationship,No,Rural,0.82,0.56,4G,Huawei,Yes,7.5,44.99,No,9,95,41.39,global_mobile
10602,Mexico,48,Female,Manager,,51663.64,4.72,55,1.82,1.68,1.04,1.2,2.52,7.87,1.1,90.79,5.0,2.3,9.15,Divorced,No,Rural,1.29,0.28,3G,OnePlus,Yes,9.5,31.61,No,13,69,53.61,global_mobile
10603,Brazil,34,Male,Teacher,,59326.52,5.05,83,1.62,0.0,1.58,1.32,1.87,6.96,1.24,44.14,9.7,6.6,12.57,Divorced,No,Urban,0.32,1.07,WiFi,Samsung,No,9.5,11.97,Yes,18,89,52.0,global_mobile
10604,UK,45,Female,Unemployed,Bachelor's,40349.33,4.24,100,3.41,1.21,0.0,1.59,1.44,5.59,0.91,81.53,5.9,3.0,39.49,Single,Yes,Rural,2.84,1.36,4G,Samsung,No,2.5,34.99,Yes,8,99,76.47,global_mobile
10605,Japan,45,Female,Student,High School,45622.7,5.19,88,0.83,2.47,3.35,1.68,3.14,4.49,1.54,24.84,8.4,0.3,41.54,In Relationship,Yes,Rural,1.5,1.09,5G,Xiaomi,No,7.5,19.47,Yes,15,130,37.63,global_mobile
10606,Brazil,69,Female,Doctor,PhD,21498.58,8.12,167,2.61,1.19,0.55,1.7,2.79,9.14,0.08,25.77,5.7,1.2,49.34,In Relationship,Yes,Urban,2.04,1.24,3G,Other,No,5.5,25.58,Yes,8,123,37.92,global_mobile
10607,Brazil,46,Female,Teacher,Bachelor's,3004.37,6.96,66,0.02,1.6,2.85,1.41,0.17,6.12,1.17,38.18,4.2,4.1,60.25,Married,No,Rural,1.77,0.84,3G,OnePlus,Yes,9.5,13.81,No,14,144,90.56,global_mobile
10608,USA,52,Female,Unemployed,High School,40570.08,6.99,96,2.48,3.1,2.14,1.8,3.18,5.17,1.37,40.08,7.9,2.9,26.94,In Relationship,Yes,Urban,2.22,0.29,4G,Samsung,Yes,2.5,9.45,Yes,10,105,47.22,global_mobile
10609,Mexico,46,Female,Doctor,,22610.86,5.92,54,0.0,2.99,1.18,0.77,2.1,6.04,0.0,87.85,6.2,4.3,41.26,In Relationship,No,Urban,1.33,0.47,4G,Samsung,Yes,2.5,37.28,Yes,14,91,91.48,global_mobile
10610,Brazil,13,Other,Student,PhD,3102.12,6.54,71,1.23,0.55,3.62,1.09,1.57,4.84,1.0,90.73,0.8,5.8,62.6,Married,Yes,Urban,1.14,0.83,WiFi,Huawei,No,9.5,18.68,Yes,18,114,52.06,global_mobile
10611,Russia,69,Female,Unemployed,PhD,37872.77,6.49,87,1.4,0.99,3.34,1.7,2.78,5.31,1.52,40.17,2.5,2.0,25.47,Divorced,Yes,Rural,0.55,1.1,5G,Apple,No,9.5,19.11,Yes,18,82,57.2,global_mobile
10612,India,57,Female,Unemployed,Bachelor's,19333.24,7.2,91,1.81,1.15,2.38,0.71,2.53,6.02,0.72,22.12,0.0,9.8,46.85,Married,No,Rural,1.31,1.11,3G,Xiaomi,Yes,7.5,32.56,Yes,15,46,73.09,global_mobile
10613,Japan,61,Other,Artist,Bachelor's,11638.2,4.22,49,2.87,0.86,1.11,1.71,1.91,6.91,1.35,39.72,4.9,10.0,72.27,In Relationship,Yes,Urban,1.15,0.46,4G,Xiaomi,No,9.5,38.03,No,14,35,51.24,global_mobile
10614,Germany,53,Male,Student,,33154.6,5.21,64,2.9,1.28,1.58,1.25,1.41,5.21,1.06,47.97,2.7,5.7,69.49,In Relationship,Yes,Urban,1.53,0.14,5G,Huawei,No,9.5,34.22,No,13,109,80.55,global_mobile
10615,Mexico,43,Female,Salesperson,PhD,21661.99,5.37,36,2.4,1.8,0.63,1.83,0.72,6.95,0.76,57.13,3.4,3.9,51.44,In Relationship,No,Rural,0.82,0.41,4G,OnePlus,Yes,9.5,27.66,No,14,124,84.55,global_mobile
10616,UK,15,Other,Manager,High School,13812.01,4.24,108,0.23,2.34,0.96,1.36,3.31,6.81,0.99,31.77,7.3,7.9,75.45,Divorced,Yes,Rural,0.94,0.74,5G,Xiaomi,No,2.5,0.0,Yes,18,114,88.59,global_mobile
10617,Japan,37,Other,Teacher,PhD,46662.22,6.79,61,2.15,2.24,2.69,1.05,2.36,6.67,1.23,70.96,6.4,9.1,17.06,Divorced,Yes,Urban,1.38,1.3,4G,Xiaomi,Yes,9.5,22.77,Yes,18,114,81.26,global_mobile
10618,Brazil,46,Female,Teacher,PhD,44692.91,5.31,48,2.21,1.0,3.23,0.45,3.29,6.11,1.23,81.0,3.0,5.5,5.97,In Relationship,Yes,Urban,1.89,1.37,4G,Other,No,7.5,21.9,Yes,8,97,93.04,global_mobile
10619,India,51,Female,Manager,Bachelor's,0.0,3.81,64,1.46,2.79,2.14,1.34,2.06,7.25,1.21,16.36,5.9,3.6,63.99,Divorced,Yes,Urban,0.15,0.5,4G,Huawei,Yes,2.5,2.86,Yes,9,118,90.28,global_mobile
10620,UK,16,Other,Artist,Master's,19775.1,4.71,86,0.92,1.34,2.86,1.66,1.63,6.0,0.79,12.48,5.6,7.4,37.26,Single,Yes,Urban,2.03,1.67,3G,Other,Yes,2.5,29.7,No,16,46,42.32,global_mobile
10621,UK,18,Male,Doctor,Master's,9333.55,6.31,67,2.76,0.06,2.91,1.49,2.23,5.39,1.86,19.22,0.8,6.3,65.35,In Relationship,No,Urban,0.74,1.81,3G,Apple,No,9.5,37.43,No,14,145,50.55,global_mobile
10622,USA,69,Male,Student,Bachelor's,23733.29,8.13,93,1.49,2.14,1.34,1.02,2.84,5.78,1.57,2.9,6.8,9.4,41.57,In Relationship,Yes,Urban,1.22,0.9,3G,OnePlus,No,2.5,26.87,No,12,38,56.32,global_mobile
10623,Russia,37,Other,Salesperson,,65387.94,7.49,69,2.38,2.76,0.3,1.46,2.32,4.97,0.73,11.24,9.9,4.0,24.14,Married,No,Urban,1.59,1.0,4G,Samsung,Yes,2.5,37.92,No,8,82,2.6,global_mobile
10624,Brazil,44,Female,Manager,High School,24876.98,2.59,102,2.85,2.52,1.02,1.88,2.7,4.79,1.09,25.57,0.9,5.4,21.15,Divorced,No,Urban,0.46,1.25,3G,Samsung,Yes,9.5,17.11,Yes,9,109,87.81,global_mobile
10625,India,23,Other,Unemployed,PhD,38271.74,7.62,79,4.29,1.02,2.04,1.26,1.59,5.8,1.41,59.26,4.5,4.3,1.41,In Relationship,No,Urban,1.77,0.82,3G,OnePlus,No,2.5,29.51,No,12,96,23.17,global_mobile
10626,Japan,39,Other,Salesperson,High School,29704.76,5.54,71,2.82,1.07,1.76,1.78,1.72,7.74,0.94,47.21,7.9,4.8,4.42,Single,No,Rural,1.5,0.78,5G,OnePlus,Yes,9.5,21.73,No,18,99,95.98,global_mobile
10627,Russia,47,Female,Manager,High School,23154.3,7.09,53,2.65,0.21,1.33,1.58,4.17,7.26,0.38,45.1,6.3,0.4,32.86,Married,Yes,Rural,0.0,0.0,4G,Apple,Yes,5.5,0.0,Yes,13,114,2.16,global_mobile
10628,Russia,64,Female,Student,Bachelor's,40619.11,7.18,50,2.58,2.05,1.87,0.61,1.0,5.28,1.46,9.45,0.6,6.2,49.01,Single,Yes,Rural,1.54,0.02,4G,Samsung,Yes,9.5,41.7,No,18,57,85.87,global_mobile
10629,UK,42,Male,Doctor,Bachelor's,12602.11,3.87,79,1.86,1.19,3.11,1.47,0.52,5.6,1.32,61.14,8.8,8.4,21.48,Divorced,No,Urban,1.68,0.66,4G,Xiaomi,No,2.5,39.09,No,14,82,87.07,global_mobile
10630,China,55,Other,Manager,PhD,2198.9,6.93,82,1.29,1.26,1.55,1.41,0.88,6.37,1.11,57.0,1.4,2.5,57.81,Divorced,Yes,Rural,2.08,0.72,WiFi,OnePlus,Yes,9.5,17.54,No,18,112,84.26,global_mobile
10631,Nigeria,20,Other,Student,Master's,7687.77,8.84,106,2.07,1.17,3.48,1.6,2.57,7.55,0.69,65.43,6.9,6.6,10.22,Married,No,Urban,1.93,1.09,4G,Other,Yes,5.5,27.58,No,8,115,80.21,global_mobile
10632,India,29,Other,Salesperson,Bachelor's,29807.29,2.48,68,3.39,1.71,2.2,2.01,0.84,7.33,1.63,80.68,1.2,9.4,93.03,Married,No,Rural,1.8,0.54,3G,Other,No,5.5,21.94,No,10,131,73.78,global_mobile
10633,Germany,30,Male,Artist,High School,38419.03,4.02,87,1.2,0.0,1.48,1.32,3.55,6.86,1.13,55.19,7.1,9.2,23.55,In Relationship,Yes,Rural,1.26,0.0,4G,Apple,No,9.5,15.92,Yes,11,180,19.28,global_mobile
10634,UK,27,Other,Student,PhD,31312.61,7.04,72,2.22,3.42,0.33,1.64,0.84,6.06,1.23,45.06,9.3,4.3,72.69,Married,Yes,Rural,1.53,1.34,5G,Huawei,No,5.5,25.31,Yes,8,111,25.12,global_mobile
10635,China,53,Other,Doctor,Master's,23749.77,6.7,95,3.02,1.73,1.29,1.48,1.49,7.71,1.09,77.5,4.2,1.0,83.0,In Relationship,No,Urban,3.03,0.84,4G,Huawei,No,9.5,30.0,Yes,20,94,48.89,global_mobile
10636,UK,29,Male,Unemployed,High School,44569.59,6.19,68,0.72,0.79,2.29,2.55,2.9,6.32,1.37,76.78,2.1,8.6,2.43,Single,Yes,Urban,0.86,0.77,4G,Samsung,No,2.5,15.76,No,10,91,3.69,global_mobile
10637,India,37,Other,Engineer,,21053.58,4.0,112,3.08,2.03,3.32,1.22,1.14,5.33,0.66,41.48,7.4,0.2,90.95,Divorced,No,Rural,3.19,0.48,WiFi,Samsung,Yes,7.5,12.51,Yes,18,111,15.73,global_mobile
10638,Russia,16,Female,Unemployed,,17348.96,5.42,12,3.0,1.24,2.07,2.31,0.77,6.67,1.39,63.19,5.0,8.5,22.81,Married,Yes,Rural,1.05,0.39,4G,Huawei,No,5.5,29.22,No,18,144,60.32,global_mobile
10639,China,55,Other,Student,,30838.88,6.01,86,1.87,1.91,0.49,1.48,2.98,5.57,1.65,97.68,5.1,6.0,24.39,Divorced,Yes,Rural,0.71,0.83,3G,OnePlus,Yes,5.5,13.52,No,11,101,14.05,global_mobile
10640,Japan,56,Other,Salesperson,Master's,25647.97,5.46,63,1.55,0.85,2.27,1.84,3.3,7.61,0.49,34.39,7.4,4.5,89.51,Single,No,Rural,0.27,0.8,4G,Samsung,Yes,7.5,30.27,No,8,85,4.28,global_mobile
10641,USA,16,Male,Student,Master's,13472.79,5.71,92,2.2,0.37,1.68,1.93,1.94,5.37,0.63,73.91,7.8,7.4,53.24,Single,Yes,Urban,3.36,1.04,5G,OnePlus,Yes,2.5,40.66,No,11,96,98.94,global_mobile
10642,USA,38,Male,Student,PhD,55632.79,3.99,126,3.13,1.03,1.8,1.64,1.79,8.75,1.31,47.08,1.9,3.3,21.41,In Relationship,Yes,Rural,4.11,1.04,3G,OnePlus,No,9.5,16.48,Yes,18,112,23.43,global_mobile
10643,Japan,17,Other,Engineer,PhD,14666.87,4.41,125,3.22,0.69,1.31,0.96,0.14,6.21,0.57,31.22,9.8,9.3,47.55,Single,No,Rural,0.32,1.42,5G,Other,No,7.5,28.7,No,19,114,12.63,global_mobile
10644,China,34,Other,Unemployed,PhD,56499.79,6.7,91,1.59,0.95,2.03,1.31,3.16,5.52,0.4,25.1,0.6,1.4,41.41,In Relationship,No,Rural,2.33,0.51,4G,Apple,No,9.5,47.47,No,15,128,47.19,global_mobile
10645,China,40,Other,Teacher,PhD,27066.18,5.45,68,0.51,1.21,4.95,0.77,2.54,5.54,0.65,33.24,3.0,2.2,9.26,Single,No,Urban,2.1,1.55,4G,OnePlus,No,7.5,31.61,Yes,15,125,29.66,global_mobile
10646,USA,52,Male,Teacher,High School,41933.48,8.74,100,3.49,0.9,1.15,1.28,2.87,6.05,1.81,70.92,1.8,2.5,61.73,Married,Yes,Urban,0.0,0.96,WiFi,Xiaomi,Yes,2.5,34.97,Yes,8,32,44.37,global_mobile
10647,UK,62,Female,Student,Master's,56394.39,5.78,77,2.16,1.82,3.18,1.25,2.9,7.84,0.87,22.75,8.3,4.8,37.26,Married,No,Rural,0.44,1.68,3G,Xiaomi,Yes,7.5,30.14,No,14,87,64.92,global_mobile
10648,Nigeria,42,Male,Manager,Master's,34009.95,4.91,64,3.7,0.59,1.02,1.46,3.42,6.94,0.91,35.2,4.2,1.9,50.54,Married,No,Rural,1.01,0.83,3G,Apple,No,2.5,33.59,Yes,10,89,61.25,global_mobile
10649,Germany,22,Male,Teacher,PhD,18528.9,5.72,79,0.0,1.1,2.52,0.82,3.39,7.53,1.39,99.41,5.1,7.1,15.94,Married,Yes,Urban,0.33,0.9,4G,Huawei,No,5.5,8.46,No,9,94,25.58,global_mobile
10650,Mexico,19,Other,Engineer,Bachelor's,23108.52,6.29,46,2.43,0.19,1.56,1.83,1.89,4.28,0.68,38.65,3.2,9.5,27.58,Divorced,Yes,Rural,1.86,1.8,WiFi,Xiaomi,No,2.5,38.94,No,20,134,69.04,global_mobile
10651,China,58,Female,Artist,High School,23470.82,6.11,54,4.2,1.75,3.21,1.53,1.44,6.33,0.92,86.04,4.8,3.6,1.57,In Relationship,Yes,Rural,2.19,0.7,4G,Xiaomi,Yes,5.5,10.62,No,12,113,23.18,global_mobile
10652,China,47,Male,Student,High School,41942.08,8.53,70,2.01,0.82,1.62,2.57,2.3,4.84,0.31,13.35,0.2,1.3,17.11,Single,Yes,Urban,1.61,0.35,4G,Other,Yes,7.5,19.19,Yes,8,74,64.43,global_mobile
10653,USA,34,Male,Artist,High School,27525.33,3.87,62,3.58,2.45,2.45,1.22,2.31,6.13,1.39,58.67,3.8,5.9,68.21,Divorced,Yes,Urban,0.99,0.7,WiFi,OnePlus,No,2.5,11.61,No,11,95,59.48,global_mobile
10654,India,57,Other,Engineer,Bachelor's,29373.25,6.12,110,2.43,1.23,1.37,2.11,1.12,8.0,0.94,26.1,1.4,2.1,32.18,Single,No,Urban,1.64,0.89,5G,Apple,Yes,7.5,32.72,Yes,19,71,61.45,global_mobile
10655,China,41,Female,Manager,Bachelor's,30761.45,5.34,56,0.68,2.07,2.26,1.4,2.52,7.01,0.49,62.72,6.4,4.8,17.37,In Relationship,Yes,Rural,2.08,0.15,3G,Samsung,Yes,9.5,30.9,No,12,104,92.72,global_mobile
10656,Germany,14,Other,Student,PhD,52279.75,5.24,68,0.43,2.32,0.43,1.23,2.06,6.27,1.49,46.34,7.3,3.6,57.44,Single,No,Rural,1.85,0.0,3G,Apple,No,7.5,28.12,No,8,107,51.59,global_mobile
10657,Mexico,13,Female,Salesperson,Bachelor's,10317.84,7.66,78,3.14,1.0,3.44,1.36,1.94,6.5,0.67,46.33,6.0,1.6,85.34,Single,No,Urban,0.0,0.2,4G,Other,Yes,2.5,33.87,Yes,20,108,14.4,global_mobile
10658,UK,54,Male,Engineer,PhD,41635.37,6.2,112,0.74,2.47,2.55,2.23,0.0,7.07,1.37,29.3,4.3,2.5,35.62,Married,No,Rural,0.81,1.0,3G,Xiaomi,No,9.5,25.94,No,8,76,47.95,global_mobile
10659,Japan,36,Male,Manager,Master's,25455.32,6.38,90,2.55,1.07,1.84,2.2,1.97,6.3,0.53,7.93,0.4,1.7,48.73,Married,No,Rural,1.12,0.8,WiFi,Other,No,7.5,32.73,Yes,16,105,43.94,global_mobile
10660,Brazil,30,Male,Artist,Bachelor's,13237.37,5.77,119,2.57,2.33,0.0,2.41,2.71,6.33,1.46,10.96,5.9,1.3,51.25,Married,No,Urban,1.93,0.22,4G,Samsung,Yes,9.5,17.85,Yes,10,136,15.38,global_mobile
10661,Germany,35,Female,Manager,PhD,24611.88,7.63,104,1.39,0.86,2.01,1.41,2.85,8.26,0.11,31.92,1.8,9.0,33.36,In Relationship,No,Rural,1.53,0.48,3G,Huawei,No,7.5,34.31,Yes,11,40,86.04,global_mobile
10662,USA,17,Male,Salesperson,High School,22615.72,2.03,100,2.86,0.9,2.16,0.94,2.23,4.13,1.32,50.22,7.5,8.8,2.71,Single,Yes,Urban,0.24,1.08,3G,OnePlus,No,5.5,30.13,Yes,16,131,65.93,global_mobile
10663,India,56,Male,Doctor,Bachelor's,25870.83,7.84,55,2.83,2.22,1.15,2.18,2.15,6.07,0.63,25.13,5.6,5.1,14.28,Single,No,Rural,0.43,0.58,5G,Apple,No,2.5,28.23,No,17,130,21.56,global_mobile
10664,Russia,68,Female,Unemployed,Master's,28407.52,5.16,122,1.4,3.46,0.0,1.69,0.89,6.47,1.33,97.58,9.9,4.2,20.65,In Relationship,No,Urban,0.0,0.67,WiFi,OnePlus,Yes,5.5,19.24,Yes,10,119,40.02,global_mobile
10665,UK,30,Other,Artist,Master's,36059.78,3.68,118,2.73,2.73,3.26,1.59,2.47,6.17,0.68,38.38,9.8,0.5,2.24,In Relationship,No,Rural,1.51,1.76,4G,Other,Yes,5.5,32.23,No,11,145,72.63,global_mobile
10666,Germany,61,Male,Manager,Bachelor's,21254.31,6.42,73,2.34,1.66,2.47,0.85,2.33,6.66,0.01,97.51,6.7,4.9,88.98,In Relationship,Yes,Rural,1.88,0.2,4G,Xiaomi,Yes,5.5,33.52,No,19,102,11.05,global_mobile
10667,Russia,14,Female,Salesperson,High School,8695.46,6.0,70,2.52,0.0,1.07,2.15,1.54,7.92,0.88,38.79,7.7,7.5,85.68,Divorced,No,Urban,0.76,0.51,4G,Other,Yes,7.5,1.73,No,12,65,30.23,global_mobile
10668,USA,69,Female,Salesperson,,34317.55,7.3,64,3.13,0.0,1.13,0.5,1.82,6.98,1.21,82.01,10.0,7.6,18.21,Single,Yes,Urban,1.88,0.55,WiFi,Huawei,No,2.5,29.6,Yes,12,127,39.54,global_mobile
10669,USA,58,Male,Unemployed,Bachelor's,34292.29,6.14,83,0.83,1.59,2.8,1.62,3.34,5.65,1.24,67.47,9.4,5.6,74.58,Single,Yes,Rural,1.21,0.93,4G,Samsung,No,2.5,28.03,Yes,11,142,35.84,global_mobile
10670,Nigeria,67,Male,Doctor,High School,29049.14,7.07,55,0.42,4.07,1.56,1.44,2.8,7.27,0.91,13.82,0.9,3.8,84.44,Married,No,Rural,1.24,0.46,WiFi,Apple,No,9.5,31.17,No,20,95,94.13,global_mobile
10671,Russia,21,Other,Salesperson,Master's,25833.0,3.92,71,2.27,0.17,1.69,1.34,3.1,6.71,1.26,93.89,7.1,7.9,12.23,Divorced,Yes,Rural,1.56,1.35,3G,Xiaomi,Yes,7.5,11.87,Yes,20,49,40.06,global_mobile
10672,India,62,Female,Doctor,,33658.36,5.64,52,1.86,1.01,2.32,1.07,3.11,5.68,0.85,97.96,1.8,7.0,85.92,Married,No,Urban,1.82,1.57,4G,Samsung,No,7.5,27.02,Yes,11,103,27.16,global_mobile
10673,UK,45,Male,Teacher,PhD,23022.36,6.07,97,2.79,0.01,2.22,1.35,1.02,5.85,0.2,84.49,3.0,1.2,2.56,In Relationship,No,Rural,1.14,1.25,3G,Apple,No,2.5,31.18,Yes,13,131,10.06,global_mobile
10674,USA,61,Other,Salesperson,Bachelor's,30318.57,9.49,102,2.08,2.28,2.5,2.08,2.6,5.73,0.51,37.77,7.4,4.5,56.4,In Relationship,Yes,Urban,1.31,1.14,WiFi,Xiaomi,No,2.5,27.79,Yes,16,72,48.15,global_mobile
10675,USA,33,Female,Doctor,Bachelor's,54802.69,7.31,99,1.77,2.3,2.61,1.61,2.76,5.89,1.07,8.8,3.6,6.4,84.07,Married,Yes,Rural,2.77,0.0,3G,Huawei,No,5.5,37.29,Yes,20,91,0.94,global_mobile
10676,Mexico,17,Male,Doctor,High School,11576.87,6.6,89,1.74,0.61,1.08,1.26,2.6,6.54,1.34,51.56,2.1,0.5,82.49,Married,No,Urban,2.92,0.82,3G,Xiaomi,No,9.5,25.07,Yes,9,119,98.29,global_mobile
10677,India,23,Other,Teacher,,13241.03,4.42,72,2.41,2.23,1.88,1.26,1.56,7.48,0.43,47.64,9.5,0.7,60.6,Married,No,Rural,1.09,0.85,3G,Apple,Yes,9.5,30.2,Yes,9,100,93.85,global_mobile
10678,UK,17,Male,Engineer,PhD,36691.21,3.64,102,1.07,0.0,2.27,2.06,1.8,7.57,1.07,73.58,6.6,9.6,30.64,In Relationship,No,Rural,2.59,0.13,5G,Other,Yes,7.5,20.16,No,9,94,3.36,global_mobile
10679,China,29,Female,Doctor,,16587.6,6.13,67,1.84,1.99,2.46,1.1,1.4,3.68,1.51,63.54,0.5,9.5,92.21,Divorced,Yes,Urban,0.34,0.64,4G,Apple,No,7.5,15.55,Yes,17,80,24.04,global_mobile
10680,India,39,Male,Teacher,PhD,36799.43,6.02,87,3.8,3.34,4.09,1.75,1.98,6.03,0.56,96.6,9.6,8.4,27.65,Married,Yes,Urban,0.62,0.75,3G,Other,Yes,7.5,24.4,Yes,15,84,64.22,global_mobile
10681,Japan,37,Female,Teacher,Master's,43284.21,2.63,67,1.41,2.85,2.63,1.98,1.98,6.21,0.82,38.91,6.2,4.5,89.6,Married,Yes,Rural,0.41,0.96,WiFi,Xiaomi,No,7.5,23.01,No,16,90,87.33,global_mobile
10682,Russia,60,Female,Engineer,High School,20821.73,6.67,72,2.5,1.82,3.15,1.37,1.68,5.99,1.65,9.17,5.5,5.6,50.14,Divorced,Yes,Urban,0.67,0.34,3G,Other,Yes,2.5,24.3,Yes,12,83,23.54,global_mobile
10683,Nigeria,49,Male,Unemployed,Bachelor's,16222.85,9.54,88,2.22,0.93,2.49,0.38,2.53,7.1,1.18,11.58,9.9,0.2,70.16,Divorced,No,Rural,0.71,1.08,4G,Samsung,No,2.5,12.99,Yes,13,126,68.0,global_mobile
10684,Germany,12,Male,Doctor,,25576.25,5.97,113,3.17,1.42,2.61,0.64,3.52,6.61,1.29,80.57,7.6,9.1,43.59,Married,Yes,Rural,1.54,1.08,WiFi,Other,No,9.5,16.45,No,8,106,2.41,global_mobile
10685,China,61,Female,Engineer,,50828.94,9.49,72,2.22,2.86,2.45,1.89,2.47,6.3,0.17,67.07,3.9,1.2,10.93,Divorced,No,Urban,0.44,1.72,5G,Samsung,Yes,7.5,17.16,Yes,10,101,70.64,global_mobile
10686,India,64,Male,Engineer,,33817.09,8.56,84,1.54,0.58,0.59,1.71,0.88,7.47,0.59,49.22,1.8,5.6,41.82,Single,No,Urban,1.19,0.62,5G,Apple,Yes,2.5,19.61,No,13,107,40.96,global_mobile
10687,China,23,Other,Salesperson,PhD,885.98,3.9,105,2.57,1.67,1.8,2.14,2.43,6.31,0.44,77.69,4.1,1.4,91.75,Married,Yes,Rural,1.38,0.88,4G,Samsung,Yes,7.5,14.53,No,20,145,64.87,global_mobile
10688,Mexico,15,Female,Salesperson,Master's,10676.52,4.31,107,2.31,2.32,1.33,1.39,2.28,6.84,1.19,25.57,1.4,2.0,86.23,In Relationship,No,Urban,1.43,1.0,5G,Apple,Yes,5.5,8.14,No,17,129,63.95,global_mobile
10689,UK,42,Male,Teacher,Master's,28439.67,4.97,143,1.9,1.75,1.93,2.32,2.98,5.48,0.93,12.25,3.6,6.8,56.4,Divorced,No,Rural,2.32,0.0,3G,OnePlus,Yes,7.5,10.81,No,14,104,17.62,global_mobile
10690,Russia,21,Male,Student,Master's,31951.13,6.84,82,2.38,2.13,3.84,0.49,2.72,5.38,1.61,46.88,2.7,9.5,27.36,Married,Yes,Rural,0.38,0.71,3G,Huawei,No,9.5,27.21,No,14,76,90.27,global_mobile
10691,Brazil,22,Other,Unemployed,High School,35667.21,6.2,109,0.98,1.72,3.33,1.3,2.23,6.36,0.63,21.56,5.8,1.8,89.6,Married,Yes,Rural,1.97,0.18,3G,Huawei,Yes,9.5,9.19,Yes,17,100,26.05,global_mobile
10692,USA,28,Male,Engineer,Bachelor's,22610.87,6.9,43,2.46,2.52,1.98,2.78,3.27,7.98,0.0,15.82,2.9,9.6,93.28,Married,Yes,Rural,0.33,0.99,5G,Xiaomi,No,9.5,27.27,No,13,95,56.9,global_mobile
10693,India,35,Female,Doctor,Bachelor's,5413.63,5.35,23,3.25,0.61,2.45,1.71,2.57,6.21,0.85,50.27,2.1,3.9,2.79,In Relationship,No,Urban,2.15,0.44,3G,Huawei,No,7.5,18.51,No,16,108,54.68,global_mobile
10694,Nigeria,59,Female,Manager,High School,37227.23,4.14,81,0.99,2.93,2.98,0.97,2.62,7.79,0.97,45.89,6.2,10.0,47.06,Divorced,No,Rural,0.81,1.19,WiFi,Xiaomi,Yes,7.5,31.87,No,17,110,14.93,global_mobile
10695,Brazil,16,Male,Salesperson,High School,14082.19,7.54,68,2.62,2.37,2.82,1.8,1.71,7.74,0.55,36.63,1.3,3.0,52.9,Single,Yes,Rural,1.56,0.68,WiFi,Huawei,No,7.5,31.86,Yes,15,100,40.79,global_mobile
10696,Germany,17,Female,Salesperson,PhD,39139.1,6.13,39,1.44,1.77,0.18,1.67,1.8,6.72,0.44,82.47,3.7,3.2,41.28,In Relationship,Yes,Rural,0.31,0.06,4G,Samsung,Yes,7.5,12.76,No,14,107,31.49,global_mobile
10697,Nigeria,35,Female,Student,Master's,17326.38,7.58,77,1.9,1.5,2.53,1.0,3.17,5.53,0.54,92.36,0.7,2.4,63.82,Married,Yes,Urban,2.25,0.4,WiFi,Samsung,Yes,2.5,34.74,Yes,17,92,72.42,global_mobile
10698,Mexico,43,Female,Salesperson,Bachelor's,40353.59,7.48,101,3.59,2.11,2.77,1.25,2.13,6.37,0.76,98.85,8.0,5.4,87.73,Divorced,No,Urban,0.96,0.0,4G,Other,Yes,7.5,27.5,Yes,17,87,78.13,global_mobile
10699,Germany,61,Male,Unemployed,PhD,48592.97,5.03,76,1.27,0.45,0.46,1.04,4.18,7.1,0.6,39.77,8.3,3.0,58.76,Married,No,Rural,0.35,0.64,WiFi,Huawei,Yes,2.5,19.55,Yes,19,58,87.31,global_mobile
10700,UK,47,Other,Manager,,15178.86,6.94,85,2.49,2.49,2.01,2.25,0.52,6.94,0.74,0.6,8.6,9.5,59.87,Married,No,Rural,2.53,0.0,3G,Apple,No,9.5,32.45,Yes,16,133,70.47,global_mobile
10701,Mexico,19,Other,Doctor,,20973.96,4.68,23,1.99,0.08,4.2,1.72,3.73,5.82,0.55,85.66,6.7,2.0,89.66,In Relationship,No,Rural,2.24,0.0,4G,Samsung,No,2.5,19.47,Yes,14,43,0.36,global_mobile
10702,UK,65,Male,Doctor,Bachelor's,16824.72,9.67,69,1.57,1.85,1.79,1.94,0.95,5.58,0.66,58.81,0.5,5.5,11.15,Married,No,Urban,0.44,1.42,5G,Apple,Yes,2.5,24.58,Yes,19,122,86.35,global_mobile
10703,UK,16,Male,Salesperson,Bachelor's,45228.93,2.95,115,2.86,0.83,3.52,1.66,1.38,5.26,2.05,64.55,7.2,4.1,75.15,Divorced,No,Urban,2.99,0.72,4G,Apple,Yes,2.5,17.48,No,10,80,6.68,global_mobile
10704,Germany,37,Male,Artist,PhD,685.92,7.0,83,1.73,0.37,1.67,1.41,2.91,6.82,1.28,3.23,5.7,2.9,86.85,In Relationship,Yes,Rural,1.36,1.15,3G,OnePlus,No,9.5,26.48,No,11,80,9.91,global_mobile
10705,Russia,18,Male,Manager,Bachelor's,15682.16,7.38,61,2.3,2.16,1.71,1.31,2.99,6.78,0.43,22.81,4.5,7.0,22.61,In Relationship,Yes,Urban,2.3,1.26,5G,Apple,No,7.5,22.2,No,8,89,75.44,global_mobile
10706,China,69,Female,Salesperson,Bachelor's,19765.29,1.17,91,0.29,1.38,2.51,0.87,2.75,6.85,1.46,49.69,0.4,0.1,81.53,Married,No,Rural,1.78,0.62,WiFi,Samsung,No,5.5,18.01,Yes,11,99,54.93,global_mobile
10707,China,32,Other,Salesperson,Master's,43377.42,6.51,71,1.5,1.71,3.16,0.57,2.33,5.92,1.49,71.29,4.0,3.8,17.22,Single,No,Urban,2.77,1.12,4G,Apple,Yes,2.5,33.95,No,9,162,66.37,global_mobile
10708,Russia,68,Female,Unemployed,,13014.87,3.06,72,2.12,1.0,2.31,1.21,2.71,6.26,1.28,13.49,9.8,0.5,12.25,Single,Yes,Urban,0.0,1.13,5G,Xiaomi,No,9.5,17.4,Yes,12,147,45.27,global_mobile
10709,Japan,63,Female,Artist,High School,30506.51,0.0,128,2.92,1.89,3.0,1.48,1.07,5.28,0.97,21.93,8.6,7.4,53.82,In Relationship,No,Rural,0.48,1.22,5G,Xiaomi,No,5.5,41.41,No,12,107,45.08,global_mobile
10710,Brazil,45,Other,Doctor,High School,16824.97,8.09,94,1.08,1.34,1.23,1.67,2.03,7.56,0.0,33.49,1.8,4.4,67.85,Single,No,Rural,2.49,1.15,3G,Huawei,No,5.5,28.62,Yes,17,55,45.42,global_mobile
10711,USA,59,Male,Student,Bachelor's,36353.27,6.7,51,1.44,0.6,0.09,1.26,1.46,8.22,0.81,49.23,9.1,2.6,93.94,Divorced,Yes,Rural,1.5,1.43,5G,Other,No,5.5,42.74,No,8,133,68.02,global_mobile
10712,India,19,Female,Unemployed,High School,40380.34,2.57,89,2.48,2.15,1.61,0.94,3.46,5.77,2.02,48.79,9.5,9.1,71.96,Single,No,Rural,1.91,1.05,4G,OnePlus,Yes,5.5,13.28,Yes,16,91,93.19,global_mobile
10713,Japan,48,Male,Manager,Master's,6014.07,4.85,78,1.83,0.0,2.03,2.23,2.67,6.21,1.33,50.53,4.4,0.3,67.66,Single,No,Rural,1.88,2.09,WiFi,Samsung,No,2.5,31.92,Yes,17,86,37.93,global_mobile
10714,Russia,41,Other,Manager,Master's,29581.98,5.08,73,0.0,0.5,2.16,1.37,3.46,8.01,1.02,60.63,9.8,8.9,24.69,Divorced,No,Urban,0.13,0.48,5G,Other,Yes,7.5,38.47,Yes,12,69,12.46,global_mobile
10715,Brazil,48,Other,Manager,Master's,34097.28,2.74,101,3.43,2.92,2.12,0.95,2.03,4.68,1.89,35.43,8.5,3.7,41.7,Married,Yes,Rural,1.02,0.65,3G,Xiaomi,Yes,9.5,17.41,No,20,55,85.77,global_mobile
10716,Germany,42,Other,Unemployed,PhD,57586.93,6.42,120,1.48,0.0,1.46,1.27,1.8,6.32,0.8,67.46,6.0,6.9,47.25,Divorced,Yes,Urban,0.52,1.25,WiFi,Apple,Yes,5.5,15.6,Yes,12,91,55.05,global_mobile
10717,Germany,28,Other,Doctor,PhD,43142.51,9.47,30,2.29,1.62,2.41,2.09,3.12,5.05,1.61,56.65,8.6,5.4,89.79,Married,No,Urban,1.4,0.85,5G,Apple,Yes,2.5,13.73,Yes,16,157,61.24,global_mobile
10718,China,49,Other,Salesperson,,42096.18,4.74,148,2.43,0.0,0.74,0.79,1.1,6.89,1.33,40.51,9.5,3.0,61.49,In Relationship,No,Urban,1.27,0.46,WiFi,Samsung,Yes,9.5,27.91,Yes,9,68,83.89,global_mobile
10719,Nigeria,54,Male,Manager,PhD,45141.89,5.98,63,3.1,0.99,2.31,0.88,0.0,8.66,1.06,72.88,7.6,2.3,83.14,Married,No,Urban,0.34,0.85,3G,OnePlus,No,5.5,10.68,No,18,81,21.0,global_mobile
10720,Nigeria,59,Female,Artist,PhD,23778.56,6.53,125,0.99,2.53,2.52,2.01,1.14,7.02,1.15,27.64,7.2,0.4,41.73,Single,Yes,Urban,0.26,0.8,3G,OnePlus,No,7.5,39.44,Yes,13,54,62.04,global_mobile
10721,Mexico,43,Female,Salesperson,Master's,49062.82,2.76,114,2.27,2.32,3.29,0.92,1.82,6.44,1.17,81.9,5.8,4.6,25.25,Single,Yes,Rural,2.49,1.23,4G,Xiaomi,Yes,2.5,39.42,Yes,19,104,86.43,global_mobile
10722,Germany,36,Male,Salesperson,PhD,6066.67,7.38,51,2.01,1.52,1.75,1.13,1.66,6.55,0.91,16.91,0.0,0.5,1.21,In Relationship,Yes,Urban,0.2,0.0,4G,Apple,No,5.5,14.49,Yes,13,46,74.86,global_mobile
10723,Russia,65,Female,Salesperson,Bachelor's,15156.3,3.76,102,1.7,2.38,1.9,1.28,1.36,7.0,0.7,84.38,6.0,6.1,85.58,Married,No,Urban,0.75,1.4,WiFi,Other,Yes,9.5,29.71,Yes,18,91,77.44,global_mobile
10724,Japan,28,Female,Salesperson,High School,24399.49,3.91,78,1.15,0.84,1.56,1.65,1.27,6.54,0.25,85.95,0.6,6.4,37.8,Divorced,Yes,Urban,1.08,1.02,3G,Xiaomi,Yes,7.5,27.17,Yes,9,66,85.68,global_mobile
10725,Brazil,45,Male,Manager,High School,46574.42,6.61,98,1.35,1.58,1.85,2.09,1.5,5.99,2.01,80.74,0.1,2.6,55.78,In Relationship,Yes,Rural,1.14,0.74,WiFi,Xiaomi,No,9.5,7.35,Yes,15,110,74.3,global_mobile
10726,USA,31,Other,Unemployed,Bachelor's,31957.97,8.21,50,2.15,3.16,1.93,2.02,0.77,7.49,0.89,26.64,8.5,2.7,90.53,Divorced,No,Urban,2.08,1.05,WiFi,Apple,No,7.5,11.67,No,8,141,75.53,global_mobile
10727,Russia,61,Male,Student,Bachelor's,51866.33,4.97,89,1.9,2.4,2.75,0.86,2.81,6.11,1.33,73.24,3.4,7.8,49.84,Married,Yes,Rural,0.6,0.57,WiFi,Huawei,Yes,5.5,25.78,Yes,12,85,11.3,global_mobile
10728,Nigeria,46,Male,Doctor,High School,22590.26,1.59,115,2.37,0.79,2.21,1.23,2.31,7.19,0.5,3.54,8.8,7.2,5.3,In Relationship,Yes,Urban,0.24,0.85,3G,Xiaomi,Yes,5.5,37.74,No,10,80,5.18,global_mobile
10729,Japan,29,Other,Student,Bachelor's,4138.47,4.63,141,1.96,1.22,3.65,1.18,1.11,7.13,1.07,64.7,7.3,8.7,42.65,Divorced,No,Rural,3.11,0.61,4G,Xiaomi,Yes,5.5,7.0,Yes,14,74,57.66,global_mobile
10730,Brazil,28,Male,Teacher,Master's,43831.23,5.75,82,1.22,1.16,2.26,1.52,1.44,5.22,1.36,27.13,6.7,6.7,37.67,Divorced,Yes,Rural,1.55,1.37,WiFi,Other,Yes,9.5,22.17,No,18,91,58.09,global_mobile
10731,Brazil,53,Female,Teacher,High School,17711.76,6.14,128,1.42,2.63,3.11,1.07,0.88,7.97,1.01,79.07,4.0,0.2,79.85,Married,Yes,Urban,2.1,0.16,4G,OnePlus,Yes,5.5,25.54,Yes,12,82,67.32,global_mobile
10732,China,62,Female,Student,Bachelor's,34480.9,4.67,72,1.18,0.0,1.55,1.71,1.26,7.13,1.76,24.89,4.1,7.2,84.34,In Relationship,Yes,Urban,0.49,0.19,5G,Samsung,No,7.5,30.35,No,20,67,34.35,global_mobile
10733,Japan,52,Male,Teacher,High School,21145.54,8.85,56,2.65,0.0,1.22,0.82,2.08,4.13,1.04,48.19,4.6,9.2,66.29,Divorced,No,Urban,0.28,0.65,3G,Huawei,No,9.5,16.62,No,14,87,79.7,global_mobile
10734,China,70,Other,Manager,Master's,0.0,3.2,80,0.64,1.64,1.12,2.04,2.01,6.12,0.73,99.51,7.5,9.5,88.29,Married,No,Rural,1.69,1.42,5G,Apple,No,9.5,37.62,Yes,8,79,90.28,global_mobile
10735,USA,15,Male,Manager,Bachelor's,40892.07,8.67,91,0.55,0.0,1.45,1.47,2.6,6.3,1.2,78.9,9.0,1.0,98.25,Divorced,Yes,Urban,0.0,0.01,3G,Samsung,No,9.5,17.92,No,20,109,48.19,global_mobile
10736,Nigeria,62,Male,Artist,High School,45820.22,4.1,82,2.35,1.05,2.24,2.37,0.6,8.2,0.75,20.27,9.9,3.1,48.28,In Relationship,Yes,Rural,0.87,0.31,WiFi,Samsung,No,7.5,35.45,Yes,11,56,35.2,global_mobile
10737,USA,23,Female,Engineer,,28151.26,4.95,84,1.02,1.4,1.0,1.8,3.11,6.43,0.8,10.94,2.1,7.5,0.18,In Relationship,No,Urban,1.86,0.01,WiFi,OnePlus,No,7.5,26.85,No,14,68,51.27,global_mobile
10738,India,36,Female,Unemployed,Bachelor's,21671.92,7.44,111,1.69,1.45,1.86,1.22,2.33,5.35,0.77,50.85,7.6,8.3,80.58,Single,Yes,Rural,1.62,1.37,3G,Huawei,Yes,5.5,26.14,No,16,87,34.89,global_mobile
10739,Japan,30,Other,Manager,PhD,63942.13,3.18,65,3.18,0.23,1.86,1.75,0.12,7.46,1.12,62.31,4.5,0.1,99.24,Single,No,Rural,1.02,0.61,3G,OnePlus,Yes,9.5,21.52,Yes,11,103,24.36,global_mobile
10740,UK,19,Other,Artist,PhD,50095.05,4.87,23,2.09,1.38,1.88,0.68,1.44,5.79,1.18,61.57,3.5,0.5,81.06,Single,No,Urban,0.73,1.03,4G,Samsung,No,2.5,14.53,Yes,14,34,12.3,global_mobile
10741,Germany,66,Male,Doctor,High School,48970.39,4.86,59,1.99,1.62,2.0,1.49,2.21,8.12,1.21,79.12,7.4,4.1,19.63,Married,Yes,Urban,0.05,0.85,3G,Huawei,Yes,2.5,24.39,Yes,16,77,48.69,global_mobile
10742,Brazil,41,Male,Unemployed,Bachelor's,23831.94,4.85,87,3.07,1.84,4.34,1.58,3.15,8.14,1.93,44.92,8.7,3.6,36.72,Divorced,Yes,Urban,1.19,0.76,3G,Other,No,7.5,24.57,No,9,60,24.45,global_mobile
10743,Germany,69,Female,Unemployed,Master's,17960.06,3.34,98,2.53,3.38,1.47,1.52,1.0,5.61,0.13,38.84,7.7,5.6,10.34,Divorced,Yes,Urban,0.02,1.66,4G,OnePlus,No,7.5,37.75,Yes,15,126,24.36,global_mobile
10744,Nigeria,57,Male,Teacher,Master's,32592.35,8.14,72,1.77,0.0,1.8,1.86,0.5,6.14,1.55,65.53,2.6,3.3,23.04,Single,No,Rural,2.08,1.2,3G,Other,No,7.5,21.09,Yes,19,168,46.91,global_mobile
10745,UK,26,Female,Student,,10522.96,7.5,115,1.85,1.45,3.18,0.93,2.5,7.36,1.22,62.62,2.6,5.0,21.43,Married,Yes,Urban,1.61,1.31,4G,Apple,Yes,5.5,40.76,No,9,100,92.35,global_mobile
10746,USA,58,Other,Engineer,,26973.05,2.8,77,0.0,3.5,1.0,1.47,0.36,4.96,0.96,56.07,7.2,4.6,77.38,Married,Yes,Rural,0.29,0.73,4G,Xiaomi,Yes,9.5,28.39,Yes,18,119,60.47,global_mobile
10747,Brazil,36,Male,Student,,45340.16,5.44,59,2.02,2.39,2.07,1.04,1.41,5.0,0.76,71.65,9.2,9.3,4.42,Married,No,Rural,2.44,0.77,WiFi,Xiaomi,Yes,5.5,33.85,Yes,11,72,13.96,global_mobile
10748,Nigeria,66,Female,Student,Master's,36515.65,6.95,120,2.49,0.0,2.72,2.09,1.64,8.24,1.21,78.64,3.6,6.0,81.89,Divorced,No,Rural,1.76,1.11,4G,Other,Yes,2.5,10.63,Yes,17,115,49.02,global_mobile
10749,USA,69,Female,Artist,PhD,35716.6,3.12,80,2.37,0.98,3.93,1.57,1.97,6.53,1.85,19.89,6.2,4.7,67.79,Married,Yes,Urban,0.0,0.84,5G,OnePlus,Yes,9.5,18.72,Yes,20,142,31.6,global_mobile
10750,Germany,16,Other,Artist,,43000.27,7.48,52,0.25,2.36,0.03,1.06,0.64,4.83,0.87,53.61,6.5,5.0,67.17,Single,No,Rural,1.67,0.95,3G,Samsung,Yes,9.5,23.62,No,10,84,94.29,global_mobile
10751,UK,68,Male,Engineer,Master's,46099.8,5.58,58,2.71,3.26,2.88,2.32,1.73,6.39,1.31,25.92,5.1,9.6,21.15,In Relationship,No,Rural,2.24,0.71,WiFi,Xiaomi,Yes,2.5,27.41,No,16,91,72.56,global_mobile
10752,Nigeria,15,Male,Salesperson,Master's,26219.07,7.6,68,1.33,1.51,2.25,1.65,3.13,6.64,0.23,48.29,7.1,8.8,72.25,Divorced,Yes,Urban,2.55,1.06,WiFi,Samsung,No,5.5,33.69,No,8,91,71.56,global_mobile
10753,Japan,17,Male,Teacher,,31612.02,7.03,63,3.08,1.59,2.92,2.16,1.44,8.29,0.75,81.4,6.5,1.6,52.9,In Relationship,Yes,Rural,1.37,0.2,5G,Huawei,No,5.5,25.28,Yes,18,158,57.3,global_mobile
10754,Japan,28,Male,Doctor,Master's,55798.98,5.02,41,1.64,1.2,2.52,1.53,2.53,5.43,1.81,39.68,1.4,4.6,66.26,Single,Yes,Rural,1.04,0.0,4G,Apple,No,5.5,25.08,No,8,116,69.08,global_mobile
10755,China,32,Female,Engineer,Bachelor's,0.0,4.03,94,2.09,1.97,3.07,1.05,1.74,8.36,0.99,77.92,5.2,2.8,91.58,Divorced,No,Urban,0.62,0.74,WiFi,Huawei,Yes,9.5,20.76,No,14,117,99.06,global_mobile
10756,UK,13,Female,Doctor,PhD,19769.11,4.19,78,3.2,1.59,3.17,2.7,0.88,6.91,0.17,56.92,7.3,6.1,68.44,Married,No,Urban,2.0,1.27,3G,Huawei,Yes,7.5,19.92,No,13,90,99.55,global_mobile
10757,Brazil,20,Female,Teacher,Bachelor's,35294.68,6.78,96,1.17,1.12,2.56,1.93,2.12,5.4,1.72,41.53,3.9,7.9,98.91,Single,Yes,Rural,1.32,0.49,4G,Samsung,Yes,9.5,34.15,Yes,20,104,19.09,global_mobile
10758,Russia,20,Female,Doctor,,60912.55,3.3,110,2.44,0.27,2.88,1.61,3.3,6.22,1.54,64.53,0.2,2.6,3.0,In Relationship,Yes,Rural,1.94,0.21,5G,OnePlus,No,7.5,33.62,Yes,16,100,95.41,global_mobile
10759,Nigeria,67,Other,Artist,High School,37289.19,6.91,71,3.45,0.89,3.57,1.84,3.48,6.72,1.14,67.44,9.4,6.7,44.28,Single,Yes,Rural,0.0,0.97,5G,OnePlus,No,9.5,18.26,No,9,121,65.14,global_mobile
10760,Mexico,44,Female,Unemployed,Bachelor's,0.0,7.09,57,1.39,0.49,0.25,2.31,2.36,5.09,1.24,52.17,0.8,6.8,47.49,In Relationship,No,Rural,1.47,1.61,5G,Other,Yes,7.5,21.07,No,15,80,98.19,global_mobile
10761,Nigeria,62,Male,Salesperson,PhD,26088.9,7.51,89,1.24,1.57,0.5,1.88,1.46,4.37,1.32,95.34,8.0,5.6,98.88,Divorced,No,Rural,1.49,0.17,4G,Apple,Yes,9.5,33.74,Yes,17,122,98.29,global_mobile
10762,Mexico,32,Other,Doctor,Master's,33911.13,6.93,69,1.87,0.28,1.33,0.46,2.3,4.4,0.31,71.13,1.9,3.7,58.67,Divorced,No,Rural,1.4,0.73,5G,OnePlus,No,7.5,16.38,No,8,83,80.02,global_mobile
10763,Brazil,33,Other,Artist,Bachelor's,25885.03,4.16,112,2.43,0.92,2.64,1.96,2.0,6.36,0.06,4.17,1.6,8.6,87.5,Divorced,No,Rural,0.03,1.23,5G,Apple,No,2.5,34.44,No,16,141,22.38,global_mobile
10764,Nigeria,50,Female,Unemployed,PhD,43212.38,6.43,84,1.83,2.54,1.96,1.3,1.45,7.4,1.36,75.4,5.4,3.9,40.09,In Relationship,Yes,Rural,1.44,0.66,3G,Xiaomi,No,5.5,35.96,No,19,78,48.05,global_mobile
10765,Nigeria,50,Male,Salesperson,,40618.49,2.47,73,1.66,0.44,1.92,1.57,2.5,7.51,0.52,93.56,4.4,4.2,9.43,Married,No,Urban,0.23,0.91,3G,OnePlus,Yes,5.5,14.59,Yes,20,105,23.85,global_mobile
10766,USA,59,Male,Student,PhD,34609.63,5.06,67,1.94,0.61,1.09,1.24,2.1,6.48,0.91,26.52,1.5,7.1,37.66,Divorced,Yes,Urban,0.03,0.94,WiFi,Samsung,Yes,7.5,43.09,Yes,12,138,19.0,global_mobile
10767,Germany,69,Female,Engineer,High School,28401.64,9.76,84,2.76,2.94,2.52,0.27,2.54,6.94,0.52,39.35,3.7,2.5,49.8,Single,No,Urban,1.28,0.97,5G,OnePlus,Yes,2.5,33.82,Yes,14,88,7.68,global_mobile
10768,Germany,30,Other,Artist,High School,14686.49,6.84,86,3.03,2.47,1.04,1.43,2.6,6.41,0.69,8.53,2.3,6.0,45.18,In Relationship,No,Rural,1.34,1.43,WiFi,Huawei,No,2.5,34.84,Yes,18,92,82.74,global_mobile
10769,Russia,18,Other,Artist,,52964.49,6.91,84,0.95,0.31,3.34,2.51,0.68,6.1,0.51,80.84,0.7,1.2,59.48,Single,No,Rural,1.32,1.08,3G,OnePlus,No,7.5,28.87,No,16,54,2.99,global_mobile
10770,Nigeria,37,Other,Doctor,Bachelor's,45735.45,3.47,55,2.01,0.25,1.51,1.15,1.66,6.2,1.35,0.25,8.9,8.4,0.98,Married,Yes,Urban,2.22,1.16,WiFi,OnePlus,No,5.5,32.55,Yes,10,143,37.86,global_mobile
10771,India,53,Other,Student,Bachelor's,24236.79,7.75,38,2.78,1.28,0.42,1.94,2.07,6.4,1.43,94.6,8.1,6.7,19.97,Married,Yes,Rural,1.15,0.67,3G,Samsung,No,5.5,19.67,No,15,126,95.58,global_mobile
10772,Nigeria,21,Female,Teacher,PhD,23537.19,5.07,67,2.07,1.43,1.68,1.33,1.3,7.06,0.49,82.42,8.8,1.4,42.07,Single,Yes,Rural,1.94,0.18,4G,Apple,No,2.5,37.04,Yes,20,71,25.58,global_mobile
10773,Mexico,70,Female,Salesperson,,41500.95,10.67,104,2.39,2.61,2.13,0.72,1.4,6.17,0.77,22.14,8.8,2.7,83.94,Married,No,Urban,1.85,1.03,5G,Other,Yes,7.5,13.39,Yes,19,115,45.9,global_mobile
10774,UK,47,Male,Doctor,,33381.14,11.04,44,1.55,1.88,1.9,1.31,0.3,6.22,0.93,14.51,6.1,2.1,51.82,Married,Yes,Urban,1.8,1.14,3G,Other,No,9.5,23.45,Yes,17,135,68.58,global_mobile
10775,Brazil,16,Female,Artist,PhD,23279.21,5.13,17,2.01,2.12,2.0,1.8,0.15,5.78,1.65,72.78,2.3,6.1,90.41,Married,Yes,Rural,0.21,0.0,5G,Samsung,Yes,7.5,28.3,Yes,20,73,8.01,global_mobile
10776,Mexico,40,Other,Salesperson,Master's,588.98,5.96,84,2.3,0.91,2.41,1.33,2.34,5.95,0.95,54.0,4.5,9.0,74.27,Divorced,No,Urban,0.91,0.16,3G,Samsung,No,5.5,32.64,No,12,42,16.84,global_mobile
10777,USA,33,Male,Teacher,Bachelor's,32575.02,4.95,66,3.35,0.53,2.6,1.4,3.43,8.82,1.7,7.73,0.9,3.9,69.98,In Relationship,No,Urban,0.0,0.84,5G,Other,Yes,9.5,36.19,No,20,78,94.39,global_mobile
10778,Japan,18,Other,Teacher,Bachelor's,51459.05,4.55,111,0.01,1.87,2.59,2.15,1.12,6.1,0.6,23.43,9.4,7.0,20.04,In Relationship,Yes,Urban,0.36,0.65,5G,Xiaomi,Yes,2.5,11.72,Yes,10,89,12.53,global_mobile
10779,Mexico,57,Male,Doctor,PhD,0.0,8.29,104,0.0,1.65,2.22,1.36,2.99,6.24,0.41,19.66,8.7,9.6,4.31,In Relationship,No,Rural,1.61,1.15,4G,OnePlus,No,5.5,38.21,Yes,9,62,73.28,global_mobile
10780,Russia,56,Other,Teacher,Bachelor's,47570.99,9.54,91,0.33,0.0,2.25,1.07,2.86,5.04,0.96,47.04,0.8,1.1,30.56,Married,Yes,Rural,1.1,0.3,WiFi,Xiaomi,Yes,9.5,28.2,Yes,13,143,8.44,global_mobile
10781,Japan,52,Male,Manager,High School,33456.32,5.41,48,4.78,2.31,0.98,0.75,2.86,5.95,0.33,18.76,5.1,5.5,60.15,Divorced,Yes,Rural,1.08,0.98,4G,Apple,No,2.5,0.0,No,12,66,27.38,global_mobile
10782,Brazil,63,Other,Unemployed,,21492.87,5.16,90,1.39,3.11,1.72,1.43,1.55,5.31,0.55,93.32,9.3,1.9,3.07,Married,No,Rural,2.57,0.87,3G,OnePlus,Yes,7.5,33.84,No,10,76,99.91,global_mobile
10783,USA,65,Male,Unemployed,Master's,49930.69,7.72,52,0.41,1.53,0.58,0.89,0.46,6.55,0.49,62.97,9.9,3.4,40.88,Married,No,Urban,0.82,0.83,4G,OnePlus,No,7.5,28.14,No,15,56,84.23,global_mobile
10784,Mexico,45,Male,Salesperson,Master's,22483.58,7.17,69,1.78,0.69,2.01,1.43,1.92,6.22,0.97,87.6,5.9,3.2,36.1,Single,Yes,Rural,0.17,1.09,3G,Xiaomi,Yes,5.5,20.79,No,13,75,80.68,global_mobile
10785,UK,47,Other,Unemployed,,27002.98,6.1,98,1.78,1.24,1.51,1.35,3.22,6.52,0.18,6.27,5.1,1.5,17.83,In Relationship,Yes,Rural,0.4,0.39,5G,Xiaomi,No,2.5,14.61,Yes,16,60,51.2,global_mobile
10786,Brazil,41,Male,Student,Bachelor's,38392.98,5.29,124,1.67,1.79,4.21,1.53,1.31,6.76,1.4,15.93,2.9,1.4,33.57,Divorced,No,Rural,1.31,0.86,4G,Apple,No,5.5,16.61,Yes,18,109,87.8,global_mobile
10787,Mexico,61,Female,Teacher,PhD,30467.55,4.95,77,2.96,1.41,2.94,2.17,1.84,6.37,1.12,8.72,9.8,9.4,44.65,Divorced,No,Rural,2.06,0.92,4G,Other,Yes,2.5,22.02,No,16,94,37.63,global_mobile
10788,China,25,Other,Doctor,Bachelor's,57700.21,5.54,53,0.18,2.16,3.08,1.61,1.4,6.91,0.91,38.16,4.6,0.8,98.73,Divorced,Yes,Urban,1.85,0.85,WiFi,Samsung,Yes,2.5,32.23,Yes,16,134,10.7,global_mobile
10789,Germany,26,Other,Artist,High School,20146.48,3.64,120,2.38,2.3,3.4,1.65,0.99,5.93,0.94,49.37,5.0,8.6,53.31,Single,Yes,Urban,0.46,0.43,3G,Samsung,Yes,9.5,25.67,Yes,9,104,96.62,global_mobile
10790,China,25,Female,Salesperson,PhD,35891.63,6.59,135,2.7,1.1,1.09,0.49,2.82,5.32,1.22,10.82,6.6,8.7,22.96,Single,Yes,Urban,0.55,0.53,WiFi,Apple,No,9.5,21.3,Yes,12,84,70.33,global_mobile
10791,Mexico,68,Other,Manager,Bachelor's,28359.49,5.92,38,2.69,1.78,4.46,1.08,0.27,6.21,0.42,38.14,7.3,8.1,17.39,Married,No,Urban,1.27,0.84,5G,OnePlus,Yes,5.5,15.5,Yes,9,123,32.99,global_mobile
10792,Nigeria,56,Other,Unemployed,Master's,28240.57,9.15,119,3.82,0.12,2.28,2.4,2.66,6.01,0.2,59.91,5.4,1.7,2.32,In Relationship,No,Urban,2.28,0.23,5G,Samsung,No,2.5,30.79,Yes,18,124,41.34,global_mobile
10793,Mexico,23,Male,Manager,,19924.14,4.71,112,2.17,0.25,2.64,1.42,1.69,7.08,1.7,81.97,2.5,8.0,34.44,Married,No,Rural,1.81,0.29,WiFi,Apple,No,2.5,30.03,No,20,138,80.83,global_mobile
10794,Mexico,28,Other,Doctor,Bachelor's,12931.62,6.74,106,0.9,0.14,2.89,2.13,1.97,5.7,1.46,99.59,9.7,1.1,58.49,In Relationship,Yes,Urban,1.01,0.26,3G,Huawei,No,2.5,3.58,No,9,91,82.78,global_mobile
10795,China,34,Other,Manager,,56281.54,6.34,91,3.02,1.43,0.19,1.16,1.55,5.16,0.92,87.41,1.3,5.7,86.78,In Relationship,Yes,Urban,2.71,0.84,5G,Apple,No,5.5,27.79,Yes,17,95,39.52,global_mobile
10796,India,20,Other,Manager,Bachelor's,38994.9,5.61,84,2.33,1.81,0.51,0.96,3.82,5.9,1.42,17.86,7.2,9.5,77.63,Single,No,Urban,1.65,1.05,3G,OnePlus,No,7.5,27.38,No,17,141,61.85,global_mobile
10797,USA,42,Other,Salesperson,Bachelor's,25810.39,7.5,73,3.26,1.96,3.12,1.62,3.45,7.29,0.89,78.54,0.3,9.5,75.53,Single,Yes,Rural,2.92,0.26,WiFi,OnePlus,No,2.5,16.49,Yes,12,68,86.85,global_mobile
10798,Brazil,53,Female,Manager,Master's,20098.27,6.37,32,2.89,0.98,0.48,1.32,2.8,6.17,1.44,10.53,3.6,5.5,21.6,Married,Yes,Rural,2.01,1.4,5G,Samsung,Yes,5.5,35.16,No,10,56,68.29,global_mobile
10799,USA,19,Other,Salesperson,,27110.92,4.03,97,2.55,0.42,2.61,1.65,1.3,7.24,1.14,23.6,7.2,7.1,30.65,Single,No,Urban,3.09,0.0,4G,Samsung,No,7.5,2.82,Yes,10,122,5.39,global_mobile
10800,USA,59,Other,Doctor,,30831.84,5.94,86,1.44,2.39,3.12,2.65,2.78,5.94,0.99,83.97,9.0,0.6,93.17,Married,No,Rural,1.5,0.39,WiFi,Samsung,No,9.5,22.75,Yes,11,102,92.74,global_mobile
10801,Russia,63,Female,Doctor,High School,14634.52,4.18,56,3.61,2.76,0.87,1.5,1.36,7.37,0.88,36.41,0.6,4.4,61.8,Divorced,No,Urban,0.49,0.96,3G,Xiaomi,Yes,9.5,15.74,Yes,10,88,36.65,global_mobile
10802,USA,23,Other,Manager,High School,57980.13,6.03,69,2.1,2.51,1.99,0.46,1.32,5.48,0.0,15.28,6.6,5.9,71.75,Single,No,Urban,1.55,1.2,3G,Xiaomi,Yes,5.5,25.11,Yes,19,52,32.31,global_mobile
10803,Mexico,30,Other,Artist,PhD,43569.99,9.16,74,1.54,1.29,2.02,1.59,0.98,8.52,1.66,22.97,9.3,2.1,38.87,Divorced,No,Urban,0.0,1.4,3G,Samsung,No,9.5,24.81,No,16,97,59.63,global_mobile
10804,Brazil,63,Female,Unemployed,High School,33695.4,7.78,92,2.05,0.8,2.55,1.0,1.74,6.77,0.96,39.33,2.3,8.6,30.77,In Relationship,Yes,Urban,0.73,0.0,WiFi,Other,No,2.5,6.24,No,19,130,30.59,global_mobile
10805,India,37,Other,Unemployed,High School,8116.24,7.55,88,0.84,0.83,1.93,1.1,2.76,5.31,1.1,68.63,1.3,3.7,21.35,Married,No,Rural,0.92,0.66,4G,Huawei,No,7.5,24.97,No,8,124,7.23,global_mobile
10806,Mexico,29,Other,Artist,Bachelor's,34773.79,3.91,76,2.28,0.84,2.96,1.37,2.92,7.47,1.69,3.83,4.1,5.8,60.97,In Relationship,No,Rural,1.53,1.52,WiFi,OnePlus,No,2.5,34.17,No,14,82,93.79,global_mobile
10807,Nigeria,50,Other,Unemployed,,44135.45,6.23,63,2.46,2.16,3.46,0.79,4.36,7.05,0.64,97.19,3.5,5.4,36.33,Divorced,No,Urban,1.68,0.92,4G,Samsung,Yes,2.5,5.01,No,19,133,37.93,global_mobile
10808,Germany,43,Female,Manager,High School,38689.07,8.68,81,4.01,1.18,3.03,0.74,1.91,8.97,1.82,25.47,8.8,4.5,82.16,Divorced,Yes,Urban,1.96,0.91,5G,Samsung,No,2.5,21.51,Yes,19,191,33.27,global_mobile
10809,Russia,20,Male,Unemployed,Bachelor's,41518.66,5.75,87,2.37,1.87,1.56,1.56,1.97,6.29,0.93,4.75,4.0,1.0,17.75,Single,Yes,Urban,1.36,1.02,3G,Samsung,Yes,2.5,29.66,Yes,9,82,38.36,global_mobile
10810,USA,15,Female,Artist,,27789.73,5.53,67,0.13,0.0,1.95,0.49,2.17,6.03,1.7,52.64,6.5,6.7,49.91,In Relationship,No,Urban,1.13,0.0,3G,Other,Yes,9.5,29.39,Yes,17,84,14.52,global_mobile
10811,Japan,46,Other,Manager,,31596.4,8.4,57,3.3,0.96,0.0,0.96,1.7,8.01,1.4,17.72,1.1,9.3,34.35,In Relationship,Yes,Rural,2.53,0.51,5G,Samsung,Yes,9.5,16.82,Yes,16,75,80.01,global_mobile
10812,UK,25,Other,Artist,High School,4716.97,4.59,44,0.64,3.64,1.24,1.87,3.4,6.13,0.93,36.04,9.9,4.0,89.13,In Relationship,No,Rural,1.85,1.36,3G,Apple,Yes,9.5,35.53,No,17,130,56.45,global_mobile
10813,Germany,34,Female,Engineer,Master's,12760.08,4.2,48,0.0,1.83,1.31,2.28,0.52,6.34,0.63,37.79,1.6,0.7,31.48,Single,Yes,Urban,2.42,0.95,5G,Huawei,Yes,5.5,24.2,No,19,123,70.73,global_mobile
10814,Germany,28,Male,Salesperson,High School,19117.81,4.2,82,1.01,0.0,1.11,0.68,2.33,6.29,1.02,69.45,7.8,6.5,4.71,Divorced,No,Urban,2.33,1.49,WiFi,Xiaomi,No,5.5,17.47,No,11,92,99.94,global_mobile
10815,Mexico,40,Other,Engineer,Master's,48655.61,6.16,75,1.66,1.95,1.87,1.4,2.34,7.95,0.57,50.27,9.0,7.5,1.87,Divorced,No,Urban,0.77,0.67,3G,Huawei,Yes,2.5,28.37,No,15,89,82.75,global_mobile
10816,Nigeria,60,Other,Doctor,High School,52544.35,10.84,80,2.61,1.89,3.58,1.99,2.32,6.53,1.37,98.67,1.2,1.6,42.21,Married,No,Urban,1.41,0.47,5G,Xiaomi,No,7.5,25.24,No,9,76,42.31,global_mobile
10817,China,53,Female,Salesperson,PhD,15410.62,6.0,58,0.62,0.79,2.8,1.74,3.84,6.14,1.5,51.17,8.0,1.2,2.84,In Relationship,Yes,Rural,2.0,1.03,4G,Samsung,Yes,2.5,18.78,No,9,85,2.42,global_mobile
10818,Nigeria,44,Other,Unemployed,PhD,10585.93,8.63,105,2.57,1.99,0.99,1.76,3.02,7.84,0.65,22.25,7.2,4.6,78.99,Married,Yes,Rural,0.98,0.0,3G,Samsung,No,9.5,9.1,No,20,35,92.83,global_mobile
10819,Japan,26,Female,Engineer,PhD,28345.37,3.91,73,2.4,3.49,2.98,2.32,1.4,9.3,1.73,44.82,9.3,2.3,1.45,Married,Yes,Urban,1.47,1.36,5G,Other,Yes,9.5,13.63,No,9,0,79.38,global_mobile
10820,Nigeria,53,Male,Manager,,26680.34,6.47,64,2.58,0.74,1.58,1.71,1.95,5.81,1.62,17.27,2.4,0.6,61.26,Married,Yes,Urban,0.91,0.2,3G,Other,Yes,5.5,22.13,No,8,97,38.63,global_mobile
10821,Germany,51,Female,Salesperson,Master's,18234.67,7.17,85,2.98,2.52,1.47,1.53,0.0,6.02,0.16,93.18,8.8,4.4,69.76,Married,Yes,Rural,0.47,0.7,4G,Xiaomi,Yes,7.5,33.81,Yes,13,86,98.93,global_mobile
10822,Brazil,35,Female,Doctor,High School,23466.21,5.31,73,1.51,1.33,2.7,2.18,1.01,6.28,0.9,23.01,5.8,3.5,16.14,Divorced,No,Urban,1.31,2.5,5G,Other,No,9.5,31.63,Yes,17,141,88.47,global_mobile
10823,Japan,35,Other,Engineer,Bachelor's,19436.78,0.47,101,1.78,0.25,2.88,0.59,2.29,6.45,1.53,17.35,8.7,1.4,71.51,Married,Yes,Urban,1.46,0.12,WiFi,Other,Yes,9.5,31.5,No,20,46,84.04,global_mobile
10824,Germany,63,Other,Manager,Master's,36343.69,7.25,58,2.33,3.03,2.41,1.62,3.24,6.71,0.79,9.43,1.9,0.8,40.48,Married,Yes,Urban,1.81,0.28,4G,Samsung,No,2.5,7.47,Yes,10,112,88.19,global_mobile
10825,USA,31,Other,Manager,,36927.51,7.19,72,0.08,1.31,2.52,1.71,1.92,5.08,0.58,97.76,5.7,4.9,78.87,Single,Yes,Rural,2.0,0.92,4G,OnePlus,No,2.5,43.5,No,15,98,49.13,global_mobile
10826,Russia,59,Male,Teacher,Bachelor's,32455.77,6.54,63,2.64,1.52,2.5,2.27,3.12,4.77,1.67,89.23,3.5,3.9,35.74,Married,No,Urban,0.29,1.36,4G,Samsung,No,5.5,27.38,Yes,13,108,78.47,global_mobile
10827,Mexico,52,Male,Doctor,PhD,10374.13,5.91,126,2.38,2.23,3.27,0.56,1.32,6.96,0.38,87.76,7.0,1.7,24.78,Divorced,Yes,Urban,1.84,0.42,5G,OnePlus,No,2.5,40.67,Yes,16,121,97.87,global_mobile
10828,Russia,55,Other,Doctor,High School,12401.53,5.9,78,2.0,1.17,1.13,0.54,1.46,6.36,0.76,74.95,9.0,5.1,15.73,Single,No,Urban,2.02,1.08,WiFi,Xiaomi,Yes,7.5,13.89,No,19,90,98.24,global_mobile
10829,Nigeria,44,Other,Teacher,Master's,12977.51,4.07,79,1.35,0.93,1.29,1.19,1.57,6.25,0.2,59.29,7.9,8.7,75.35,Divorced,No,Rural,2.65,0.82,WiFi,Other,No,5.5,22.2,No,15,121,77.02,global_mobile
10830,Japan,15,Other,Unemployed,Master's,58663.76,8.27,80,2.37,0.31,0.33,1.99,2.84,6.02,1.36,82.13,9.9,2.9,45.08,Single,No,Urban,1.16,0.0,4G,Xiaomi,No,2.5,30.1,No,12,138,17.74,global_mobile
10831,India,39,Female,Student,Master's,43511.96,7.01,96,1.99,2.05,2.21,1.5,1.89,4.88,1.27,63.4,8.4,3.4,2.29,In Relationship,Yes,Urban,1.57,0.92,5G,Xiaomi,Yes,7.5,14.22,Yes,13,83,91.69,global_mobile
10832,USA,27,Male,Doctor,Bachelor's,29397.57,8.22,98,2.07,2.22,3.31,2.3,1.59,7.15,1.35,82.94,8.7,7.6,23.29,Married,Yes,Rural,0.08,1.43,3G,OnePlus,No,2.5,5.18,Yes,9,145,43.28,global_mobile
10833,Japan,43,Other,Teacher,,21633.92,3.72,78,1.58,0.0,2.44,1.31,1.16,7.57,1.11,69.82,6.2,0.6,50.62,Single,Yes,Rural,0.73,0.82,4G,Xiaomi,Yes,2.5,14.6,Yes,8,71,69.3,global_mobile
10834,China,29,Male,Unemployed,PhD,35893.94,7.92,95,3.06,3.55,1.99,1.33,0.87,7.99,0.74,55.0,7.6,0.9,23.16,Single,No,Rural,1.55,0.97,4G,OnePlus,No,5.5,31.54,Yes,11,102,12.28,global_mobile
10835,China,38,Male,Artist,PhD,26938.64,8.29,78,2.81,1.02,0.93,1.17,2.16,5.96,1.39,14.36,1.6,1.8,29.61,Married,No,Urban,0.9,0.73,3G,OnePlus,No,5.5,41.86,Yes,10,59,44.04,global_mobile
10836,Russia,61,Male,Student,PhD,29067.62,4.01,145,3.32,0.99,2.04,1.09,2.35,5.93,0.47,84.49,4.8,3.3,24.78,Single,Yes,Urban,2.07,0.7,3G,OnePlus,Yes,9.5,30.85,Yes,16,122,49.78,global_mobile
10837,USA,29,Other,Manager,PhD,43827.84,10.54,73,1.68,2.11,2.67,1.51,2.37,7.73,0.0,80.68,3.2,2.7,41.98,Married,Yes,Urban,1.77,1.18,5G,Samsung,No,7.5,25.13,No,14,73,53.22,global_mobile
10838,India,16,Female,Doctor,High School,43558.87,5.41,99,0.38,1.2,1.81,1.75,0.88,7.74,1.28,52.85,4.1,9.3,94.03,Single,Yes,Urban,1.62,0.32,5G,Apple,No,2.5,37.66,Yes,17,71,72.42,global_mobile
10839,China,60,Female,Manager,,17634.87,4.1,75,3.34,1.95,1.84,1.79,0.08,7.49,1.31,32.12,1.8,0.8,61.56,Single,Yes,Rural,2.27,1.31,WiFi,Other,Yes,7.5,25.19,Yes,14,53,80.36,global_mobile
10840,Russia,39,Female,Manager,High School,30269.04,5.31,121,1.55,0.66,1.88,1.71,2.65,8.01,1.26,3.47,6.5,3.2,36.89,Divorced,Yes,Rural,1.71,2.14,5G,Xiaomi,Yes,9.5,29.08,No,9,79,18.99,global_mobile
10841,Brazil,66,Female,Doctor,High School,23707.53,7.97,106,2.85,2.39,1.28,0.57,1.82,6.49,1.16,98.69,7.7,7.6,72.84,Single,Yes,Rural,2.51,0.76,5G,Xiaomi,Yes,9.5,8.1,Yes,17,119,86.91,global_mobile
10842,Germany,20,Male,Student,Bachelor's,39438.26,3.07,22,1.41,1.03,2.61,0.98,2.29,6.48,0.4,97.51,7.5,3.2,7.32,Divorced,Yes,Urban,1.04,0.93,WiFi,Other,No,5.5,33.85,Yes,12,88,29.27,global_mobile
10843,China,40,Other,Salesperson,High School,40237.56,6.02,94,2.81,1.32,1.46,1.21,1.85,7.04,1.49,0.74,0.4,2.0,43.91,Divorced,No,Urban,1.51,0.58,WiFi,Other,Yes,5.5,1.43,No,16,121,20.55,global_mobile
10844,UK,67,Other,Manager,PhD,42599.78,8.38,30,2.54,2.18,1.08,0.8,1.04,7.5,1.07,38.28,0.1,4.9,52.48,Divorced,No,Urban,2.03,1.18,4G,Huawei,Yes,7.5,19.2,No,19,90,76.63,global_mobile
10845,UK,31,Female,Artist,Master's,58943.81,7.17,62,1.73,1.22,0.0,1.74,2.84,6.72,1.7,70.59,9.3,6.6,92.01,Divorced,No,Rural,1.87,1.48,5G,Xiaomi,No,9.5,25.83,Yes,20,83,93.91,global_mobile
10846,USA,23,Other,Student,Master's,22860.67,6.83,47,2.43,2.5,2.41,0.71,2.62,5.86,1.65,77.37,2.7,0.7,4.58,Married,Yes,Rural,0.33,0.19,4G,Samsung,Yes,5.5,26.17,No,20,114,38.6,global_mobile
10847,China,31,Other,Artist,,0.0,7.56,65,0.0,1.57,3.69,1.85,2.33,6.38,1.31,89.48,5.0,7.2,52.58,Divorced,Yes,Urban,1.64,0.72,WiFi,OnePlus,Yes,7.5,4.24,Yes,17,115,44.8,global_mobile
10848,Russia,48,Male,Salesperson,Bachelor's,33885.86,9.29,88,3.39,0.32,1.7,2.3,3.65,6.78,1.01,30.91,3.9,2.3,41.31,In Relationship,Yes,Rural,1.73,0.37,4G,OnePlus,Yes,5.5,26.78,No,15,145,58.22,global_mobile
10849,China,60,Female,Engineer,PhD,51986.6,8.61,119,2.13,1.08,2.44,0.86,3.39,6.27,0.2,37.92,3.2,1.8,31.06,Divorced,Yes,Urban,0.97,1.05,4G,Samsung,No,2.5,29.9,Yes,16,86,26.73,global_mobile
10850,Germany,48,Other,Student,Master's,14406.11,4.93,30,2.78,2.06,3.43,1.81,2.48,7.25,1.16,19.22,3.8,3.9,36.66,Single,Yes,Rural,2.28,0.72,5G,Apple,No,5.5,8.55,Yes,20,118,5.81,global_mobile
10851,Mexico,56,Male,Engineer,PhD,33507.31,5.76,74,2.26,2.83,2.37,1.25,2.17,7.31,0.55,27.17,2.9,8.4,32.71,In Relationship,Yes,Rural,1.91,1.67,5G,Samsung,Yes,5.5,6.97,Yes,15,62,19.38,global_mobile
10852,USA,26,Other,Teacher,,32263.07,9.91,101,3.24,0.01,1.87,1.1,2.12,7.44,0.53,59.74,7.4,0.1,20.75,Single,Yes,Urban,1.65,1.65,4G,Xiaomi,Yes,5.5,20.23,Yes,15,113,48.66,global_mobile
10853,UK,63,Female,Salesperson,Bachelor's,45135.68,8.62,88,1.45,2.37,3.51,1.47,0.5,6.69,1.0,53.06,6.8,6.9,0.98,Married,Yes,Urban,2.47,0.47,3G,Xiaomi,No,9.5,27.18,No,19,132,41.22,global_mobile
10854,Germany,29,Other,Engineer,Master's,35488.24,8.5,72,1.24,1.0,2.15,1.39,2.9,6.54,1.55,76.27,7.1,2.8,77.6,Married,No,Rural,0.0,0.58,5G,Other,No,7.5,16.72,No,14,102,32.92,global_mobile
10855,UK,31,Other,Engineer,PhD,0.0,4.07,116,2.86,1.53,2.62,2.21,2.94,5.8,0.93,89.79,0.9,8.5,86.71,Married,No,Urban,0.63,1.86,4G,OnePlus,Yes,2.5,17.28,No,11,99,16.12,global_mobile
10856,Mexico,19,Female,Doctor,Master's,18581.31,5.41,95,2.69,1.1,2.39,2.06,3.64,6.59,0.58,98.63,4.6,1.9,34.02,Divorced,Yes,Rural,2.09,0.0,WiFi,Huawei,Yes,2.5,39.45,No,11,99,47.93,global_mobile
10857,USA,54,Other,Manager,PhD,10138.03,4.83,43,2.0,1.53,2.15,1.12,1.96,6.8,0.74,40.96,4.4,6.0,79.52,Divorced,Yes,Rural,0.88,0.9,WiFi,Samsung,Yes,2.5,24.54,No,16,132,3.25,global_mobile
10858,Mexico,51,Male,Engineer,High School,44959.96,4.42,30,1.6,1.81,3.34,0.36,2.31,6.07,0.9,28.18,8.0,3.8,56.86,Divorced,Yes,Urban,0.0,0.78,5G,Apple,No,2.5,21.01,No,14,158,63.3,global_mobile
10859,Nigeria,67,Female,Manager,Master's,607.69,2.77,48,2.1,1.7,2.03,0.88,1.2,4.54,2.02,31.07,5.7,8.4,0.57,Divorced,Yes,Rural,1.21,0.83,3G,Other,No,7.5,31.02,Yes,19,99,43.26,global_mobile
10860,UK,68,Other,Salesperson,PhD,22126.25,8.24,138,2.73,0.47,1.45,0.61,1.44,5.01,0.94,66.55,7.4,1.2,14.87,In Relationship,No,Rural,0.96,0.45,5G,Other,No,2.5,43.35,Yes,18,44,29.01,global_mobile
10861,India,31,Male,Doctor,High School,41983.08,8.57,27,2.97,1.03,4.78,2.6,2.34,5.39,0.86,23.58,0.5,1.4,58.16,Single,Yes,Urban,0.77,0.38,4G,Xiaomi,No,7.5,38.82,Yes,10,131,55.58,global_mobile
10862,Brazil,29,Female,Teacher,PhD,51342.13,4.7,83,0.82,0.99,1.87,0.83,0.35,6.09,0.35,44.19,6.2,7.4,79.01,In Relationship,Yes,Rural,0.41,0.24,3G,Huawei,Yes,7.5,22.27,Yes,11,78,74.98,global_mobile
10863,Germany,59,Other,Student,,40674.7,7.83,78,1.38,0.05,2.96,1.83,1.86,6.15,1.04,78.67,1.0,0.0,8.42,Single,Yes,Rural,1.27,0.59,3G,Apple,No,5.5,0.0,No,16,100,55.35,global_mobile
10864,Germany,32,Other,Unemployed,Master's,11885.49,4.72,79,1.74,1.97,0.77,1.5,1.3,5.78,0.21,49.54,8.1,5.4,13.01,Married,Yes,Rural,2.6,0.85,4G,Samsung,Yes,9.5,22.72,No,10,121,22.56,global_mobile
10865,China,27,Female,Unemployed,,18299.93,6.58,84,2.05,0.59,1.53,1.49,2.28,6.75,0.73,17.1,5.3,9.3,57.83,In Relationship,Yes,Urban,2.21,0.6,4G,Huawei,Yes,7.5,37.69,Yes,17,96,78.79,global_mobile
10866,Russia,29,Male,Salesperson,Master's,30863.88,4.9,57,1.38,1.82,2.48,1.98,2.49,5.73,1.3,1.79,8.9,8.1,80.62,In Relationship,No,Rural,1.01,1.29,3G,Huawei,No,7.5,27.01,Yes,11,140,59.17,global_mobile
10867,Germany,18,Female,Salesperson,,33876.77,6.53,93,0.54,3.02,0.86,1.48,3.92,5.82,0.78,28.02,9.5,6.5,82.12,In Relationship,Yes,Rural,2.33,0.1,5G,Xiaomi,No,9.5,18.61,Yes,11,79,27.0,global_mobile
10868,UK,35,Male,Unemployed,High School,0.0,4.59,49,2.0,0.46,3.45,1.93,0.53,5.91,1.48,1.5,5.6,7.6,37.13,Married,Yes,Urban,2.08,0.86,WiFi,Apple,Yes,7.5,39.85,Yes,18,146,60.18,global_mobile
10869,Mexico,33,Male,Teacher,PhD,33536.55,5.91,111,4.25,0.4,0.49,0.67,2.23,6.72,1.04,83.42,9.0,2.4,38.74,Divorced,No,Rural,0.58,1.48,4G,Xiaomi,Yes,7.5,21.99,Yes,12,86,73.49,global_mobile
10870,Nigeria,17,Female,Artist,Master's,41708.87,4.45,61,2.47,1.7,2.12,2.1,1.9,6.16,0.78,98.81,5.5,5.5,64.83,Single,No,Urban,2.61,1.13,5G,OnePlus,No,5.5,29.42,Yes,9,109,26.63,global_mobile
10871,USA,50,Male,Artist,Bachelor's,66063.79,6.67,94,1.31,0.72,2.57,2.1,3.25,6.45,0.81,1.41,3.4,4.8,52.86,Married,No,Urban,1.04,0.24,4G,Other,No,5.5,27.86,No,12,120,38.68,global_mobile
10872,Japan,50,Male,Teacher,High School,25874.48,4.72,67,1.95,0.47,2.15,0.99,0.64,6.18,0.32,20.31,2.4,8.6,84.06,In Relationship,Yes,Urban,0.58,0.88,4G,Apple,Yes,7.5,24.67,Yes,13,80,66.62,global_mobile
10873,USA,34,Male,Unemployed,Master's,1854.92,9.6,58,2.72,1.97,2.81,2.35,1.55,5.38,1.37,71.35,3.3,7.2,40.33,In Relationship,No,Urban,0.44,1.32,3G,Other,Yes,2.5,29.5,Yes,19,80,58.58,global_mobile
10874,Russia,48,Female,Salesperson,,34668.48,5.32,88,4.17,0.84,2.58,1.17,1.54,8.47,0.69,15.58,2.4,6.7,2.13,Single,Yes,Urban,1.77,1.07,3G,OnePlus,No,5.5,15.5,Yes,20,133,30.78,global_mobile
10875,UK,58,Female,Artist,Master's,51052.33,9.86,66,1.33,2.07,2.07,1.01,2.52,6.7,0.91,7.46,9.1,8.4,81.07,Single,Yes,Urban,1.24,0.62,WiFi,Huawei,Yes,5.5,36.44,Yes,8,105,93.88,global_mobile
10876,China,14,Female,Salesperson,,20636.0,3.68,85,2.82,1.25,1.15,1.28,1.66,6.66,0.76,42.77,5.2,8.0,62.85,Single,No,Rural,2.06,1.68,WiFi,Other,Yes,9.5,35.29,Yes,14,109,78.12,global_mobile
10877,Japan,46,Female,Doctor,PhD,25577.8,6.88,82,2.62,3.25,1.81,1.2,1.66,6.6,1.29,27.61,8.9,4.2,48.86,Married,No,Rural,0.86,0.97,5G,Huawei,Yes,2.5,27.55,Yes,12,123,12.58,global_mobile
10878,Germany,38,Female,Doctor,Master's,41735.58,7.03,44,2.2,0.83,0.59,1.3,2.28,7.6,0.61,8.04,6.5,5.2,2.69,Divorced,Yes,Rural,0.0,1.03,3G,Xiaomi,No,2.5,19.61,No,10,148,47.62,global_mobile
10879,China,58,Female,Unemployed,High School,45144.16,4.86,36,0.34,2.39,2.27,1.21,0.81,6.47,1.49,37.39,1.3,8.1,1.39,Single,Yes,Urban,1.78,1.01,WiFi,Samsung,Yes,9.5,29.13,No,17,134,13.63,global_mobile
10880,Russia,23,Female,Engineer,Master's,40328.2,5.42,38,1.4,1.67,2.83,1.53,2.47,4.95,1.57,49.84,3.4,9.0,12.87,Divorced,No,Rural,0.9,0.0,5G,Xiaomi,Yes,7.5,26.47,Yes,10,117,87.12,global_mobile
10881,Japan,28,Other,Student,Master's,36103.5,1.26,61,0.2,1.39,2.91,2.24,3.01,6.87,1.14,72.97,3.3,4.5,17.17,Married,No,Rural,1.53,0.4,3G,OnePlus,Yes,7.5,25.9,No,14,118,59.08,global_mobile
10882,China,29,Male,Student,Master's,33711.0,2.08,103,1.9,0.88,0.57,1.85,3.92,7.9,1.46,27.6,8.0,9.1,24.0,In Relationship,No,Rural,1.47,1.54,WiFi,Other,Yes,7.5,22.84,No,15,72,97.99,global_mobile
10883,USA,33,Female,Engineer,PhD,31138.73,8.54,58,1.45,2.76,1.26,1.65,2.83,6.64,1.65,1.66,8.2,8.6,20.17,Divorced,No,Rural,2.69,1.19,3G,Other,No,2.5,38.31,No,11,66,32.31,global_mobile
10884,Brazil,44,Male,Doctor,Master's,41141.21,3.53,79,1.37,0.97,1.13,1.77,2.63,7.27,1.42,16.47,2.2,7.8,50.08,Single,No,Rural,0.28,1.3,5G,Samsung,Yes,9.5,40.77,No,16,132,20.79,global_mobile
10885,USA,20,Male,Unemployed,Master's,12087.19,8.0,65,3.31,2.17,1.83,0.81,2.34,7.17,1.81,96.33,4.6,9.1,75.07,Single,No,Rural,0.48,0.95,WiFi,Xiaomi,No,9.5,18.88,No,18,105,89.1,global_mobile
10886,China,23,Other,Manager,Bachelor's,39171.81,6.4,64,1.3,0.61,1.47,2.42,2.67,7.3,0.87,99.93,8.2,1.2,59.84,In Relationship,Yes,Rural,1.52,0.96,3G,Other,Yes,5.5,35.14,No,15,131,68.65,global_mobile
10887,Brazil,38,Other,Unemployed,Master's,28115.87,4.05,71,0.39,0.62,2.37,1.38,1.54,7.68,0.44,90.79,5.1,3.8,99.65,Divorced,Yes,Rural,0.53,1.12,5G,Huawei,Yes,7.5,27.86,No,16,110,7.14,global_mobile
10888,China,47,Other,Engineer,,43745.91,7.1,106,2.32,2.04,1.54,0.9,0.78,6.36,1.31,28.76,2.4,6.7,62.39,Married,No,Urban,2.08,0.65,3G,Samsung,Yes,2.5,13.16,Yes,8,115,52.38,global_mobile
10889,Germany,48,Female,Artist,Bachelor's,25138.38,0.03,66,2.04,1.31,0.67,1.86,1.16,6.43,0.85,32.34,5.8,0.6,3.33,In Relationship,Yes,Urban,1.19,1.35,4G,Apple,Yes,2.5,36.03,Yes,20,127,5.73,global_mobile
10890,USA,70,Female,Manager,Master's,32642.91,5.03,82,2.27,1.25,3.04,1.35,1.19,6.96,1.14,24.64,3.0,5.3,98.96,Divorced,No,Urban,3.93,0.0,3G,Samsung,No,9.5,25.65,Yes,17,108,7.29,global_mobile
10891,Japan,60,Male,Student,Bachelor's,54537.29,5.41,80,3.94,2.19,1.57,2.22,4.15,7.16,0.96,33.56,0.9,4.5,11.4,Divorced,Yes,Urban,1.67,1.02,3G,Other,Yes,9.5,28.34,No,10,137,32.52,global_mobile
10892,USA,48,Other,Artist,PhD,39991.77,6.72,77,2.98,1.52,2.11,1.23,2.09,7.27,1.49,45.86,9.3,0.0,20.35,Single,No,Rural,0.79,0.19,4G,Xiaomi,Yes,2.5,0.79,No,20,144,88.26,global_mobile
10893,Japan,17,Other,Salesperson,Bachelor's,42936.26,6.47,107,1.94,2.83,1.49,0.35,2.47,6.22,0.56,51.92,7.2,1.5,93.67,Single,No,Rural,2.08,1.87,4G,OnePlus,Yes,5.5,22.75,No,11,137,18.85,global_mobile
10894,UK,67,Male,Student,Master's,44096.84,7.14,80,1.27,0.0,3.49,2.5,1.98,6.0,1.43,90.36,9.0,2.6,82.3,Married,Yes,Urban,1.38,0.13,4G,Samsung,Yes,7.5,28.54,No,19,110,40.22,global_mobile
10895,Mexico,44,Female,Teacher,Bachelor's,1474.13,8.22,69,3.91,1.52,2.67,2.44,2.75,5.3,0.24,55.88,7.4,1.2,1.44,Single,Yes,Urban,0.0,0.63,WiFi,Other,No,5.5,26.68,Yes,9,133,82.62,global_mobile
10896,Japan,46,Other,Unemployed,PhD,42832.97,8.15,79,0.0,2.1,3.83,2.19,0.76,7.12,1.24,72.72,3.5,2.4,94.73,Single,Yes,Urban,2.01,1.41,4G,Apple,No,9.5,23.79,No,8,128,88.65,global_mobile
10897,Mexico,38,Male,Student,High School,43824.66,6.3,82,4.77,0.19,1.66,1.69,0.71,6.83,1.36,73.23,1.7,7.9,52.3,Divorced,No,Rural,0.57,1.14,WiFi,Other,Yes,2.5,34.87,Yes,18,116,90.37,global_mobile
10898,UK,17,Female,Artist,Bachelor's,43778.34,12.06,85,2.67,2.23,2.41,1.9,2.78,5.32,1.09,96.96,3.6,9.8,71.62,Married,Yes,Urban,2.0,0.94,5G,Samsung,Yes,5.5,18.49,Yes,9,84,4.63,global_mobile
10899,UK,12,Female,Artist,,49196.19,7.85,120,1.41,1.06,0.31,1.57,1.11,7.75,0.29,66.24,2.6,2.1,76.0,Divorced,No,Rural,1.77,0.88,WiFi,OnePlus,No,5.5,22.69,No,9,55,62.4,global_mobile
10900,Brazil,29,Other,Doctor,Bachelor's,34470.71,6.45,57,1.46,2.04,2.14,2.2,2.07,7.72,1.08,6.11,8.2,0.7,46.73,Married,Yes,Rural,2.06,0.76,3G,Xiaomi,Yes,9.5,20.71,No,9,84,39.86,global_mobile
10901,USA,63,Male,Engineer,High School,39670.97,5.66,60,0.59,1.0,2.67,2.26,2.01,5.04,0.55,11.74,2.7,7.9,62.97,In Relationship,No,Urban,0.91,0.82,4G,Xiaomi,Yes,5.5,30.74,No,13,60,11.37,global_mobile
10902,Mexico,35,Male,Student,Master's,25326.85,7.33,91,1.01,1.96,2.98,1.39,1.71,5.58,1.81,72.32,7.7,0.6,24.06,Divorced,Yes,Urban,2.19,1.58,4G,OnePlus,No,7.5,5.23,No,14,106,41.41,global_mobile
10903,UK,54,Female,Manager,Bachelor's,36323.04,5.72,87,1.82,3.04,2.86,1.77,2.24,6.1,1.18,61.46,9.4,3.0,68.67,Married,No,Urban,0.97,1.12,4G,Other,Yes,9.5,34.09,No,15,116,14.74,global_mobile
10904,USA,50,Female,Engineer,Bachelor's,10943.13,1.84,131,0.52,3.0,1.17,1.92,0.0,5.0,0.64,69.57,3.5,5.5,99.88,In Relationship,Yes,Urban,1.55,0.7,5G,OnePlus,No,7.5,37.31,No,15,91,82.67,global_mobile
10905,Brazil,70,Male,Teacher,High School,26227.88,7.62,69,1.89,0.0,2.33,2.4,2.92,5.16,1.37,18.15,8.6,0.7,93.54,Married,Yes,Urban,0.65,1.28,WiFi,Xiaomi,Yes,2.5,25.15,No,14,103,92.41,global_mobile
10906,Russia,24,Male,Salesperson,PhD,6637.53,8.27,116,1.39,1.1,3.24,1.45,0.02,6.93,0.6,77.04,0.1,8.2,40.89,Divorced,No,Urban,2.11,0.8,4G,Samsung,Yes,2.5,37.72,No,19,92,76.67,global_mobile
10907,Russia,17,Female,Engineer,High School,20144.85,6.99,69,0.37,3.19,2.22,1.12,2.35,5.12,0.0,44.97,10.0,8.7,66.3,Divorced,No,Urban,0.74,1.38,4G,OnePlus,Yes,7.5,27.52,No,11,87,84.3,global_mobile
10908,Germany,12,Male,Artist,Bachelor's,20539.32,1.77,52,0.55,0.14,1.13,1.53,1.07,7.24,0.43,52.76,6.7,0.1,21.07,In Relationship,Yes,Urban,1.09,1.31,5G,Xiaomi,No,9.5,16.71,No,11,92,0.68,global_mobile
10909,UK,68,Female,Student,High School,31307.66,4.46,46,2.35,1.68,2.2,1.99,2.26,8.39,0.65,56.63,9.6,3.5,23.0,Married,No,Rural,1.35,0.74,WiFi,Other,Yes,2.5,27.25,Yes,9,143,97.32,global_mobile
10910,Nigeria,47,Male,Unemployed,PhD,6588.03,6.6,105,3.75,3.21,1.46,1.76,0.48,6.21,0.0,27.73,3.2,0.7,17.16,Divorced,Yes,Rural,2.64,1.21,WiFi,Huawei,Yes,9.5,14.82,Yes,16,130,25.06,global_mobile
10911,Nigeria,27,Female,Artist,Bachelor's,57904.4,3.6,88,2.69,1.11,1.41,1.38,1.03,7.15,1.01,38.82,9.3,4.4,27.64,Divorced,Yes,Rural,2.37,0.06,4G,Other,No,9.5,38.07,Yes,11,50,71.18,global_mobile
10912,India,24,Male,Artist,Bachelor's,28842.89,6.0,19,1.31,1.02,3.42,1.32,1.05,7.0,1.38,72.97,1.4,4.6,2.0,Married,Yes,Rural,0.6,1.1,3G,Other,No,9.5,26.34,No,12,93,79.39,global_mobile
10913,USA,32,Other,Artist,PhD,32707.22,6.35,120,2.86,2.52,2.76,1.56,3.39,6.84,1.39,43.31,3.0,0.9,37.46,In Relationship,No,Urban,0.58,0.86,3G,OnePlus,No,2.5,17.99,Yes,10,89,96.8,global_mobile
10914,Russia,46,Male,Doctor,PhD,57101.76,5.81,86,2.9,1.01,1.43,0.55,1.77,7.21,0.76,18.5,1.7,5.8,42.33,Married,No,Urban,0.66,0.62,5G,Other,No,7.5,44.38,No,10,75,22.15,global_mobile
10915,Brazil,70,Other,Student,High School,53737.16,6.75,124,2.12,2.55,1.62,1.43,4.94,5.47,2.2,13.46,5.9,2.5,40.13,In Relationship,No,Rural,3.52,0.53,WiFi,Other,Yes,5.5,23.8,No,17,74,57.05,global_mobile
10916,India,37,Female,Unemployed,Bachelor's,56242.77,4.34,78,1.08,1.66,2.98,1.2,2.67,4.43,0.93,95.24,7.5,7.5,95.6,Divorced,No,Rural,1.79,1.29,5G,OnePlus,Yes,5.5,31.95,No,15,83,40.92,global_mobile
10917,USA,54,Male,Manager,PhD,18720.7,3.9,32,1.94,0.67,2.82,1.29,1.46,7.49,1.13,61.16,9.0,3.5,72.23,Single,No,Rural,1.46,0.66,5G,Huawei,Yes,9.5,36.04,No,19,147,78.06,global_mobile
10918,Japan,31,Female,Artist,,30574.8,7.23,104,2.99,1.43,2.36,2.37,1.85,7.78,0.88,89.54,3.9,2.9,21.33,In Relationship,No,Urban,0.35,0.86,4G,Samsung,No,2.5,31.78,No,12,101,5.08,global_mobile
10919,USA,12,Male,Manager,,29884.2,7.56,54,2.43,2.06,1.89,1.26,1.21,7.04,1.8,46.32,8.6,2.4,72.26,In Relationship,Yes,Urban,1.86,0.27,4G,OnePlus,No,7.5,30.99,Yes,12,114,9.84,global_mobile
10920,Nigeria,69,Other,Unemployed,Bachelor's,31012.29,6.85,116,1.34,1.0,1.73,1.61,2.74,9.09,0.88,22.9,7.0,7.1,53.33,Married,No,Rural,1.79,0.54,WiFi,Apple,No,7.5,28.26,No,18,122,2.43,global_mobile
10921,Germany,70,Female,Engineer,High School,36011.82,4.26,74,1.85,1.64,1.36,1.5,2.41,6.39,1.46,44.25,6.3,7.3,67.86,Single,Yes,Urban,2.71,0.42,WiFi,Other,No,9.5,32.59,No,18,114,16.74,global_mobile
10922,Japan,26,Other,Salesperson,,27432.79,6.14,61,2.33,1.8,3.5,0.87,1.22,6.93,0.34,43.22,9.8,8.8,4.59,Married,No,Rural,1.45,0.0,4G,Apple,Yes,2.5,34.97,No,12,92,59.29,global_mobile
10923,China,27,Male,Teacher,PhD,53991.2,6.54,56,1.16,1.17,1.92,0.77,1.72,7.36,1.21,46.87,1.4,5.3,49.1,In Relationship,Yes,Rural,1.37,0.83,3G,Samsung,Yes,5.5,43.48,Yes,19,127,84.77,global_mobile
10924,China,70,Female,Salesperson,Master's,57073.77,1.46,64,1.86,0.63,1.56,2.0,2.36,7.2,1.58,90.28,5.5,6.1,15.03,In Relationship,Yes,Rural,1.07,0.97,3G,Apple,Yes,2.5,9.61,No,16,37,86.0,global_mobile
10925,Nigeria,55,Male,Manager,High School,36467.11,5.69,72,1.26,3.01,2.36,0.86,1.5,5.81,1.1,59.21,4.3,7.4,39.66,In Relationship,No,Urban,1.23,1.46,5G,OnePlus,Yes,7.5,38.32,No,20,79,13.46,global_mobile
10926,Russia,37,Male,Manager,Bachelor's,9112.34,6.0,113,2.27,2.27,0.0,0.71,2.34,5.96,0.65,95.98,7.4,6.7,97.37,Single,Yes,Urban,0.26,0.51,3G,Xiaomi,No,5.5,27.75,No,19,111,70.38,global_mobile
10927,Russia,49,Female,Doctor,Master's,32266.14,8.94,64,2.18,1.55,2.33,1.19,3.26,7.01,2.53,16.8,4.0,9.8,17.21,Single,No,Rural,2.62,1.08,3G,Apple,No,2.5,25.07,No,8,81,23.07,global_mobile
10928,Japan,61,Male,Unemployed,High School,56496.61,5.2,55,1.02,0.36,2.21,1.74,0.62,8.5,0.69,22.32,0.1,8.1,52.85,Divorced,No,Urban,1.13,1.7,WiFi,Samsung,Yes,7.5,23.41,Yes,8,81,71.87,global_mobile
10929,Mexico,33,Female,Engineer,PhD,50752.29,9.11,82,2.34,2.46,0.49,2.02,3.01,6.78,1.42,62.44,8.8,1.9,41.41,Single,No,Urban,2.71,1.49,4G,Other,Yes,9.5,22.61,No,12,87,9.67,global_mobile
10930,USA,50,Female,Student,Master's,14088.44,9.11,84,2.32,1.97,1.0,1.35,2.61,6.68,1.82,14.59,2.3,6.3,15.86,Single,No,Rural,1.52,1.14,WiFi,Other,Yes,9.5,24.34,No,20,124,42.98,global_mobile
10931,Brazil,66,Male,Doctor,High School,35053.67,6.71,80,0.53,2.74,1.92,1.85,2.32,6.39,1.49,22.74,8.7,8.8,54.19,Married,Yes,Urban,1.39,0.91,WiFi,Apple,Yes,7.5,23.68,Yes,15,75,14.16,global_mobile
10932,China,18,Other,Student,PhD,15947.24,4.36,88,2.1,0.97,2.53,1.0,3.07,5.35,1.77,77.2,4.0,3.6,85.67,Single,Yes,Rural,1.03,0.1,WiFi,Xiaomi,Yes,5.5,17.04,No,19,89,19.95,global_mobile
10933,India,16,Other,Unemployed,PhD,43116.43,8.53,130,0.0,1.74,3.55,0.96,1.19,7.11,1.04,76.09,7.5,7.4,62.82,Married,Yes,Rural,2.81,0.46,5G,OnePlus,No,9.5,27.38,No,12,48,78.5,global_mobile
10934,Nigeria,65,Male,Salesperson,,15716.25,7.84,35,2.06,1.83,1.15,1.31,2.75,6.06,1.71,76.82,7.9,1.6,38.08,Married,No,Rural,1.02,0.73,3G,Xiaomi,Yes,7.5,32.04,No,19,148,11.25,global_mobile
10935,Mexico,62,Female,Doctor,Master's,27928.55,5.18,95,0.08,2.64,1.15,1.56,2.1,7.15,0.94,2.3,0.6,0.1,52.73,Married,No,Urban,0.96,1.78,WiFi,Samsung,Yes,2.5,27.8,No,17,71,5.29,global_mobile
10936,Russia,21,Male,Manager,,15512.89,2.34,107,2.03,1.06,1.49,1.9,1.73,6.29,1.18,84.27,4.8,1.9,85.43,Divorced,Yes,Urban,1.78,0.0,5G,Samsung,Yes,5.5,18.23,No,16,127,61.69,global_mobile
10937,Nigeria,36,Male,Doctor,Master's,28882.36,5.81,86,1.19,0.38,2.46,1.51,0.89,5.84,0.73,87.94,0.2,6.3,32.72,In Relationship,Yes,Rural,2.05,1.61,5G,Samsung,No,2.5,37.08,No,10,146,32.47,global_mobile
10938,Mexico,35,Male,Engineer,PhD,54106.82,5.51,59,1.74,0.6,1.11,0.89,1.64,5.28,0.42,67.39,7.4,7.6,22.77,Single,Yes,Urban,0.75,1.06,5G,Samsung,Yes,9.5,20.57,Yes,16,54,12.05,global_mobile
10939,USA,26,Female,Student,Master's,28772.49,6.07,66,1.76,0.65,2.66,1.76,1.15,8.14,1.22,55.23,0.5,1.9,10.97,Divorced,Yes,Rural,0.0,0.55,3G,Apple,No,2.5,21.22,No,9,101,14.85,global_mobile
10940,India,30,Male,Doctor,Master's,14985.08,7.02,90,2.24,4.12,1.97,1.56,2.39,5.76,1.53,39.45,3.5,8.6,34.27,Divorced,No,Rural,1.16,0.64,4G,Other,No,2.5,30.47,No,9,99,23.08,global_mobile
10941,Russia,47,Male,Engineer,,31595.36,8.65,91,1.72,0.55,4.56,1.82,1.23,8.91,1.55,48.85,8.8,3.0,94.4,Single,Yes,Rural,0.78,1.05,5G,Huawei,No,9.5,44.55,Yes,16,99,98.58,global_mobile
10942,USA,37,Male,Doctor,Master's,41454.51,3.87,94,0.4,1.91,2.43,0.44,2.21,6.33,1.32,65.85,3.9,9.7,62.97,Married,Yes,Rural,1.74,0.78,5G,Huawei,Yes,5.5,14.79,Yes,12,53,31.75,global_mobile
10943,Russia,67,Other,Teacher,PhD,7251.23,2.72,89,0.94,0.0,2.8,1.39,3.44,6.89,0.89,42.22,6.3,9.7,87.82,Single,Yes,Rural,0.94,0.56,3G,Other,Yes,2.5,21.14,Yes,12,89,94.97,global_mobile
10944,Japan,58,Other,Artist,Master's,5873.21,5.04,99,1.36,1.72,2.36,1.12,3.19,8.52,0.77,92.98,0.4,10.0,95.04,Single,Yes,Urban,1.29,0.0,WiFi,Huawei,Yes,9.5,30.47,Yes,14,144,34.51,global_mobile
10945,India,43,Other,Engineer,PhD,36641.83,7.24,79,2.89,1.21,1.62,0.88,1.69,5.29,1.29,58.88,8.2,5.6,85.49,Divorced,Yes,Urban,2.23,0.6,4G,OnePlus,Yes,5.5,18.56,No,16,110,95.13,global_mobile
10946,Mexico,14,Female,Salesperson,PhD,26503.19,6.09,111,1.71,2.63,2.58,0.66,1.9,7.81,1.41,2.76,7.7,4.1,82.54,Single,Yes,Rural,1.63,1.15,WiFi,Huawei,Yes,2.5,15.75,Yes,18,90,27.94,global_mobile
10947,Japan,69,Other,Teacher,Master's,40353.09,5.44,104,1.61,2.58,1.3,1.53,0.37,5.18,0.79,99.91,4.7,9.9,61.24,Married,Yes,Urban,2.54,0.58,5G,Huawei,No,9.5,25.99,Yes,9,94,69.55,global_mobile
10948,Russia,26,Female,Teacher,Bachelor's,37467.07,5.9,58,3.2,2.62,2.96,1.21,3.02,5.98,0.4,53.94,8.7,3.2,20.74,Divorced,No,Urban,2.36,1.22,5G,Apple,Yes,5.5,42.23,No,20,81,18.73,global_mobile
10949,UK,50,Male,Artist,Master's,20571.93,3.85,123,1.39,0.66,2.16,1.9,1.85,5.4,1.24,6.82,9.9,1.6,70.49,In Relationship,No,Urban,1.31,0.2,WiFi,Huawei,Yes,5.5,26.21,No,16,54,46.39,global_mobile
10950,China,62,Male,Salesperson,PhD,14740.5,1.97,101,2.39,4.08,1.4,1.81,2.58,5.16,0.81,61.92,0.7,7.9,11.0,Single,Yes,Rural,1.96,0.44,WiFi,Huawei,Yes,2.5,44.73,Yes,14,116,78.65,global_mobile
10951,Russia,40,Male,Artist,PhD,11303.61,6.63,85,3.41,1.95,2.22,0.84,0.87,6.38,0.97,42.28,7.2,3.8,99.18,Divorced,Yes,Urban,2.54,1.52,3G,Xiaomi,Yes,9.5,25.65,Yes,10,102,54.33,global_mobile
10952,USA,54,Male,Doctor,Bachelor's,37237.66,0.0,47,1.03,2.63,2.09,2.01,3.56,6.98,1.16,72.3,6.3,4.2,74.24,Married,No,Urban,1.99,1.0,WiFi,OnePlus,Yes,9.5,15.19,Yes,14,83,45.89,global_mobile
10953,UK,62,Other,Artist,PhD,11886.67,3.88,92,2.47,1.8,2.71,1.35,2.79,5.27,0.02,17.55,6.1,0.4,5.97,Married,No,Rural,1.78,0.67,3G,Huawei,No,7.5,11.99,No,8,127,45.63,global_mobile
10954,Japan,64,Female,Doctor,Bachelor's,61013.21,2.64,80,2.2,0.61,1.58,0.71,1.57,5.09,0.9,85.67,7.1,9.3,17.86,Divorced,Yes,Urban,2.3,1.7,5G,Samsung,Yes,2.5,37.01,Yes,12,45,77.8,global_mobile
10955,Nigeria,45,Female,Student,,52417.07,3.75,79,2.12,2.05,3.09,1.26,2.95,6.09,0.48,27.09,4.1,8.4,57.06,Married,Yes,Rural,1.93,0.77,3G,Samsung,No,5.5,20.31,Yes,12,114,63.09,global_mobile
10956,USA,46,Male,Salesperson,PhD,22702.44,4.8,69,2.71,2.62,2.12,1.85,2.39,5.68,0.8,45.77,7.9,5.8,82.65,Single,No,Urban,2.13,0.0,3G,Apple,No,9.5,3.38,Yes,14,60,69.92,global_mobile
10957,Mexico,51,Other,Artist,Bachelor's,51095.76,5.05,107,3.19,1.61,2.24,1.08,3.68,7.34,0.23,55.44,6.9,3.4,56.49,Single,Yes,Rural,1.06,0.89,WiFi,OnePlus,No,9.5,25.07,No,12,104,63.6,global_mobile
10958,Mexico,48,Female,Artist,Master's,48496.08,5.51,79,0.11,2.74,3.17,0.01,3.48,5.22,2.11,96.54,6.4,5.9,74.1,Divorced,No,Urban,0.79,0.02,WiFi,Other,No,5.5,50.03,Yes,8,161,37.29,global_mobile
10959,Japan,12,Male,Doctor,,52947.58,4.75,110,0.93,0.63,2.04,1.3,1.26,7.64,1.25,4.59,2.3,7.7,60.95,Single,Yes,Urban,0.88,0.59,WiFi,Huawei,No,9.5,7.88,No,16,75,33.22,global_mobile
10960,Japan,42,Other,Teacher,Bachelor's,48378.97,7.8,112,1.41,1.6,1.69,1.28,1.74,5.8,2.34,22.34,9.2,8.5,44.13,Single,Yes,Rural,1.44,0.21,5G,Apple,No,9.5,32.22,Yes,13,100,30.06,global_mobile
10961,China,26,Male,Engineer,PhD,27437.77,4.67,86,2.55,1.37,1.35,1.88,1.89,6.95,1.83,5.66,1.0,4.9,41.66,In Relationship,No,Rural,1.26,1.09,4G,Apple,No,5.5,31.56,No,8,100,23.43,global_mobile
10962,UK,31,Male,Manager,Master's,19752.06,1.79,91,3.43,1.08,3.82,1.82,2.34,6.9,0.43,97.73,9.4,2.9,78.05,Single,No,Urban,2.0,0.72,5G,Other,Yes,7.5,17.89,Yes,17,64,58.71,global_mobile
10963,USA,32,Other,Salesperson,,50161.56,7.39,95,1.91,3.49,2.5,1.6,2.53,7.58,1.55,83.36,5.7,1.3,84.39,Single,Yes,Urban,1.23,0.33,4G,OnePlus,Yes,7.5,36.43,Yes,18,60,17.1,global_mobile
10964,Japan,49,Female,Teacher,Bachelor's,15832.28,5.52,80,2.28,1.0,3.32,1.17,3.2,7.36,1.21,79.42,3.2,4.5,79.1,Married,Yes,Urban,1.79,0.93,WiFi,Samsung,No,2.5,40.04,No,13,67,14.9,global_mobile
10965,China,23,Other,Engineer,Bachelor's,15570.83,3.52,100,3.09,2.98,2.78,1.27,3.39,6.63,0.87,18.2,4.8,1.1,57.21,In Relationship,Yes,Rural,0.0,1.78,3G,Xiaomi,No,7.5,28.2,Yes,14,107,21.4,global_mobile
10966,Brazil,42,Other,Artist,Bachelor's,27811.85,6.65,29,1.54,1.77,1.25,0.93,2.86,5.7,0.6,4.24,9.8,6.1,82.73,Divorced,No,Rural,1.5,0.0,WiFi,OnePlus,Yes,7.5,32.5,No,16,126,20.23,global_mobile
10967,China,56,Other,Doctor,High School,25864.86,5.33,58,3.01,2.93,1.39,1.26,3.11,6.88,1.14,78.5,0.1,3.0,14.03,Divorced,Yes,Rural,1.06,0.91,WiFi,Huawei,Yes,2.5,25.79,No,13,119,76.64,global_mobile
10968,Japan,41,Male,Manager,Bachelor's,6478.85,8.33,83,0.2,1.33,3.65,1.51,0.71,7.02,0.62,0.67,2.7,2.0,82.73,Single,Yes,Rural,1.4,0.0,3G,Samsung,Yes,2.5,23.0,Yes,14,70,3.29,global_mobile
10969,Brazil,14,Male,Engineer,,36283.0,7.16,97,2.34,1.92,2.34,1.4,1.39,6.57,1.23,81.2,9.4,0.8,36.61,Married,Yes,Urban,0.0,0.79,WiFi,Samsung,No,7.5,28.02,No,12,175,28.48,global_mobile
10970,China,21,Other,Salesperson,,47156.55,6.77,108,2.25,2.15,2.4,2.13,2.7,4.56,0.31,4.47,6.6,9.3,83.93,In Relationship,Yes,Urban,0.88,1.15,WiFi,OnePlus,Yes,7.5,32.76,No,9,107,76.74,global_mobile
10971,USA,49,Female,Manager,,18531.6,6.41,60,1.35,1.87,2.64,1.51,0.15,5.81,0.66,81.66,4.5,1.2,6.13,Divorced,Yes,Rural,2.26,0.95,3G,Samsung,No,7.5,29.16,Yes,17,134,27.58,global_mobile
10972,Brazil,55,Other,Student,Bachelor's,0.0,5.98,92,1.5,0.05,2.77,0.83,2.83,6.39,2.13,60.49,3.3,2.5,75.54,Married,Yes,Rural,1.65,0.0,4G,Apple,Yes,9.5,27.39,No,20,66,34.73,global_mobile
10973,Nigeria,51,Other,Artist,PhD,41261.18,3.92,64,1.44,1.67,0.93,2.47,1.42,5.79,1.76,50.72,9.8,9.4,62.8,Single,No,Rural,0.5,1.33,3G,Apple,No,2.5,22.53,No,14,85,78.24,global_mobile
10974,Nigeria,51,Male,Engineer,,7119.15,1.59,105,1.36,1.41,2.41,1.16,2.89,7.12,0.34,48.79,2.7,6.7,48.09,Married,Yes,Rural,1.9,0.15,WiFi,Samsung,No,5.5,15.25,No,14,123,59.31,global_mobile
10975,Japan,50,Other,Doctor,High School,40467.45,3.55,65,3.38,0.69,0.64,1.25,2.9,6.78,1.5,27.14,7.1,3.4,86.05,In Relationship,No,Rural,1.2,1.36,4G,Xiaomi,Yes,9.5,33.19,No,19,87,53.7,global_mobile
10976,Nigeria,23,Other,Artist,Master's,0.0,5.04,67,1.04,2.82,2.18,0.94,3.03,5.74,0.78,14.88,7.0,7.6,21.24,Married,Yes,Rural,2.86,0.48,5G,Huawei,Yes,7.5,21.57,No,13,31,9.31,global_mobile
10977,Mexico,32,Female,Manager,,20669.06,6.68,148,1.65,3.37,2.49,1.11,0.74,6.97,0.79,5.84,6.4,9.0,16.23,Married,No,Urban,0.95,1.76,4G,Apple,No,9.5,5.74,No,11,103,99.93,global_mobile
10978,UK,68,Female,Manager,,46549.87,5.59,114,3.49,2.48,4.63,1.71,1.5,6.91,1.18,82.13,3.7,9.0,73.86,Single,Yes,Rural,0.44,0.65,4G,Samsung,No,7.5,34.9,Yes,12,120,39.58,global_mobile
10979,Brazil,66,Male,Manager,Bachelor's,0.0,7.07,80,1.37,0.31,1.2,0.88,2.79,5.68,1.4,7.92,6.2,5.5,44.24,Married,No,Urban,0.69,0.66,4G,OnePlus,No,5.5,19.56,No,9,108,25.01,global_mobile
10980,Mexico,67,Other,Student,High School,20106.87,5.8,43,0.8,2.86,2.92,0.89,2.73,6.14,1.66,2.06,3.1,2.3,47.58,In Relationship,Yes,Urban,1.76,1.29,3G,Samsung,Yes,2.5,36.77,Yes,17,89,34.7,global_mobile
10981,Russia,38,Female,Artist,Master's,11741.24,7.26,96,2.76,0.0,3.07,2.47,0.88,7.28,0.0,55.42,7.9,3.1,21.02,In Relationship,Yes,Rural,3.25,1.29,WiFi,Xiaomi,No,9.5,11.82,Yes,15,104,68.85,global_mobile
10982,Nigeria,37,Other,Teacher,High School,21830.97,6.01,70,1.97,1.29,0.0,1.17,2.18,8.01,1.58,92.83,5.6,7.8,33.25,Divorced,No,Rural,0.25,0.92,3G,OnePlus,Yes,7.5,17.1,No,10,143,10.46,global_mobile
10983,Brazil,70,Other,Manager,,20844.61,5.46,70,2.22,1.18,2.66,2.11,1.12,5.88,1.02,4.52,7.9,1.4,66.7,In Relationship,No,Urban,1.81,1.02,WiFi,Samsung,No,2.5,28.42,Yes,10,95,75.24,global_mobile
10984,India,14,Female,Artist,Master's,17116.07,6.29,54,1.53,1.91,2.53,0.73,3.92,8.21,0.83,65.05,0.9,7.5,50.02,Single,No,Rural,1.65,0.92,3G,Xiaomi,No,5.5,29.53,No,13,96,79.7,global_mobile
10985,USA,36,Female,Engineer,Master's,26181.85,5.65,104,2.36,0.29,1.4,1.81,3.34,8.64,1.49,43.35,1.5,5.4,41.16,In Relationship,Yes,Rural,1.74,1.37,3G,Samsung,Yes,9.5,26.77,No,12,135,92.66,global_mobile
10986,Russia,34,Male,Student,Bachelor's,23099.82,7.42,50,1.43,1.4,1.34,1.53,2.19,6.43,1.97,9.07,0.3,6.2,4.47,Married,No,Urban,2.63,1.14,4G,Huawei,Yes,2.5,31.6,No,13,115,48.82,global_mobile
10987,Mexico,12,Other,Engineer,High School,33480.91,2.92,34,3.0,0.0,1.57,1.0,2.79,6.16,1.05,61.21,0.0,3.2,8.49,Divorced,Yes,Rural,2.07,0.31,4G,OnePlus,No,7.5,27.94,Yes,17,89,97.1,global_mobile
10988,China,57,Female,Salesperson,,15322.1,2.97,107,2.67,0.83,2.74,0.48,0.13,8.11,1.47,26.29,6.1,4.4,81.94,Single,Yes,Rural,0.26,0.59,4G,Xiaomi,Yes,9.5,27.37,Yes,14,156,26.42,global_mobile
10989,Nigeria,47,Male,Student,Bachelor's,31303.3,5.33,14,2.08,1.31,2.49,1.01,2.1,8.92,1.3,17.09,6.7,8.9,29.96,Divorced,Yes,Urban,1.71,1.45,5G,Apple,Yes,7.5,9.46,No,15,139,12.86,global_mobile
10990,Mexico,66,Male,Teacher,PhD,25493.59,9.1,86,1.72,1.48,0.32,0.98,2.19,7.5,0.99,60.74,7.8,4.0,52.17,In Relationship,No,Rural,1.44,1.64,4G,Apple,No,5.5,28.89,No,18,137,75.84,global_mobile
10991,UK,64,Male,Salesperson,PhD,31452.01,7.89,72,2.88,3.64,1.99,2.15,2.06,6.43,0.58,88.68,7.4,3.5,27.71,Single,Yes,Rural,1.71,1.03,4G,Other,Yes,7.5,27.12,No,8,131,37.1,global_mobile
10992,Mexico,38,Other,Salesperson,Master's,22870.17,8.09,136,1.94,0.32,2.45,1.73,1.71,6.48,0.35,10.49,5.8,0.9,35.38,Single,No,Urban,1.94,0.87,4G,Huawei,No,9.5,24.61,Yes,17,111,94.07,global_mobile
10993,Mexico,17,Female,Manager,Master's,29397.4,1.85,43,1.7,2.41,2.1,1.52,1.85,6.27,0.84,93.0,6.3,8.6,2.96,In Relationship,Yes,Rural,0.86,0.9,4G,Other,No,7.5,9.03,Yes,12,60,58.74,global_mobile
10994,Russia,28,Other,Student,Master's,5902.44,4.27,48,2.02,0.53,3.36,1.18,0.71,5.22,0.9,92.05,2.2,4.7,56.48,Single,No,Urban,0.91,0.58,4G,OnePlus,Yes,2.5,44.93,No,8,80,80.83,global_mobile
10995,China,16,Other,Teacher,High School,0.0,4.68,92,1.8,2.28,3.32,1.82,3.11,5.5,1.06,87.22,7.0,1.3,33.46,Single,No,Urban,1.73,1.32,3G,Other,No,9.5,30.9,No,12,54,70.32,global_mobile
10996,USA,18,Other,Doctor,Bachelor's,18993.23,3.47,72,1.15,3.36,2.57,1.94,4.28,5.78,2.03,27.36,0.1,1.1,10.84,In Relationship,Yes,Urban,1.24,0.9,5G,Xiaomi,Yes,2.5,19.21,No,10,87,47.18,global_mobile
10997,UK,23,Other,Teacher,,30673.21,6.05,71,2.86,2.03,1.18,1.32,2.24,6.63,0.71,20.17,5.3,7.8,8.27,Married,No,Urban,1.42,0.49,4G,Samsung,No,2.5,19.27,Yes,16,111,67.03,global_mobile
10998,Nigeria,57,Other,Manager,,13900.74,8.76,48,2.56,0.37,1.64,1.46,3.53,4.28,0.49,59.36,4.6,8.3,66.24,In Relationship,Yes,Urban,0.0,0.28,WiFi,Apple,Yes,5.5,31.28,No,9,84,3.57,global_mobile
10999,India,62,Female,Unemployed,PhD,16920.89,4.4,78,1.63,0.0,1.04,1.52,1.92,5.58,0.68,53.63,9.4,3.7,68.4,Single,No,Urban,1.47,1.89,5G,Huawei,Yes,7.5,24.42,No,14,100,38.95,global_mobile
11000,India,41,Female,Salesperson,Master's,42263.99,5.34,29,0.82,0.01,0.54,2.55,2.12,5.05,2.14,73.54,8.1,7.9,82.64,Divorced,Yes,Rural,2.15,0.77,4G,Xiaomi,No,2.5,21.25,Yes,10,87,98.15,global_mobile
11001,Japan,60,Other,Student,Bachelor's,43450.34,6.83,56,0.89,1.94,1.28,1.62,2.01,6.54,1.51,24.77,0.9,4.7,43.62,In Relationship,Yes,Urban,1.88,0.0,4G,Xiaomi,No,2.5,28.32,Yes,14,97,34.91,global_mobile
11002,Russia,58,Female,Engineer,,43491.75,7.3,93,2.29,0.0,1.8,1.34,1.88,6.34,1.22,99.96,4.1,4.5,38.8,Single,No,Rural,1.2,1.16,5G,Samsung,No,5.5,20.6,Yes,9,66,13.17,global_mobile
11003,Nigeria,39,Other,Student,,31700.19,6.63,86,1.9,1.85,0.82,1.25,0.57,5.59,1.3,90.28,2.6,0.7,51.58,Married,No,Rural,2.5,0.55,3G,Apple,No,5.5,29.13,No,8,112,61.57,global_mobile
11004,Russia,43,Female,Doctor,High School,16099.15,5.24,92,2.23,2.27,1.91,1.48,1.71,5.05,1.26,71.44,2.2,1.9,9.67,Single,Yes,Urban,1.9,1.5,5G,Apple,No,5.5,30.37,Yes,15,69,83.96,global_mobile
11005,China,69,Male,Manager,,32053.47,4.47,73,2.39,1.15,1.97,2.53,3.54,8.09,1.08,46.23,6.2,9.1,95.54,Married,Yes,Urban,2.44,0.28,4G,Huawei,Yes,5.5,28.16,No,8,65,22.37,global_mobile
11006,China,51,Other,Salesperson,Bachelor's,32359.08,6.24,56,1.98,2.2,2.19,2.32,1.15,7.39,0.57,81.04,3.2,3.6,7.43,Married,No,Rural,0.98,0.36,4G,Apple,No,7.5,29.99,Yes,16,92,64.62,global_mobile
11007,Russia,22,Male,Doctor,Bachelor's,0.0,4.48,101,1.28,1.67,2.56,1.63,5.26,5.56,1.07,45.73,2.8,9.1,80.36,Single,Yes,Rural,1.39,1.17,3G,Other,Yes,2.5,6.18,No,19,148,83.4,global_mobile
11008,Nigeria,50,Female,Teacher,High School,40714.71,4.62,73,2.09,1.94,1.72,1.37,2.69,7.55,0.95,10.2,2.3,8.1,64.19,Divorced,No,Rural,1.81,1.11,WiFi,OnePlus,No,5.5,19.2,Yes,19,61,66.67,global_mobile
11009,Brazil,29,Male,Doctor,High School,39515.78,4.48,97,1.32,3.52,1.01,1.89,3.46,6.29,0.4,79.48,1.7,0.7,0.04,In Relationship,No,Urban,0.97,0.55,5G,Other,No,5.5,53.94,No,16,120,10.05,global_mobile
11010,Nigeria,37,Female,Manager,,16396.32,9.13,91,2.9,2.59,0.85,1.42,3.6,6.25,1.49,41.89,4.8,9.1,96.56,In Relationship,No,Rural,1.39,0.77,5G,Xiaomi,Yes,5.5,29.85,No,9,57,92.66,global_mobile
11011,Russia,54,Male,Teacher,Bachelor's,46084.05,7.78,70,2.62,0.34,2.44,1.37,3.05,4.83,0.8,57.09,4.8,2.3,83.81,Married,No,Rural,0.41,0.91,3G,Xiaomi,No,7.5,0.0,No,19,151,11.74,global_mobile
11012,Mexico,41,Female,Engineer,High School,36741.7,8.01,135,1.85,0.62,0.03,1.1,2.96,7.53,1.82,11.65,8.7,2.7,32.51,In Relationship,No,Urban,0.98,1.5,WiFi,Other,No,7.5,24.41,Yes,20,101,17.35,global_mobile
11013,China,13,Other,Unemployed,Master's,36073.65,5.48,93,1.08,1.62,0.6,3.07,1.8,6.92,1.69,65.81,5.9,3.3,23.3,Married,No,Rural,0.5,0.46,3G,Huawei,No,9.5,35.66,No,8,137,16.05,global_mobile
11014,India,13,Female,Salesperson,PhD,45281.36,6.49,80,3.32,1.98,2.03,2.11,1.85,7.22,1.15,56.9,1.4,7.9,60.96,In Relationship,Yes,Urban,2.33,0.79,4G,OnePlus,No,7.5,33.71,No,14,153,21.87,global_mobile
11015,Nigeria,67,Other,Engineer,High School,51901.8,6.79,107,0.43,0.82,2.14,1.04,1.44,5.77,0.9,45.18,7.7,9.8,50.12,Divorced,No,Rural,1.91,1.1,4G,Other,No,2.5,47.85,No,20,95,40.18,global_mobile
11016,Nigeria,63,Other,Doctor,Bachelor's,39943.8,6.44,114,0.83,0.0,1.81,1.95,3.39,6.75,1.18,78.25,9.6,1.9,41.38,Married,Yes,Rural,2.54,1.97,5G,Apple,Yes,5.5,33.41,No,16,78,20.64,global_mobile
11017,UK,17,Female,Unemployed,High School,34388.13,4.98,63,3.7,2.15,3.41,2.15,1.11,6.56,0.53,57.7,7.0,6.6,21.61,Single,Yes,Rural,1.83,1.02,5G,Apple,Yes,7.5,27.32,Yes,12,138,71.04,global_mobile
11018,USA,49,Male,Artist,Master's,35594.26,8.29,31,2.51,3.03,1.57,1.19,2.27,6.83,1.32,86.48,0.6,0.1,5.38,In Relationship,Yes,Rural,2.29,1.04,5G,Other,Yes,2.5,39.62,No,14,121,29.6,global_mobile
11019,UK,62,Other,Engineer,Master's,45142.11,8.24,108,0.0,0.54,2.14,0.64,0.55,6.13,0.31,75.36,5.9,3.9,98.88,Single,No,Rural,0.53,1.0,WiFi,Samsung,No,9.5,35.35,No,20,89,47.12,global_mobile
11020,Japan,20,Other,Artist,PhD,12205.07,5.43,112,2.58,0.63,2.61,1.43,2.19,6.17,0.09,32.93,8.0,1.1,68.02,In Relationship,Yes,Rural,2.51,0.0,4G,Huawei,Yes,2.5,30.52,No,17,83,18.45,global_mobile
11021,UK,48,Other,Doctor,Master's,0.0,5.66,31,2.01,3.26,1.45,2.35,2.49,5.57,0.48,16.69,1.3,6.7,71.54,In Relationship,No,Urban,1.77,0.73,5G,Xiaomi,Yes,2.5,15.62,No,8,113,45.79,global_mobile
11022,Germany,65,Other,Student,Bachelor's,48962.23,4.7,52,0.19,1.67,1.21,1.95,1.05,7.21,0.67,92.6,5.3,1.6,79.05,Single,No,Rural,1.15,1.33,5G,OnePlus,No,7.5,20.93,No,14,96,94.52,global_mobile
11023,Japan,42,Female,Manager,Bachelor's,27159.42,3.97,77,1.4,2.5,2.76,1.12,1.44,5.92,1.08,91.59,7.7,4.0,12.78,Divorced,No,Urban,1.42,1.57,WiFi,Samsung,No,5.5,38.27,Yes,18,141,52.29,global_mobile
11024,Russia,47,Male,Student,Master's,27374.42,4.95,135,3.05,0.52,3.27,1.79,1.18,4.06,0.0,5.58,5.8,3.5,67.74,In Relationship,Yes,Rural,0.84,0.31,3G,Xiaomi,Yes,2.5,15.04,Yes,14,69,30.95,global_mobile
11025,China,53,Other,Artist,Master's,17625.33,5.62,102,3.25,0.94,1.93,1.95,2.1,6.57,1.11,91.95,9.1,1.1,47.21,In Relationship,No,Urban,0.94,0.36,3G,OnePlus,No,2.5,34.89,No,12,128,38.26,global_mobile
11026,India,40,Other,Unemployed,,45822.1,8.73,148,0.68,1.94,1.69,1.02,3.13,6.89,0.71,39.16,9.6,5.3,98.93,Married,No,Rural,1.27,1.29,WiFi,OnePlus,No,5.5,28.88,No,20,104,36.44,global_mobile
11027,Mexico,47,Male,Manager,,23333.87,5.24,117,2.13,0.87,1.88,1.6,1.36,5.96,0.73,63.97,8.8,8.6,13.5,In Relationship,No,Urban,3.31,1.31,WiFi,Xiaomi,No,2.5,19.31,No,15,113,62.02,global_mobile
11028,USA,47,Female,Doctor,PhD,31475.03,3.34,79,2.79,2.04,1.14,2.46,2.7,5.42,1.01,44.28,4.6,1.8,22.6,In Relationship,No,Rural,1.81,1.21,5G,Apple,No,2.5,21.54,Yes,12,104,55.04,global_mobile
11029,China,13,Male,Manager,High School,12813.36,7.66,117,2.27,1.25,1.58,0.73,2.57,7.85,0.92,58.7,9.3,3.7,17.63,In Relationship,Yes,Rural,1.19,0.63,5G,Apple,No,7.5,27.24,No,18,121,45.68,global_mobile
11030,China,28,Male,Student,High School,20194.31,8.55,72,3.67,1.99,1.33,1.68,2.29,5.14,0.75,85.76,9.9,1.9,61.16,In Relationship,No,Rural,1.72,1.38,WiFi,OnePlus,Yes,2.5,17.82,No,20,70,18.4,global_mobile
11031,Mexico,56,Other,Doctor,PhD,16465.31,6.07,102,0.8,2.63,0.23,1.28,2.58,7.37,1.04,17.9,7.6,4.4,23.81,Married,No,Rural,0.97,1.01,WiFi,OnePlus,Yes,5.5,24.05,No,18,136,3.52,global_mobile
11032,Japan,15,Female,Salesperson,High School,51558.53,4.09,82,1.7,1.84,1.18,1.91,2.33,6.22,0.46,7.91,1.5,4.0,73.55,Married,Yes,Urban,0.93,0.0,WiFi,Other,Yes,7.5,32.51,Yes,9,95,96.54,global_mobile
11033,Brazil,30,Other,Teacher,Master's,0.0,5.79,85,2.3,1.84,2.58,2.24,1.69,6.17,1.1,85.88,4.1,6.7,79.13,In Relationship,No,Urban,1.83,1.12,5G,Apple,No,2.5,23.57,Yes,13,95,83.97,global_mobile
11034,Japan,33,Male,Unemployed,High School,17864.59,7.33,81,2.1,2.79,1.35,2.45,2.06,4.95,0.33,66.56,0.8,8.9,55.7,In Relationship,Yes,Rural,0.9,0.09,3G,Apple,No,9.5,26.57,Yes,14,138,8.52,global_mobile
11035,Mexico,36,Other,Salesperson,Bachelor's,0.0,10.38,96,4.23,0.0,1.61,1.91,0.76,6.86,0.9,68.54,3.5,7.3,51.59,Divorced,Yes,Urban,1.3,0.97,3G,Samsung,Yes,2.5,29.35,No,15,120,30.47,global_mobile
11036,China,14,Other,Unemployed,High School,17857.49,4.21,98,1.01,2.05,2.09,1.45,2.64,7.75,0.99,70.22,3.1,0.3,53.77,In Relationship,Yes,Rural,1.46,0.0,WiFi,Apple,Yes,7.5,11.11,Yes,18,63,21.93,global_mobile
11037,Japan,44,Other,Unemployed,Master's,50534.74,5.28,83,1.58,1.45,1.59,1.33,2.29,5.38,1.23,26.4,7.5,2.8,67.46,Married,No,Rural,1.01,1.1,3G,Apple,No,5.5,0.35,No,9,45,72.51,global_mobile
11038,Brazil,25,Other,Artist,,36770.93,4.6,103,1.99,1.9,2.2,1.31,2.02,7.72,1.38,54.84,9.6,0.8,44.92,Divorced,Yes,Rural,2.3,0.58,4G,Samsung,No,5.5,13.9,No,12,87,73.98,global_mobile
11039,Russia,65,Male,Engineer,High School,30806.68,5.04,86,1.91,3.08,0.48,0.32,1.27,6.38,0.82,36.8,6.8,7.1,75.34,Single,No,Urban,1.06,1.15,WiFi,Samsung,Yes,9.5,3.34,Yes,14,137,70.5,global_mobile
11040,Mexico,65,Other,Doctor,,8464.34,4.7,107,2.04,1.07,1.36,1.86,3.78,6.89,1.3,47.93,9.9,3.7,15.74,Single,No,Rural,1.58,1.05,5G,Apple,Yes,7.5,17.43,No,19,139,21.53,global_mobile
11041,Mexico,37,Male,Doctor,Bachelor's,7609.25,8.95,94,1.15,0.41,1.13,1.66,2.03,6.38,1.34,99.97,9.6,1.0,88.07,Married,Yes,Rural,2.11,0.92,3G,Huawei,Yes,9.5,15.43,Yes,9,124,2.59,global_mobile
11042,Brazil,57,Male,Teacher,Bachelor's,23246.27,4.29,104,3.65,3.6,0.93,1.0,1.73,6.32,0.8,12.8,4.8,3.8,63.94,Divorced,No,Rural,1.48,0.78,WiFi,Huawei,No,5.5,24.53,Yes,8,123,8.38,global_mobile
11043,Mexico,40,Other,Unemployed,High School,34355.64,5.82,64,0.0,2.57,2.16,1.53,3.06,5.74,0.47,62.03,3.0,1.1,33.73,In Relationship,Yes,Rural,2.17,0.84,5G,Huawei,No,5.5,28.01,Yes,20,97,99.33,global_mobile
11044,India,53,Other,Teacher,High School,36959.26,3.13,94,0.86,2.44,2.44,0.71,1.66,4.05,0.49,11.24,0.3,1.0,38.63,Single,Yes,Rural,0.82,1.19,5G,Xiaomi,No,7.5,40.78,No,15,126,72.65,global_mobile
11045,USA,58,Male,Salesperson,High School,38982.13,5.06,102,1.8,3.72,2.3,1.6,2.35,8.23,1.1,52.42,9.5,1.2,54.19,Divorced,No,Rural,0.15,0.66,5G,Apple,No,5.5,18.64,No,13,120,65.35,global_mobile
11046,USA,14,Female,Artist,,48584.89,4.68,92,2.53,1.25,0.66,1.42,1.27,6.79,0.42,36.11,6.1,8.1,23.21,Single,Yes,Urban,1.01,0.6,4G,Huawei,Yes,9.5,20.95,Yes,15,108,55.26,global_mobile
11047,Japan,53,Other,Manager,PhD,9530.81,5.79,110,2.68,0.06,2.81,1.02,0.99,7.48,0.88,66.26,6.0,4.6,38.33,Married,Yes,Rural,1.43,0.48,4G,Other,No,5.5,44.62,Yes,9,90,11.42,global_mobile
11048,UK,62,Female,Salesperson,PhD,21157.72,4.71,17,1.35,1.0,3.12,1.34,1.26,6.2,0.46,71.91,1.5,2.6,13.44,Single,Yes,Rural,0.9,0.53,WiFi,Other,No,7.5,43.49,Yes,8,58,71.31,global_mobile
11049,UK,14,Male,Teacher,Master's,33717.51,5.08,88,3.14,1.97,1.71,1.55,0.71,5.93,0.88,88.71,5.7,1.5,89.13,Single,Yes,Urban,0.78,1.42,3G,Huawei,Yes,7.5,23.57,Yes,11,145,32.91,global_mobile
11050,China,21,Female,Doctor,Bachelor's,3503.47,3.49,98,1.57,0.07,2.98,0.95,2.17,6.11,0.54,85.19,9.7,4.6,64.74,Divorced,Yes,Urban,3.24,1.17,3G,OnePlus,Yes,2.5,14.74,Yes,11,151,28.38,global_mobile
11051,USA,32,Female,Teacher,PhD,26383.22,6.46,91,0.82,1.67,1.69,1.73,2.22,6.85,0.7,99.63,8.0,7.6,49.65,Single,No,Urban,1.66,0.77,4G,OnePlus,No,9.5,15.05,Yes,9,113,72.13,global_mobile
11052,China,47,Other,Salesperson,High School,53062.95,6.15,66,1.14,1.29,2.44,1.13,0.16,6.4,1.21,12.41,2.0,5.4,22.0,In Relationship,No,Rural,1.5,1.63,WiFi,Other,Yes,9.5,37.61,Yes,10,115,48.06,global_mobile
11053,Mexico,63,Other,Manager,Master's,30833.66,9.58,58,0.47,2.45,1.58,1.68,1.55,6.69,0.79,18.17,6.8,7.5,21.96,In Relationship,Yes,Urban,0.38,0.54,5G,Xiaomi,Yes,5.5,42.74,Yes,17,74,9.89,global_mobile
11054,UK,48,Female,Unemployed,,34821.42,9.48,64,1.66,2.34,2.31,2.13,1.7,7.58,0.69,83.75,1.5,6.9,78.28,Married,Yes,Rural,2.66,1.05,5G,Other,Yes,2.5,16.14,Yes,19,93,38.54,global_mobile
11055,USA,22,Other,Doctor,Master's,38122.85,7.11,32,1.19,0.27,2.53,1.01,1.59,5.72,1.1,44.69,0.9,4.6,92.88,Divorced,Yes,Rural,1.42,1.06,4G,Huawei,Yes,2.5,23.36,No,14,112,27.0,global_mobile
11056,Russia,59,Female,Teacher,,37781.34,7.68,93,2.73,0.0,2.52,1.09,2.06,6.83,1.25,11.16,8.1,1.3,15.76,In Relationship,No,Rural,0.86,0.35,5G,Apple,No,9.5,35.58,Yes,14,35,8.3,global_mobile
11057,Russia,35,Other,Student,PhD,13021.78,6.61,94,2.1,0.0,0.32,1.99,2.49,5.56,0.57,55.62,2.4,8.3,12.01,Married,No,Rural,2.51,1.06,5G,OnePlus,Yes,7.5,28.4,No,14,128,47.62,global_mobile
11058,India,64,Female,Student,Master's,20569.36,5.79,75,4.24,1.36,1.48,1.86,2.33,6.1,1.46,9.56,4.6,2.0,21.63,Married,No,Urban,2.07,1.22,3G,Samsung,No,7.5,14.56,No,10,184,82.01,global_mobile
11059,UK,68,Female,Unemployed,,33702.54,0.0,119,2.59,1.54,2.93,1.73,2.5,6.35,0.93,29.6,6.4,4.0,81.63,In Relationship,Yes,Urban,0.87,0.34,3G,OnePlus,No,7.5,24.11,Yes,16,80,68.35,global_mobile
11060,China,25,Female,Unemployed,Master's,46588.45,9.98,63,1.23,0.99,2.38,1.99,2.18,6.77,1.43,25.66,2.6,9.2,80.98,In Relationship,Yes,Rural,2.1,0.56,3G,Xiaomi,Yes,9.5,40.11,No,11,93,70.56,global_mobile
11061,Japan,67,Female,Unemployed,Bachelor's,18562.68,4.57,60,1.32,2.25,1.47,2.02,0.98,4.73,1.47,99.68,6.3,3.0,58.36,Married,No,Rural,0.79,0.79,WiFi,Samsung,Yes,2.5,26.63,No,9,109,62.48,global_mobile
11062,Nigeria,18,Female,Teacher,Master's,46995.24,7.01,78,1.44,2.51,1.34,1.75,0.09,6.63,1.54,94.81,1.3,1.9,34.04,Single,Yes,Rural,0.0,0.5,3G,Xiaomi,Yes,5.5,38.82,Yes,19,111,87.76,global_mobile
11063,Russia,55,Female,Teacher,Bachelor's,31493.77,6.19,90,0.8,0.0,0.39,1.1,2.31,7.37,1.3,81.07,7.6,9.8,81.78,Single,Yes,Urban,1.76,0.63,5G,OnePlus,Yes,7.5,47.26,No,9,137,86.93,global_mobile
11064,Russia,47,Male,Student,High School,9429.91,7.02,76,2.33,2.11,1.04,2.1,1.6,6.29,1.2,53.87,1.9,3.8,79.53,Married,No,Urban,1.67,0.54,5G,Huawei,Yes,5.5,30.07,No,16,52,3.2,global_mobile
11065,USA,28,Male,Unemployed,PhD,61771.09,4.09,63,2.26,2.67,2.75,0.72,2.92,5.69,1.09,65.3,4.0,2.8,84.49,Married,No,Rural,1.52,2.06,WiFi,Apple,Yes,5.5,43.39,No,20,117,12.33,global_mobile
11066,UK,12,Female,Manager,High School,39248.57,6.92,92,2.38,1.84,0.77,1.89,1.74,7.79,1.41,83.83,6.4,5.1,78.3,In Relationship,No,Rural,2.23,0.95,WiFi,Xiaomi,No,9.5,27.51,No,15,126,2.7,global_mobile
11067,India,37,Female,Student,Bachelor's,33771.44,4.19,78,0.0,1.22,2.27,1.38,2.71,8.77,0.68,22.91,8.9,3.3,25.23,In Relationship,Yes,Rural,1.2,1.17,4G,Apple,No,9.5,25.82,Yes,18,107,39.71,global_mobile
11068,USA,59,Female,Unemployed,PhD,11746.85,6.16,79,3.36,1.65,3.13,1.84,0.0,7.04,1.28,85.74,0.5,5.9,31.43,In Relationship,No,Rural,0.46,0.81,4G,Apple,No,2.5,13.16,No,16,128,92.78,global_mobile
11069,India,25,Female,Doctor,Bachelor's,2149.33,7.07,48,4.92,1.54,2.28,1.57,4.07,6.43,1.19,47.31,3.0,1.7,50.57,Married,Yes,Urban,2.34,0.12,5G,Huawei,Yes,7.5,7.74,Yes,8,115,91.83,global_mobile
11070,Mexico,53,Other,Student,PhD,9281.5,3.9,85,4.03,1.95,1.7,2.27,1.54,5.94,0.61,83.05,8.9,3.3,28.46,Married,No,Urban,1.1,1.34,5G,Samsung,No,9.5,27.43,Yes,15,92,64.48,global_mobile
11071,UK,38,Male,Student,High School,50860.54,4.09,93,0.08,1.9,1.05,1.98,1.31,4.51,1.51,20.33,8.3,6.9,9.37,Married,Yes,Urban,2.61,0.0,WiFi,Apple,Yes,9.5,37.06,Yes,12,70,66.89,global_mobile
11072,Germany,55,Other,Salesperson,PhD,29185.65,4.13,119,2.55,2.14,0.44,1.93,2.88,6.47,0.39,23.05,1.3,10.0,41.21,Divorced,No,Urban,3.0,0.54,4G,Other,No,5.5,32.32,No,20,91,44.81,global_mobile
11073,Japan,65,Other,Doctor,High School,11390.73,5.75,74,0.0,2.7,2.69,1.32,2.08,8.2,1.33,78.88,7.0,6.5,36.63,Single,Yes,Urban,1.95,0.64,4G,Xiaomi,No,9.5,19.45,Yes,8,142,37.9,global_mobile
11074,India,29,Male,Artist,PhD,5672.18,2.1,87,0.58,2.27,1.82,2.05,2.52,5.78,0.87,56.06,4.6,2.8,60.78,Divorced,No,Rural,2.3,0.73,5G,Apple,No,9.5,33.4,No,20,43,48.92,global_mobile
11075,Germany,38,Other,Unemployed,,31522.4,5.74,68,2.92,1.17,3.32,1.31,1.79,7.9,0.0,31.3,7.6,1.1,66.88,Single,No,Rural,2.3,1.34,3G,Huawei,Yes,2.5,11.48,No,13,38,70.49,global_mobile
11076,Nigeria,37,Female,Doctor,High School,38001.81,2.35,91,3.56,1.62,3.18,1.35,2.94,8.49,1.59,64.99,4.4,0.6,1.4,Divorced,Yes,Rural,2.1,1.31,WiFi,Apple,Yes,9.5,29.99,Yes,10,78,44.34,global_mobile
11077,Brazil,69,Other,Unemployed,,19671.9,6.44,97,3.91,0.57,1.33,1.89,2.24,6.9,1.51,68.06,5.4,7.0,21.69,Married,No,Urban,1.35,0.0,4G,Other,No,7.5,14.13,Yes,20,54,0.93,global_mobile
11078,China,53,Other,Doctor,High School,41534.62,7.4,67,2.9,1.63,2.56,2.2,2.14,7.34,0.89,95.71,8.0,7.1,86.03,Divorced,Yes,Rural,0.96,0.84,5G,Xiaomi,No,9.5,36.51,Yes,12,88,34.98,global_mobile
11079,UK,50,Female,Teacher,Bachelor's,33769.55,4.38,96,1.16,0.82,3.41,2.33,1.97,6.14,0.48,85.36,9.0,9.1,29.52,In Relationship,Yes,Urban,3.89,0.99,4G,Samsung,No,5.5,37.14,No,9,137,99.01,global_mobile
11080,Nigeria,29,Male,Salesperson,Master's,942.24,5.38,95,1.99,0.0,4.93,1.19,1.16,5.98,0.16,15.23,3.6,8.6,94.75,Single,No,Urban,2.33,1.01,5G,Huawei,No,2.5,41.02,Yes,16,82,90.79,global_mobile
11081,Russia,17,Other,Teacher,High School,24397.42,3.53,131,2.61,0.92,1.2,1.16,0.96,7.28,1.6,55.63,8.0,3.2,49.3,Married,Yes,Urban,0.13,1.29,WiFi,Apple,No,5.5,20.95,Yes,12,108,55.55,global_mobile
11082,Japan,27,Female,Engineer,Bachelor's,18396.34,6.54,93,1.35,0.0,2.43,0.55,1.84,8.38,1.0,18.33,8.8,8.9,1.43,Single,Yes,Urban,1.24,0.0,WiFi,Xiaomi,No,5.5,10.12,No,13,75,67.05,global_mobile
11083,Germany,59,Other,Doctor,,28643.37,7.31,46,1.77,0.14,3.15,1.68,2.54,6.38,1.43,66.81,2.0,0.7,19.31,Married,Yes,Urban,1.88,0.95,WiFi,Xiaomi,Yes,9.5,30.38,Yes,8,101,57.12,global_mobile
11084,Nigeria,65,Male,Salesperson,Master's,4133.04,2.76,52,1.13,0.86,0.0,1.36,2.05,7.37,0.6,4.13,1.4,6.2,24.92,Married,Yes,Urban,2.06,1.17,5G,Other,No,9.5,17.69,Yes,8,108,16.67,global_mobile
11085,Mexico,64,Other,Doctor,Master's,28448.77,6.26,61,1.92,1.28,1.6,2.09,2.0,8.02,0.57,59.02,9.6,0.9,49.08,Married,Yes,Urban,1.65,0.08,4G,Samsung,No,5.5,20.68,Yes,19,130,11.31,global_mobile
11086,India,20,Male,Manager,High School,43111.01,3.1,62,2.09,1.01,1.83,1.32,2.62,5.85,0.35,27.76,7.6,0.6,52.28,Divorced,No,Urban,1.29,0.95,4G,Apple,No,9.5,21.52,Yes,16,100,17.96,global_mobile
11087,Mexico,44,Female,Student,,39359.83,6.37,104,2.07,2.6,0.55,1.01,0.69,7.87,0.53,25.48,2.4,9.4,71.3,Divorced,No,Rural,1.1,0.37,4G,Huawei,Yes,2.5,24.33,No,17,89,99.77,global_mobile
11088,Nigeria,67,Other,Salesperson,PhD,27156.08,2.8,66,3.01,0.27,1.37,1.86,0.77,6.43,1.1,48.8,6.5,2.8,86.22,In Relationship,No,Urban,2.25,0.57,4G,Xiaomi,No,7.5,32.77,Yes,13,137,67.72,global_mobile
11089,China,32,Male,Teacher,Bachelor's,8883.06,8.28,62,2.8,0.18,3.43,0.57,0.28,6.43,0.17,3.23,7.5,9.0,96.1,Divorced,No,Rural,2.11,1.75,5G,Huawei,No,9.5,13.74,No,12,54,1.65,global_mobile
11090,Nigeria,12,Other,Unemployed,,35720.22,2.64,71,4.43,0.83,1.43,1.55,2.57,5.97,0.95,42.82,6.9,8.9,18.8,Single,No,Rural,1.08,1.51,WiFi,Apple,No,5.5,17.47,Yes,9,130,7.28,global_mobile
11091,USA,29,Male,Engineer,Master's,13439.78,6.43,50,2.56,1.66,1.58,1.14,2.41,7.99,0.98,16.41,7.7,3.5,30.06,Married,Yes,Urban,1.37,0.41,5G,OnePlus,Yes,5.5,24.81,No,14,91,80.33,global_mobile
11092,UK,61,Male,Unemployed,Master's,33616.67,4.76,82,1.29,3.47,1.69,1.92,1.78,7.62,1.29,7.36,1.2,7.0,92.89,Single,Yes,Urban,2.38,1.69,4G,Xiaomi,Yes,2.5,42.48,Yes,17,134,71.53,global_mobile
11093,USA,41,Female,Manager,Bachelor's,28178.14,9.05,97,2.49,0.0,2.93,1.56,0.89,5.53,1.28,6.41,3.5,7.9,1.2,In Relationship,No,Rural,1.15,1.47,5G,Other,No,5.5,27.18,Yes,18,117,51.42,global_mobile
11094,Germany,34,Other,Artist,Master's,20795.4,8.82,64,1.68,3.04,3.87,1.77,1.75,6.43,0.98,48.43,1.6,8.8,31.95,Married,No,Rural,1.9,0.63,4G,Samsung,No,9.5,33.7,Yes,15,48,96.75,global_mobile
11095,Mexico,62,Female,Unemployed,High School,33123.41,4.23,63,1.34,1.1,2.14,1.62,1.54,6.56,1.1,85.16,9.0,5.2,33.85,Married,Yes,Urban,0.11,1.21,3G,Huawei,No,7.5,23.43,No,19,73,79.85,global_mobile
11096,USA,26,Male,Engineer,,41416.62,3.79,83,0.47,0.51,1.36,1.2,3.98,5.84,0.7,37.35,4.4,4.7,22.74,Single,No,Rural,2.45,1.02,4G,Samsung,No,7.5,14.45,Yes,11,80,84.66,global_mobile
11097,Nigeria,17,Female,Manager,Bachelor's,40467.09,8.93,70,0.0,0.33,2.27,1.21,2.92,6.0,1.19,38.72,9.0,0.4,79.86,Married,No,Urban,2.23,1.27,5G,OnePlus,No,7.5,28.95,Yes,9,25,61.22,global_mobile
11098,Russia,70,Male,Unemployed,Bachelor's,24288.78,4.27,138,3.92,1.91,1.64,1.26,2.76,5.28,1.7,87.62,8.3,6.2,98.82,Divorced,Yes,Rural,0.91,1.18,3G,Huawei,No,2.5,32.61,Yes,9,117,82.03,global_mobile
11099,India,16,Male,Artist,PhD,33826.71,4.54,72,2.27,3.0,1.78,0.15,2.5,6.61,1.7,81.23,6.2,5.6,36.45,Married,No,Rural,1.19,0.56,WiFi,Other,No,9.5,39.07,No,20,117,23.1,global_mobile
11100,Nigeria,15,Male,Artist,Master's,26073.65,11.37,88,1.47,0.85,1.94,0.79,2.32,6.33,0.0,82.52,7.7,3.8,49.31,Married,Yes,Rural,0.7,0.79,4G,Samsung,No,2.5,27.96,Yes,16,77,97.69,global_mobile
11101,Brazil,26,Female,Artist,PhD,48278.83,3.87,67,3.28,2.14,1.85,1.45,1.63,7.32,1.02,44.98,3.0,1.1,25.31,Divorced,Yes,Rural,0.62,1.4,4G,OnePlus,Yes,5.5,27.42,Yes,18,117,21.24,global_mobile
11102,Germany,41,Male,Manager,,7405.93,6.19,118,2.48,1.0,1.73,1.29,1.77,7.0,0.0,58.78,0.1,9.6,46.5,In Relationship,No,Urban,1.05,0.84,5G,Samsung,Yes,5.5,25.7,Yes,8,128,20.33,global_mobile
11103,Brazil,33,Male,Teacher,,23891.17,5.47,73,2.7,2.79,1.05,1.66,0.93,8.2,1.16,48.0,2.5,0.4,23.92,Divorced,Yes,Rural,0.44,0.09,3G,OnePlus,No,2.5,34.56,Yes,13,83,52.05,global_mobile
11104,Nigeria,47,Male,Engineer,,18493.6,3.74,121,0.57,0.1,3.93,2.22,1.36,8.12,1.72,50.92,8.0,0.6,18.35,Single,Yes,Urban,1.51,0.02,3G,Apple,No,2.5,26.17,Yes,10,190,36.27,global_mobile
11105,Japan,65,Male,Student,,45763.34,4.46,95,0.98,0.0,2.2,1.32,1.57,6.05,0.98,75.33,1.3,8.9,33.55,Married,No,Urban,0.79,1.3,5G,Other,No,2.5,30.51,Yes,14,100,7.03,global_mobile
11106,Brazil,14,Male,Manager,Bachelor's,36667.11,9.48,76,2.3,2.46,0.0,1.63,2.45,6.18,0.73,10.16,9.4,6.4,74.69,In Relationship,No,Urban,0.07,1.16,3G,Huawei,No,7.5,5.85,Yes,8,97,47.88,global_mobile
11107,Germany,47,Male,Student,,54345.65,4.45,52,1.76,1.97,3.15,0.6,1.77,5.25,1.52,19.88,8.5,1.9,89.2,Divorced,Yes,Urban,0.22,0.03,WiFi,Other,Yes,5.5,21.53,Yes,18,79,96.78,global_mobile
11108,Mexico,45,Other,Doctor,Master's,19571.71,2.7,80,2.44,1.88,3.18,0.99,0.85,7.5,0.65,36.15,0.2,9.9,58.33,Married,Yes,Rural,1.1,0.88,3G,Huawei,Yes,2.5,22.22,No,18,135,91.53,global_mobile
11109,Brazil,47,Male,Doctor,PhD,39656.32,8.7,108,0.37,1.06,0.15,1.53,1.69,4.87,1.35,6.66,2.9,1.6,83.84,Divorced,No,Urban,0.61,0.0,WiFi,Samsung,No,2.5,14.71,Yes,10,100,42.83,global_mobile
11110,Mexico,68,Other,Unemployed,Master's,18052.19,8.66,60,3.41,1.68,0.14,1.08,0.38,6.68,0.2,45.75,2.9,0.8,53.77,Divorced,Yes,Rural,3.19,1.28,4G,Other,Yes,5.5,26.85,Yes,15,103,44.0,global_mobile
11111,Mexico,51,Other,Artist,High School,21619.98,8.24,105,0.87,1.62,2.85,0.67,1.34,6.46,0.77,25.59,0.9,1.2,47.46,Married,No,Rural,0.94,0.02,5G,OnePlus,Yes,2.5,38.16,Yes,13,116,47.22,global_mobile
11112,Brazil,46,Male,Salesperson,Master's,29037.58,4.28,99,0.19,1.23,3.46,1.49,1.71,6.17,1.6,88.17,9.6,5.8,86.3,Married,No,Rural,1.82,0.77,WiFi,Apple,No,5.5,26.8,No,20,144,78.21,global_mobile
11113,India,70,Other,Doctor,Master's,33466.92,4.3,88,1.36,1.9,0.38,1.43,3.02,5.56,0.42,51.59,5.3,9.1,35.89,In Relationship,No,Urban,0.67,0.42,4G,Xiaomi,Yes,7.5,12.17,Yes,20,76,34.5,global_mobile
11114,Japan,64,Male,Student,Bachelor's,43976.67,6.61,54,2.25,2.21,0.36,1.26,2.75,5.82,1.15,23.76,4.8,5.1,16.71,Married,No,Rural,1.41,0.98,WiFi,Other,No,2.5,24.14,No,18,127,25.95,global_mobile
11115,India,35,Male,Teacher,,24502.9,6.48,97,2.63,2.1,0.43,0.96,1.17,5.63,0.73,61.8,8.6,6.2,27.89,Married,Yes,Urban,0.0,0.57,4G,Other,Yes,5.5,31.34,No,16,62,3.48,global_mobile
11116,Japan,16,Male,Engineer,,8079.62,3.16,70,2.64,1.8,3.19,2.05,2.32,8.29,1.5,55.55,5.6,9.7,22.48,In Relationship,Yes,Rural,1.4,0.51,5G,Other,Yes,5.5,25.29,No,10,49,70.31,global_mobile
11117,USA,50,Other,Engineer,PhD,18483.29,4.54,75,1.72,0.56,3.7,2.23,1.96,7.17,1.17,63.7,4.9,1.1,82.33,In Relationship,Yes,Urban,1.69,0.06,4G,Samsung,Yes,2.5,36.75,No,19,91,40.61,global_mobile
11118,China,31,Male,Doctor,,32638.54,5.98,60,0.68,0.1,1.42,0.98,4.44,5.46,0.92,80.15,4.8,1.0,8.64,Single,Yes,Urban,1.86,1.28,5G,Huawei,Yes,5.5,19.57,Yes,10,40,58.54,global_mobile
11119,Brazil,30,Male,Doctor,Bachelor's,54029.23,4.71,23,2.04,2.7,3.66,1.3,1.12,7.24,1.17,39.21,6.3,1.1,16.93,Divorced,No,Urban,0.31,1.69,3G,Huawei,Yes,2.5,21.53,No,17,126,62.49,global_mobile
11120,Germany,62,Male,Engineer,High School,0.0,3.53,65,1.98,1.88,0.3,1.87,2.25,7.54,0.37,14.42,1.3,7.4,22.99,Single,Yes,Urban,0.87,1.3,5G,Huawei,No,9.5,28.32,Yes,9,43,76.08,global_mobile
11121,Nigeria,43,Female,Doctor,High School,29001.46,9.71,93,2.01,3.17,1.86,1.5,1.95,7.94,0.81,47.01,0.4,1.5,98.68,Married,No,Rural,1.58,1.14,3G,Xiaomi,Yes,9.5,12.91,No,13,85,78.45,global_mobile
11122,China,22,Other,Unemployed,High School,33629.85,5.91,79,2.94,1.95,2.79,2.0,1.96,4.31,0.66,34.11,6.4,4.7,35.33,Divorced,No,Urban,1.64,1.62,5G,Xiaomi,Yes,7.5,26.05,No,16,83,70.45,global_mobile
11123,USA,48,Female,Teacher,Bachelor's,23385.53,8.65,77,2.37,1.38,0.97,1.43,2.43,7.17,0.79,11.27,5.2,4.7,2.91,Divorced,No,Rural,2.32,0.98,WiFi,Samsung,No,9.5,20.92,No,8,78,34.19,global_mobile
11124,UK,41,Other,Artist,,33501.03,6.52,97,1.29,1.27,2.18,0.73,1.46,6.44,1.07,98.36,2.3,2.4,9.91,Married,Yes,Urban,0.34,0.33,5G,Huawei,Yes,2.5,36.27,Yes,8,122,80.14,global_mobile
11125,India,15,Male,Unemployed,Master's,31900.14,7.84,44,2.83,1.98,1.83,1.45,2.07,5.83,0.5,90.37,5.4,8.4,46.33,In Relationship,Yes,Urban,1.27,1.25,3G,Huawei,No,2.5,18.47,Yes,17,109,44.95,global_mobile
11126,UK,47,Male,Engineer,PhD,38401.8,7.74,92,2.61,0.15,2.0,2.08,0.7,6.38,1.45,24.83,8.0,9.7,32.61,Married,Yes,Rural,1.34,0.55,5G,Xiaomi,Yes,9.5,10.8,No,8,151,24.31,global_mobile
11127,Mexico,16,Other,Manager,Master's,38367.65,1.95,55,1.58,1.27,0.58,0.43,1.91,7.78,0.07,78.33,4.0,5.0,96.82,In Relationship,Yes,Urban,1.44,1.23,5G,Samsung,Yes,9.5,34.63,No,11,73,48.33,global_mobile
11128,UK,15,Male,Doctor,Bachelor's,17832.39,5.96,103,3.05,1.67,2.35,1.35,2.89,6.21,0.87,65.33,5.6,1.0,41.23,Divorced,Yes,Rural,1.34,0.76,WiFi,Xiaomi,Yes,9.5,9.21,No,19,30,1.21,global_mobile
11129,Japan,58,Male,Engineer,Master's,46791.0,8.32,39,1.84,1.12,0.73,1.0,1.85,6.92,1.15,20.08,9.9,4.8,60.48,In Relationship,Yes,Rural,1.36,1.26,4G,Huawei,No,2.5,27.02,No,12,109,83.93,global_mobile
11130,USA,43,Other,Manager,,8047.56,7.85,83,2.75,2.23,2.75,0.31,2.92,6.05,1.85,89.69,6.6,4.8,66.78,Married,Yes,Rural,2.01,0.03,5G,Samsung,Yes,2.5,35.02,No,18,77,91.93,global_mobile
11131,Nigeria,56,Other,Manager,High School,54278.31,8.16,52,1.01,2.73,0.42,1.58,1.48,6.62,1.05,37.55,5.6,4.1,49.26,Divorced,No,Rural,1.3,0.64,WiFi,Other,Yes,9.5,23.88,Yes,15,84,18.32,global_mobile
11132,USA,49,Other,Student,Bachelor's,21341.41,5.92,71,3.11,2.2,2.28,1.44,0.03,7.12,1.3,46.92,9.0,4.6,67.27,In Relationship,Yes,Rural,1.81,0.6,WiFi,Samsung,Yes,9.5,21.91,No,10,142,6.22,global_mobile
11133,Russia,17,Female,Artist,Master's,29977.74,6.31,107,2.83,1.39,0.0,0.15,2.52,5.98,0.94,71.89,5.3,6.4,60.92,Married,No,Rural,2.47,0.9,3G,Apple,No,2.5,23.25,No,17,83,27.96,global_mobile
11134,UK,55,Male,Unemployed,High School,64437.2,6.25,61,2.97,2.56,2.4,1.58,0.33,5.49,1.61,21.53,0.0,9.6,2.44,Divorced,Yes,Urban,0.37,0.86,4G,Samsung,Yes,7.5,32.74,Yes,18,52,21.79,global_mobile
11135,Germany,60,Male,Manager,High School,31954.65,7.67,92,2.35,2.98,0.6,1.02,1.32,3.58,0.96,31.08,7.8,10.0,48.61,In Relationship,No,Urban,1.44,0.82,3G,Other,No,7.5,41.31,Yes,20,94,7.97,global_mobile
11136,Mexico,13,Other,Doctor,High School,54933.8,9.04,55,3.62,0.64,2.77,0.77,3.31,6.14,1.18,90.92,7.4,2.9,97.96,Married,Yes,Rural,3.34,0.66,4G,OnePlus,Yes,2.5,20.02,No,17,71,45.0,global_mobile
11137,China,59,Male,Student,Master's,44484.77,5.3,40,2.21,2.58,2.5,1.3,2.68,8.01,1.76,43.06,6.4,5.4,52.48,Married,Yes,Rural,1.17,1.15,5G,Xiaomi,No,7.5,28.4,Yes,17,102,30.68,global_mobile
11138,Japan,20,Other,Artist,Master's,36507.44,6.71,92,0.85,1.15,4.4,1.38,1.28,5.67,0.0,0.35,8.6,3.9,24.33,In Relationship,No,Urban,1.01,0.2,5G,Xiaomi,No,9.5,39.48,Yes,12,88,72.54,global_mobile
11139,Mexico,63,Female,Teacher,Bachelor's,10992.93,5.14,51,1.51,0.38,2.58,1.5,1.12,5.19,1.05,51.28,1.6,0.1,77.59,Divorced,No,Rural,0.11,0.93,3G,Samsung,Yes,2.5,31.37,No,18,87,98.13,global_mobile
11140,India,48,Male,Unemployed,Master's,37586.05,9.24,92,3.28,1.95,2.16,0.98,3.32,6.38,0.75,2.53,2.5,9.0,71.15,Divorced,Yes,Urban,2.8,1.15,4G,Samsung,Yes,9.5,7.76,No,9,91,72.74,global_mobile
11141,Japan,17,Female,Unemployed,High School,10611.19,3.35,79,2.77,2.12,2.5,1.44,2.54,5.31,0.0,20.08,5.5,0.0,92.23,Married,No,Urban,1.09,0.28,5G,OnePlus,No,2.5,35.67,No,20,135,31.16,global_mobile
11142,India,30,Male,Teacher,High School,60170.43,2.91,13,0.95,1.3,2.67,2.12,1.72,6.76,1.45,87.54,9.2,0.4,81.55,In Relationship,No,Urban,2.87,0.0,3G,OnePlus,No,7.5,10.34,Yes,16,71,36.24,global_mobile
11143,Japan,63,Male,Student,PhD,47276.13,7.84,91,0.76,2.11,0.06,0.95,0.74,7.86,0.48,16.24,8.2,1.1,57.48,Divorced,No,Rural,1.86,0.97,4G,Other,Yes,5.5,25.64,Yes,19,83,59.46,global_mobile
11144,Nigeria,70,Other,Engineer,PhD,7728.21,9.97,132,2.85,0.81,2.36,2.39,2.67,4.95,0.26,3.69,7.1,0.8,94.43,Married,Yes,Urban,0.91,0.53,4G,Other,No,9.5,12.09,No,15,37,65.94,global_mobile
11145,India,13,Male,Salesperson,Master's,23288.67,6.04,65,0.85,2.11,2.07,1.7,2.76,7.64,1.46,21.67,2.6,0.5,92.42,Single,Yes,Urban,1.58,1.26,WiFi,Other,Yes,5.5,18.49,Yes,19,81,46.71,global_mobile
11146,Brazil,31,Female,Salesperson,High School,33010.54,8.07,72,1.84,1.24,2.51,1.63,1.23,5.06,1.46,50.41,7.5,5.7,35.92,Married,Yes,Urban,0.49,1.13,5G,Samsung,Yes,5.5,25.42,No,9,54,52.71,global_mobile
11147,USA,46,Female,Artist,Master's,47146.21,5.56,49,1.36,3.32,2.13,1.44,1.59,6.2,0.71,32.84,2.2,5.7,44.27,Divorced,Yes,Urban,1.94,0.25,4G,OnePlus,Yes,9.5,32.25,No,9,92,84.41,global_mobile
11148,Nigeria,16,Female,Doctor,High School,37260.79,4.45,54,1.6,1.27,2.62,1.07,2.5,5.92,0.6,8.16,4.3,9.4,4.15,Divorced,Yes,Rural,1.63,0.86,4G,Xiaomi,No,9.5,28.04,No,8,132,36.96,global_mobile
11149,India,60,Male,Doctor,Master's,39631.58,5.89,64,2.25,1.9,2.06,1.55,2.47,5.57,1.0,74.37,9.7,4.5,13.88,Divorced,Yes,Urban,0.15,0.76,3G,Xiaomi,Yes,2.5,0.0,No,17,159,0.74,global_mobile
11150,Russia,69,Male,Doctor,High School,28495.19,11.17,100,0.95,0.49,2.36,1.0,3.8,8.22,0.91,77.8,1.2,7.9,72.68,Divorced,No,Rural,0.82,0.76,4G,Apple,No,7.5,19.73,No,20,127,67.55,global_mobile
11151,India,19,Female,Unemployed,,41260.56,5.98,67,1.96,2.14,1.08,1.77,3.34,6.84,1.72,50.12,9.5,2.9,79.18,In Relationship,No,Urban,2.96,0.28,4G,OnePlus,Yes,2.5,34.08,No,16,121,29.05,global_mobile
11152,China,61,Female,Unemployed,,41439.59,7.09,125,2.94,1.3,1.28,1.45,0.9,6.45,1.25,74.41,3.9,2.6,44.68,Single,Yes,Rural,1.99,0.71,WiFi,Apple,Yes,2.5,19.24,Yes,9,93,53.21,global_mobile
11153,USA,28,Female,Unemployed,PhD,54023.67,4.29,79,2.07,0.0,2.36,1.35,0.0,5.04,1.15,81.57,4.0,7.8,18.05,Single,No,Urban,2.04,0.13,3G,OnePlus,Yes,9.5,22.02,Yes,14,102,80.73,global_mobile
11154,Japan,36,Other,Engineer,,0.0,6.88,56,0.61,2.57,2.38,1.35,1.5,6.94,2.46,4.05,6.8,1.3,51.17,Married,No,Rural,0.97,0.18,3G,Samsung,Yes,2.5,15.02,Yes,17,76,47.28,global_mobile
11155,Mexico,19,Female,Manager,Master's,35505.96,6.43,61,2.18,0.0,3.39,1.64,4.21,5.33,1.25,31.61,3.1,1.7,10.45,Single,No,Rural,2.85,0.35,5G,Other,No,7.5,29.16,Yes,18,130,51.68,global_mobile
11156,Mexico,60,Other,Engineer,Bachelor's,14866.48,8.25,124,2.52,2.76,2.24,0.6,1.99,6.98,0.38,92.72,3.2,9.6,6.9,In Relationship,Yes,Rural,1.04,1.04,4G,Xiaomi,No,9.5,28.55,Yes,13,94,15.52,global_mobile
11157,Russia,30,Other,Unemployed,Bachelor's,24138.27,6.14,115,2.72,2.43,2.02,1.44,2.45,7.44,1.7,0.28,0.6,0.3,96.65,In Relationship,No,Urban,2.7,0.9,3G,Huawei,No,2.5,10.63,Yes,12,45,47.46,global_mobile
11158,Russia,36,Female,Salesperson,Master's,49042.19,4.26,71,2.09,2.14,1.54,2.65,3.9,5.77,0.63,1.74,0.7,8.3,44.33,Divorced,No,Rural,1.58,1.57,4G,Other,Yes,5.5,20.76,No,14,80,38.16,global_mobile
11159,China,67,Male,Artist,High School,12313.1,5.75,67,1.28,2.83,1.72,1.73,1.98,7.77,0.52,3.91,6.1,5.3,85.02,In Relationship,No,Urban,1.54,0.18,4G,Huawei,Yes,5.5,8.8,Yes,20,113,17.65,global_mobile
11160,UK,47,Other,Engineer,High School,31687.05,5.24,55,2.2,0.0,1.54,1.41,0.24,5.21,0.49,53.69,0.3,1.0,16.35,Single,No,Rural,1.27,0.18,5G,OnePlus,No,9.5,39.12,No,12,26,48.12,global_mobile
11161,Japan,38,Male,Student,Bachelor's,21447.08,5.19,85,1.52,0.18,2.37,1.86,2.1,6.12,0.89,5.21,9.4,2.5,98.72,Divorced,No,Urban,1.9,1.14,5G,Samsung,Yes,2.5,29.98,Yes,8,154,10.1,global_mobile
11162,UK,12,Female,Artist,PhD,31518.3,6.97,45,1.7,0.0,3.63,1.98,1.46,5.23,0.5,97.14,1.1,8.4,24.8,In Relationship,Yes,Urban,1.49,0.84,5G,Xiaomi,Yes,5.5,24.13,No,20,139,68.83,global_mobile
11163,Brazil,48,Female,Artist,High School,39278.4,6.34,46,1.42,1.47,2.6,1.28,3.24,6.07,1.37,64.8,6.7,6.8,6.64,Divorced,Yes,Urban,2.07,1.27,WiFi,Apple,No,9.5,21.03,No,12,116,68.99,global_mobile
11164,Nigeria,48,Other,Artist,Bachelor's,39051.0,8.59,66,3.07,1.32,2.34,1.93,1.16,4.81,0.92,18.41,3.2,7.0,62.4,Married,Yes,Rural,1.72,0.44,3G,Other,No,9.5,21.41,No,9,62,80.32,global_mobile
11165,China,36,Other,Artist,High School,27897.19,6.84,74,2.92,2.33,3.99,1.55,2.5,6.05,0.98,79.12,1.2,6.9,87.13,Married,No,Urban,1.26,0.7,4G,Huawei,Yes,5.5,12.91,Yes,20,107,72.82,global_mobile
11166,Germany,52,Male,Student,Bachelor's,41773.75,4.69,55,3.25,1.84,2.59,1.67,2.38,7.71,0.09,46.29,5.8,4.1,22.59,Single,No,Rural,1.8,1.34,3G,Huawei,No,5.5,10.1,No,14,111,9.36,global_mobile
11167,India,31,Female,Teacher,,39748.31,5.83,82,2.58,0.63,1.3,2.5,3.3,7.24,1.47,97.93,9.0,8.4,49.09,Single,Yes,Rural,2.57,0.96,WiFi,Other,No,9.5,23.27,No,15,79,9.84,global_mobile
11168,UK,47,Other,Unemployed,PhD,33239.82,7.2,103,1.33,2.82,2.31,1.7,2.18,6.01,0.36,58.36,0.1,6.0,81.45,Divorced,No,Rural,0.75,2.12,WiFi,Huawei,Yes,2.5,10.96,Yes,10,159,20.31,global_mobile
11169,Russia,63,Other,Engineer,Bachelor's,46142.88,7.18,113,4.02,1.21,0.0,0.78,3.28,8.07,0.64,3.43,9.0,5.6,91.35,Divorced,Yes,Urban,1.98,0.87,3G,Other,No,7.5,27.64,No,12,111,10.52,global_mobile
11170,Brazil,70,Female,Doctor,Master's,18949.04,8.82,63,3.75,1.61,2.35,1.47,0.65,6.08,0.28,2.35,9.0,2.2,22.99,Divorced,No,Rural,1.53,1.35,4G,Xiaomi,Yes,2.5,29.49,No,8,87,82.86,global_mobile
11171,Japan,15,Female,Doctor,PhD,39813.78,7.03,40,2.2,0.0,0.55,1.23,2.85,5.21,0.2,39.35,3.4,8.4,42.56,Married,No,Rural,3.05,0.52,4G,Apple,Yes,9.5,22.83,No,15,80,75.73,global_mobile
11172,Germany,14,Other,Engineer,Bachelor's,4851.22,7.58,96,1.71,1.41,4.17,1.09,0.82,7.41,1.41,42.14,9.4,6.5,50.19,Single,Yes,Urban,1.84,1.45,5G,Huawei,Yes,2.5,27.84,No,17,90,94.61,global_mobile
11173,China,36,Female,Unemployed,PhD,34733.58,4.05,100,1.42,0.72,3.57,1.95,1.81,6.49,1.18,16.34,2.6,4.5,37.95,Single,No,Rural,1.46,0.67,3G,Samsung,Yes,9.5,23.53,No,13,96,82.1,global_mobile
11174,Germany,39,Other,Manager,High School,31502.67,3.3,102,3.51,1.96,2.71,1.34,1.42,9.11,0.82,57.33,8.6,0.6,56.54,Married,No,Urban,1.01,0.66,WiFi,OnePlus,Yes,9.5,40.73,Yes,19,72,77.54,global_mobile
11175,Germany,19,Male,Artist,High School,27778.67,5.56,120,1.49,3.04,0.76,1.47,3.34,6.33,1.74,17.63,1.4,1.8,92.1,Single,No,Urban,2.11,0.57,5G,Huawei,No,2.5,21.75,Yes,18,69,47.25,global_mobile
11176,Japan,14,Male,Engineer,Master's,26597.18,9.23,72,0.21,2.33,1.7,1.02,2.86,6.68,1.31,47.61,2.7,4.5,47.05,Single,No,Urban,1.24,0.12,3G,Other,No,9.5,19.54,No,16,89,27.35,global_mobile
11177,USA,49,Male,Salesperson,PhD,21119.68,6.68,72,2.8,2.9,3.72,0.7,2.15,6.0,1.2,0.36,8.4,1.8,54.78,In Relationship,No,Rural,1.31,1.43,3G,Other,Yes,2.5,21.37,Yes,11,123,2.11,global_mobile
11178,Brazil,57,Female,Artist,Bachelor's,43088.32,5.96,114,1.03,0.3,3.01,1.73,1.54,6.7,1.2,69.87,4.0,8.4,38.6,Married,No,Rural,1.74,0.17,WiFi,OnePlus,No,7.5,29.04,No,9,101,36.93,global_mobile
11179,Germany,60,Female,Doctor,High School,13575.49,6.42,108,2.99,0.48,2.9,1.0,1.77,6.96,1.95,75.59,8.4,9.7,73.11,Single,No,Rural,1.51,0.42,3G,OnePlus,No,5.5,48.83,Yes,12,119,27.0,global_mobile
11180,USA,63,Male,Unemployed,High School,56052.33,8.87,58,3.31,2.43,2.63,0.67,2.0,7.15,0.99,36.1,9.7,3.8,15.51,In Relationship,No,Urban,2.05,1.3,3G,Other,No,7.5,2.15,Yes,13,81,51.89,global_mobile
11181,Nigeria,28,Male,Student,Bachelor's,29162.35,4.18,67,1.04,2.18,2.06,2.36,2.2,7.13,0.98,29.95,6.9,7.7,36.61,Single,Yes,Rural,0.77,0.85,WiFi,Other,No,2.5,22.02,No,8,109,99.13,global_mobile
11182,China,22,Female,Artist,Bachelor's,55396.56,3.82,62,0.52,1.0,1.75,1.21,1.68,5.48,0.09,3.75,2.2,6.2,89.55,Divorced,Yes,Urban,2.59,1.13,3G,OnePlus,Yes,7.5,23.96,Yes,10,75,14.01,global_mobile
11183,India,47,Other,Doctor,Bachelor's,38551.65,4.76,83,0.55,1.04,0.0,1.65,0.1,5.68,1.21,33.16,0.3,2.4,71.37,Divorced,No,Urban,1.03,0.7,4G,OnePlus,No,9.5,35.8,Yes,13,112,30.75,global_mobile
11184,UK,65,Female,Engineer,Bachelor's,20949.26,4.78,109,2.18,1.07,1.42,1.19,3.59,5.32,1.03,29.03,6.8,2.7,20.85,Married,No,Rural,1.08,0.7,WiFi,Apple,Yes,2.5,29.27,No,19,109,75.23,global_mobile
11185,Brazil,57,Female,Salesperson,Bachelor's,18187.29,4.68,111,1.21,3.16,2.88,1.4,2.3,6.18,0.98,60.16,9.7,5.9,27.29,Single,Yes,Rural,0.0,0.1,5G,Huawei,Yes,7.5,23.49,Yes,10,80,21.12,global_mobile
11186,Germany,26,Other,Engineer,,32382.66,7.54,104,1.72,2.63,3.17,1.84,3.39,7.17,0.54,3.62,7.0,9.6,81.93,Single,No,Rural,2.55,0.81,WiFi,Apple,No,9.5,24.89,Yes,11,106,55.49,global_mobile
11187,India,37,Other,Artist,Bachelor's,1895.14,9.35,82,1.31,0.52,2.78,1.73,1.74,5.98,1.99,27.88,0.4,0.5,67.31,Married,No,Rural,0.4,0.85,5G,Huawei,No,2.5,19.32,Yes,8,101,82.72,global_mobile
11188,Brazil,12,Other,Student,Bachelor's,26734.29,5.92,129,1.95,2.93,2.58,2.54,3.2,6.22,1.44,68.27,0.4,2.2,48.0,In Relationship,Yes,Urban,1.16,1.23,4G,Huawei,No,5.5,38.56,No,14,84,64.71,global_mobile
11189,Japan,40,Male,Artist,,18086.03,5.64,106,0.7,0.95,2.77,1.17,2.69,6.42,1.29,38.31,8.1,6.2,46.96,Married,Yes,Rural,2.57,0.89,WiFi,Huawei,Yes,5.5,35.56,No,8,78,11.95,global_mobile
11190,Brazil,50,Male,Salesperson,PhD,27507.84,7.59,43,2.16,0.81,2.2,1.26,2.56,6.16,1.06,27.87,2.2,5.6,1.08,Divorced,Yes,Urban,0.8,1.57,3G,Xiaomi,No,9.5,28.5,No,16,100,37.38,global_mobile
11191,UK,14,Male,Artist,PhD,16846.08,4.99,135,3.34,1.19,1.84,1.06,3.03,6.96,0.8,74.75,2.8,3.1,56.71,In Relationship,Yes,Urban,0.95,0.87,5G,Huawei,No,7.5,27.13,No,18,99,31.35,global_mobile
11192,Japan,26,Other,Unemployed,Bachelor's,26215.29,9.16,87,0.84,1.55,2.73,1.91,2.4,6.52,1.23,48.77,3.3,9.8,63.33,Single,No,Rural,2.18,1.04,4G,Samsung,No,2.5,26.18,Yes,8,118,70.43,global_mobile
11193,USA,21,Other,Teacher,PhD,29121.84,6.26,87,2.06,1.38,2.04,1.01,1.62,5.32,1.28,23.89,0.8,2.9,77.24,In Relationship,No,Rural,1.66,0.01,3G,Huawei,Yes,9.5,45.41,Yes,11,108,93.03,global_mobile
11194,China,39,Female,Unemployed,PhD,26933.01,3.45,91,2.49,1.91,1.98,1.77,1.68,7.14,1.07,3.39,3.9,2.4,43.72,Divorced,No,Urban,0.95,1.56,5G,Huawei,Yes,9.5,40.17,No,17,119,15.91,global_mobile
11195,Germany,67,Female,Doctor,,11419.08,3.54,74,0.8,3.26,3.43,1.18,2.47,7.89,0.62,33.82,7.1,0.3,79.4,Divorced,Yes,Rural,1.68,0.0,3G,Huawei,Yes,7.5,22.12,Yes,8,93,78.35,global_mobile
11196,USA,34,Female,Doctor,Bachelor's,25757.22,6.06,88,1.03,1.84,1.2,2.29,1.38,4.9,1.32,81.46,7.1,9.4,81.0,In Relationship,No,Urban,0.04,0.58,3G,OnePlus,No,9.5,24.59,Yes,11,98,89.25,global_mobile
11197,Russia,56,Other,Salesperson,PhD,33695.05,7.54,87,2.6,0.16,1.67,1.16,0.39,6.58,1.53,22.13,4.3,8.5,78.13,Divorced,Yes,Rural,1.35,0.16,5G,Other,No,2.5,16.29,Yes,9,82,90.31,global_mobile
11198,USA,18,Other,Artist,PhD,21467.55,10.13,81,3.12,1.03,1.12,2.2,1.46,7.04,1.27,79.72,1.0,9.6,5.52,In Relationship,Yes,Rural,0.68,1.2,WiFi,Huawei,Yes,7.5,41.63,Yes,11,125,99.88,global_mobile
11199,Nigeria,31,Male,Teacher,PhD,29690.78,10.85,97,1.18,1.73,2.44,1.54,2.72,5.16,0.0,0.61,7.2,9.4,3.51,Married,Yes,Rural,1.81,0.61,3G,Other,No,2.5,43.52,No,16,125,80.02,global_mobile
11200,Nigeria,67,Female,Salesperson,Master's,65294.16,4.83,47,1.2,2.17,2.32,2.32,2.6,7.51,1.0,42.84,9.6,2.1,21.63,Single,Yes,Rural,1.07,0.81,WiFi,Apple,No,7.5,25.01,No,12,90,63.86,global_mobile
11201,USA,41,Female,Student,,1309.58,6.81,130,2.08,1.0,2.55,1.19,2.7,6.26,1.05,82.62,7.7,5.3,10.69,Divorced,Yes,Urban,0.87,1.38,WiFi,Xiaomi,No,5.5,31.46,No,14,108,92.76,global_mobile
11202,UK,33,Male,Unemployed,PhD,49755.71,4.87,11,3.25,2.69,0.77,0.61,2.27,7.71,0.0,26.74,9.6,9.8,0.05,Divorced,Yes,Urban,0.0,1.51,5G,Xiaomi,Yes,5.5,31.9,Yes,9,47,2.99,global_mobile
11203,Mexico,63,Other,Manager,Master's,44967.84,4.24,89,1.72,3.51,1.22,1.39,3.03,6.04,1.17,96.23,9.6,7.5,18.7,Divorced,No,Urban,1.62,1.05,WiFi,OnePlus,Yes,7.5,22.49,No,13,86,54.42,global_mobile
11204,Germany,45,Female,Manager,Master's,47406.61,6.0,106,2.28,2.34,1.54,1.86,1.06,6.91,1.59,5.36,1.4,0.4,50.78,Divorced,No,Rural,1.72,0.59,4G,Other,No,5.5,19.69,No,17,95,89.66,global_mobile
11205,Brazil,12,Other,Student,Master's,34187.84,7.53,83,2.32,1.9,1.66,1.56,1.37,7.54,0.81,39.52,0.4,0.6,31.39,Married,Yes,Rural,1.59,0.09,WiFi,OnePlus,No,7.5,38.44,No,8,86,43.73,global_mobile
11206,Japan,44,Female,Doctor,PhD,31669.47,8.7,78,2.7,2.23,0.55,1.34,0.69,8.06,1.07,35.53,8.2,2.7,3.35,Single,No,Urban,0.87,0.38,3G,Other,Yes,2.5,16.33,Yes,14,65,64.29,global_mobile
11207,Japan,56,Male,Doctor,Master's,8412.06,3.34,53,0.88,1.73,2.64,1.56,2.03,6.5,1.18,42.34,6.3,5.1,47.46,In Relationship,No,Rural,1.32,1.38,5G,Samsung,No,7.5,11.2,Yes,16,90,69.79,global_mobile
11208,USA,61,Other,Artist,PhD,27291.87,1.95,140,1.87,1.62,1.97,0.59,1.69,5.37,1.25,46.51,6.8,2.2,58.12,In Relationship,No,Rural,1.42,0.88,4G,OnePlus,Yes,5.5,7.55,Yes,16,74,89.34,global_mobile
11209,USA,24,Other,Teacher,High School,31987.63,6.86,52,2.58,1.36,0.0,0.67,1.41,6.84,0.85,90.57,7.3,0.1,99.69,Married,Yes,Urban,1.18,0.31,3G,Other,Yes,7.5,41.81,No,15,111,99.41,global_mobile
11210,Brazil,28,Male,Doctor,Master's,19753.22,6.43,43,1.27,2.26,2.57,1.11,3.37,7.96,0.82,96.21,6.2,5.6,19.02,Married,Yes,Urban,1.28,0.07,3G,Samsung,Yes,5.5,11.0,Yes,8,99,81.6,global_mobile
11211,China,16,Other,Artist,Bachelor's,38861.92,5.28,81,2.23,1.37,2.25,1.33,2.42,4.82,1.39,39.67,7.5,4.3,98.89,Single,No,Rural,1.67,1.62,5G,Apple,No,5.5,23.01,No,9,101,54.89,global_mobile
11212,Nigeria,31,Male,Doctor,Master's,25084.03,4.99,88,2.26,0.0,1.74,1.72,2.16,7.4,1.36,73.14,6.0,8.0,92.75,Single,Yes,Rural,1.66,0.21,WiFi,Apple,Yes,9.5,40.23,Yes,14,133,91.38,global_mobile
11213,Nigeria,60,Other,Engineer,PhD,29153.91,4.57,64,1.87,2.51,0.99,1.93,2.25,8.41,2.25,52.59,9.1,8.6,79.14,In Relationship,No,Urban,2.45,0.51,4G,Samsung,No,7.5,31.23,No,9,80,44.01,global_mobile
11214,Germany,14,Female,Manager,Bachelor's,67876.41,5.74,90,2.65,1.51,0.81,1.24,2.23,6.09,1.81,4.85,6.3,1.1,53.47,Single,No,Urban,1.33,0.86,4G,Apple,Yes,2.5,22.03,Yes,14,103,28.1,global_mobile
11215,Mexico,68,Female,Doctor,,7941.55,4.34,39,2.44,2.18,0.88,1.02,4.83,6.0,1.04,99.61,7.5,9.7,89.4,Married,Yes,Rural,0.59,1.05,3G,Other,Yes,2.5,14.29,No,12,104,24.28,global_mobile
11216,Brazil,32,Male,Student,,35405.59,9.37,94,3.91,0.52,1.72,2.63,2.4,7.52,1.39,48.08,4.9,0.5,74.06,Single,No,Rural,1.43,1.12,WiFi,Apple,Yes,7.5,17.89,No,12,142,25.41,global_mobile
11217,UK,70,Female,Teacher,,40342.26,4.48,64,3.5,1.85,1.77,0.35,1.57,5.83,1.07,98.61,3.8,9.8,32.14,Divorced,Yes,Rural,1.73,1.12,4G,OnePlus,No,2.5,35.61,Yes,10,71,39.81,global_mobile
11218,Germany,45,Female,Doctor,High School,21726.48,4.22,76,2.04,2.29,2.77,0.88,2.15,7.37,0.74,11.09,2.0,7.0,54.21,Single,No,Urban,2.9,1.27,WiFi,Apple,No,5.5,33.26,Yes,8,98,86.08,global_mobile
11219,China,48,Female,Teacher,Master's,18267.92,7.88,102,1.95,0.29,3.29,1.05,4.52,7.16,0.65,25.66,0.5,6.0,40.0,Divorced,No,Rural,1.41,0.86,WiFi,Samsung,Yes,7.5,21.68,Yes,13,114,9.55,global_mobile
11220,Nigeria,67,Other,Engineer,Master's,72776.65,7.2,132,2.32,2.5,1.42,1.07,1.23,5.78,1.48,9.83,7.4,8.9,52.85,Divorced,No,Rural,1.6,0.45,3G,Samsung,No,5.5,19.79,Yes,14,109,29.3,global_mobile
11221,Mexico,44,Male,Teacher,PhD,46196.49,3.41,117,2.47,2.07,2.44,1.01,1.41,6.74,0.42,48.6,3.4,3.6,36.98,Single,No,Urban,0.8,0.56,4G,OnePlus,Yes,7.5,18.01,No,18,105,56.35,global_mobile
11222,Mexico,67,Female,Manager,Master's,12166.52,7.41,99,4.05,1.93,0.44,1.31,2.96,6.9,1.11,50.83,7.1,2.7,76.94,Single,Yes,Urban,1.37,0.36,4G,Apple,No,9.5,18.28,Yes,15,82,25.23,global_mobile
11223,USA,44,Female,Doctor,,33632.93,2.38,119,2.46,2.09,0.93,1.84,1.37,6.34,1.47,38.22,7.0,9.5,84.55,Single,No,Rural,2.36,1.86,WiFi,Samsung,Yes,9.5,19.02,No,12,114,53.51,global_mobile
11224,India,22,Female,Engineer,High School,39847.78,8.44,104,2.02,1.76,0.12,1.89,1.73,6.1,1.32,49.18,10.0,0.9,48.89,Divorced,No,Rural,0.99,1.15,WiFi,OnePlus,Yes,7.5,22.66,Yes,12,70,32.09,global_mobile
11225,Japan,32,Female,Teacher,,30747.02,6.74,52,1.99,3.25,1.68,1.32,3.24,6.27,0.7,86.71,6.3,2.8,45.1,Single,Yes,Rural,1.85,1.06,4G,Apple,No,7.5,24.5,Yes,10,102,66.79,global_mobile
11226,China,60,Female,Engineer,High School,23671.21,3.98,68,2.1,2.05,1.55,1.36,2.99,7.62,0.21,96.33,2.8,9.9,14.77,Single,Yes,Urban,2.9,0.23,WiFi,Samsung,No,9.5,45.34,Yes,16,56,42.46,global_mobile
11227,Germany,38,Female,Teacher,High School,35434.82,3.01,73,2.27,1.74,2.46,1.08,1.48,6.6,0.34,92.27,0.4,9.6,27.4,Divorced,Yes,Rural,1.6,0.64,3G,Apple,No,9.5,21.91,Yes,17,82,64.05,global_mobile
11228,China,64,Other,Unemployed,High School,28174.2,7.12,86,0.0,2.26,2.19,0.82,1.07,4.43,1.54,15.7,5.2,3.3,47.5,Single,Yes,Rural,1.73,0.58,5G,Other,No,7.5,36.99,Yes,10,149,50.63,global_mobile
11229,Russia,25,Other,Teacher,PhD,59149.07,4.29,84,2.25,0.54,0.36,0.99,1.57,7.35,1.19,46.55,8.3,9.7,57.08,In Relationship,Yes,Urban,2.35,0.8,3G,Xiaomi,No,2.5,29.06,No,13,65,68.7,global_mobile
11230,Nigeria,49,Male,Engineer,High School,2618.71,5.21,85,1.86,0.69,0.0,1.79,1.54,6.8,1.19,56.58,4.7,5.7,40.91,Divorced,No,Urban,1.22,0.76,4G,Apple,Yes,2.5,17.84,Yes,8,86,23.37,global_mobile
11231,UK,66,Male,Teacher,Bachelor's,58968.37,7.44,99,3.35,1.61,2.32,0.95,0.42,4.13,0.16,1.76,0.9,0.7,25.19,Single,Yes,Rural,2.23,0.59,3G,Other,No,7.5,31.7,Yes,8,128,76.85,global_mobile
11232,UK,37,Female,Teacher,Master's,32907.92,8.24,89,2.52,1.64,1.81,1.75,2.56,6.6,1.32,82.38,4.5,5.1,91.99,Divorced,No,Rural,0.18,0.6,3G,OnePlus,Yes,5.5,23.62,No,9,84,11.26,global_mobile
11233,Mexico,53,Female,Engineer,Bachelor's,55455.15,6.57,72,0.0,3.35,0.94,1.57,3.07,6.61,0.91,83.85,7.3,0.0,50.37,Divorced,No,Rural,1.27,1.2,4G,Huawei,Yes,2.5,17.22,Yes,11,103,97.15,global_mobile
11234,USA,69,Other,Manager,,23430.69,8.79,104,2.47,2.0,2.69,1.09,3.91,6.44,1.28,45.37,0.2,0.7,56.98,Married,Yes,Urban,3.25,1.13,3G,Other,Yes,7.5,35.51,Yes,14,128,9.93,global_mobile
11235,India,38,Other,Student,Bachelor's,0.0,6.74,100,3.62,0.44,3.05,1.48,1.91,5.64,0.7,78.04,9.4,9.1,79.01,Single,Yes,Urban,0.0,1.03,5G,Apple,No,5.5,28.1,Yes,9,81,79.5,global_mobile
11236,India,25,Male,Unemployed,Master's,19031.72,4.32,119,2.36,0.0,2.95,1.38,2.02,5.97,0.43,18.1,7.7,1.1,72.65,In Relationship,No,Urban,1.05,0.0,3G,Apple,No,9.5,7.46,No,20,115,30.7,global_mobile
11237,China,55,Other,Doctor,Bachelor's,57438.63,5.17,106,2.22,2.16,1.06,1.6,3.36,5.64,0.38,97.98,9.5,1.0,53.88,Married,No,Rural,1.74,1.08,3G,Samsung,Yes,7.5,21.06,No,15,130,10.99,global_mobile
11238,Japan,23,Male,Manager,High School,15221.85,10.86,83,1.63,1.41,3.03,1.54,1.96,6.22,0.99,39.89,0.4,2.6,17.11,Divorced,Yes,Urban,2.9,1.18,WiFi,OnePlus,No,5.5,32.57,Yes,17,68,33.22,global_mobile
11239,China,46,Other,Artist,Bachelor's,24219.23,7.44,73,1.71,0.35,1.48,0.91,1.47,6.94,0.44,12.85,5.1,1.5,89.04,Divorced,Yes,Rural,1.75,1.34,5G,Huawei,Yes,7.5,18.46,No,9,94,23.1,global_mobile
11240,Nigeria,60,Other,Salesperson,Master's,60388.04,4.07,83,0.0,0.41,1.17,2.09,0.59,4.31,2.06,89.81,8.7,9.1,32.84,In Relationship,Yes,Urban,0.6,0.0,4G,Xiaomi,No,5.5,38.88,No,15,146,15.68,global_mobile
11241,Mexico,34,Other,Doctor,Master's,30875.75,5.81,65,0.41,1.29,1.19,1.53,3.28,5.73,1.22,63.36,9.6,7.3,9.63,Single,Yes,Rural,2.75,1.58,5G,Apple,Yes,7.5,12.68,No,12,101,22.03,global_mobile
11242,India,67,Female,Student,Master's,38154.02,8.55,88,2.77,2.76,3.09,1.38,2.29,6.23,0.15,85.58,0.4,4.2,19.93,Married,Yes,Rural,0.51,0.43,WiFi,Xiaomi,Yes,7.5,10.31,No,13,121,59.7,global_mobile
11243,Brazil,60,Male,Artist,High School,35720.06,5.56,116,2.32,2.03,1.28,1.8,2.48,6.05,1.12,58.27,8.7,8.7,31.55,Divorced,Yes,Urban,2.19,1.27,4G,Apple,Yes,7.5,29.15,Yes,15,147,74.09,global_mobile
11244,Mexico,52,Other,Artist,Master's,12601.95,4.99,80,2.42,1.45,3.03,1.6,0.86,6.26,1.17,91.14,8.0,3.6,22.77,In Relationship,Yes,Urban,0.01,0.82,3G,Apple,No,2.5,29.33,Yes,11,61,60.71,global_mobile
11245,Brazil,68,Other,Unemployed,PhD,0.0,4.41,111,2.83,2.19,2.07,2.08,1.14,7.08,2.03,23.15,7.5,0.3,11.29,Single,Yes,Rural,0.83,1.36,WiFi,Other,No,9.5,14.63,No,8,124,69.01,global_mobile
11246,Russia,62,Male,Manager,Bachelor's,47156.29,5.72,97,1.79,1.09,1.09,1.12,0.28,4.94,1.55,72.84,5.1,6.0,51.46,Single,Yes,Urban,1.83,0.69,WiFi,OnePlus,No,2.5,42.91,No,11,94,91.09,global_mobile
11247,USA,64,Female,Unemployed,High School,33806.17,6.99,46,1.9,1.39,2.54,2.0,2.52,7.54,1.29,68.08,4.4,8.8,95.12,Married,Yes,Rural,0.73,0.32,5G,Other,Yes,5.5,20.21,Yes,19,141,65.96,global_mobile
11248,Japan,49,Male,Manager,PhD,12352.04,6.99,63,1.55,1.41,2.4,1.56,2.53,4.68,0.13,57.65,0.5,6.7,54.23,In Relationship,No,Urban,1.21,1.2,5G,Apple,No,2.5,7.77,No,14,71,53.97,global_mobile
11249,China,33,Female,Doctor,,37558.98,6.6,85,1.49,0.14,2.9,0.84,1.76,6.79,2.08,74.25,5.2,0.4,88.92,Married,No,Rural,0.28,0.81,5G,OnePlus,Yes,2.5,18.25,No,17,103,43.54,global_mobile
11250,Germany,32,Female,Manager,PhD,52683.29,4.49,20,1.77,0.82,1.35,1.09,1.67,7.85,0.85,4.84,5.3,0.0,52.86,Married,No,Rural,0.0,0.87,4G,Xiaomi,No,5.5,21.37,Yes,15,107,86.8,global_mobile
11251,Nigeria,31,Female,Salesperson,Bachelor's,31259.0,6.68,87,4.09,0.96,0.93,1.81,2.86,7.8,1.48,61.87,4.6,1.8,6.95,In Relationship,No,Rural,1.51,0.84,3G,Xiaomi,Yes,2.5,26.15,No,15,110,90.91,global_mobile
11252,Nigeria,46,Female,Artist,Master's,43820.22,8.36,29,2.63,0.0,1.32,1.31,1.16,5.44,1.47,84.56,6.5,5.9,50.98,Married,Yes,Urban,2.35,0.19,4G,Huawei,Yes,2.5,12.98,No,16,83,39.84,global_mobile
11253,Nigeria,33,Other,Artist,Master's,27998.57,8.09,110,1.7,0.7,0.0,1.19,1.75,8.17,0.48,39.79,9.8,9.1,35.87,Married,No,Rural,1.9,0.72,5G,Other,Yes,7.5,24.96,Yes,8,146,13.82,global_mobile
11254,Brazil,15,Female,Engineer,High School,55566.01,6.01,106,1.26,0.96,2.11,1.12,3.54,7.7,1.57,57.11,9.7,6.9,57.76,Married,Yes,Rural,1.93,0.69,5G,Other,No,7.5,25.51,No,13,83,0.23,global_mobile
11255,Mexico,51,Male,Engineer,High School,23855.38,6.07,105,2.8,2.74,1.89,0.92,1.84,7.34,0.72,82.88,7.0,4.6,44.01,Married,No,Urban,2.31,1.36,4G,Other,Yes,5.5,10.35,Yes,16,89,41.14,global_mobile
11256,China,65,Other,Teacher,,29674.47,7.34,61,2.88,2.45,2.94,1.82,2.79,7.64,0.61,32.86,8.3,1.1,49.88,Married,No,Urban,2.24,0.52,5G,Xiaomi,No,5.5,20.83,No,15,77,55.13,global_mobile
11257,USA,22,Female,Salesperson,Master's,60401.61,7.34,32,2.67,1.37,3.59,0.72,2.03,5.93,1.12,0.37,6.2,4.0,15.64,Married,Yes,Rural,1.77,1.49,4G,Apple,Yes,5.5,22.26,No,15,112,79.88,global_mobile
11258,Japan,40,Female,Teacher,Master's,20172.92,3.15,94,2.17,2.29,0.84,0.84,3.28,6.29,0.53,27.89,7.2,2.9,21.45,Single,Yes,Rural,0.98,0.5,4G,Apple,No,5.5,41.4,Yes,18,50,53.81,global_mobile
11259,Russia,24,Male,Unemployed,Master's,0.0,8.71,92,1.3,0.0,0.86,1.45,1.02,7.48,0.93,83.99,1.7,8.2,87.45,Divorced,No,Urban,1.91,0.25,5G,Apple,No,2.5,22.76,No,16,117,70.04,global_mobile
11260,Brazil,58,Female,Manager,,37766.2,5.54,57,2.51,2.27,2.65,1.37,3.18,5.42,1.2,48.07,2.6,2.9,92.66,Married,No,Urban,0.8,0.69,WiFi,Xiaomi,No,9.5,28.6,No,8,120,93.76,global_mobile
11261,USA,65,Other,Unemployed,Bachelor's,923.9,9.87,71,3.52,0.88,3.04,1.77,3.15,8.37,0.6,37.46,8.4,6.5,94.76,Married,No,Urban,1.75,0.74,4G,Samsung,Yes,5.5,33.42,No,12,98,81.94,global_mobile
11262,USA,39,Other,Unemployed,,31677.33,6.29,112,1.71,1.54,2.77,1.57,3.03,6.46,0.87,24.97,4.8,1.1,41.75,In Relationship,No,Rural,1.75,0.0,WiFi,Apple,No,9.5,26.77,No,15,68,63.51,global_mobile
11263,UK,55,Male,Engineer,,38742.07,1.31,53,1.31,1.94,3.98,1.78,3.01,6.07,0.58,2.32,3.4,6.9,75.18,Married,No,Urban,2.46,1.99,5G,Huawei,No,7.5,31.02,No,9,75,51.46,global_mobile
11264,Japan,33,Male,Artist,,11999.51,2.19,34,3.12,0.17,1.14,1.81,2.9,6.72,0.46,63.28,7.9,6.1,0.24,Divorced,Yes,Urban,2.87,0.22,4G,OnePlus,No,7.5,13.43,Yes,12,96,49.24,global_mobile
11265,UK,43,Other,Unemployed,Master's,37796.48,8.68,105,2.21,2.28,1.27,1.75,2.24,6.95,0.77,27.14,7.7,1.5,82.71,Divorced,Yes,Rural,1.37,1.11,3G,Xiaomi,No,2.5,39.62,Yes,10,69,90.97,global_mobile
11266,Japan,60,Other,Teacher,PhD,25249.17,3.47,108,3.63,0.71,3.9,1.24,0.66,8.4,0.0,87.45,1.8,5.3,76.82,Single,No,Rural,1.44,1.42,5G,Samsung,No,7.5,22.15,No,18,110,11.02,global_mobile
11267,Nigeria,28,Male,Doctor,Bachelor's,17531.08,8.64,33,3.53,0.0,2.77,1.66,4.98,9.84,0.93,33.3,8.6,5.0,11.53,Divorced,Yes,Rural,2.42,0.52,5G,Samsung,Yes,2.5,26.35,No,14,145,69.6,global_mobile
11268,USA,43,Male,Salesperson,Bachelor's,43275.82,6.19,100,1.44,3.4,0.14,2.33,2.97,6.43,0.89,63.19,8.6,8.6,23.45,Single,No,Urban,0.79,0.98,WiFi,Apple,Yes,9.5,28.16,No,8,75,66.45,global_mobile
11269,UK,23,Male,Student,,17445.75,6.06,104,0.91,0.0,2.15,1.63,2.46,6.35,1.15,60.77,0.1,8.0,47.41,Single,No,Urban,1.09,1.39,WiFi,Xiaomi,No,5.5,25.61,No,15,111,6.04,global_mobile
11270,Mexico,13,Male,Unemployed,,48545.78,8.68,98,2.95,1.32,2.15,1.86,2.47,7.86,0.6,30.1,9.9,8.0,58.8,Single,Yes,Rural,2.38,0.32,5G,OnePlus,Yes,2.5,32.07,Yes,20,113,2.65,global_mobile
11271,UK,25,Male,Student,High School,16399.54,6.75,90,2.1,1.56,2.4,1.27,1.07,8.02,1.24,32.19,4.8,8.4,9.9,Married,Yes,Urban,0.0,0.02,WiFi,Apple,Yes,7.5,28.19,Yes,14,162,8.19,global_mobile
11272,Germany,36,Male,Salesperson,Bachelor's,20125.29,4.01,90,3.32,1.33,3.24,1.93,1.71,5.71,0.39,30.84,7.8,4.3,6.42,In Relationship,Yes,Rural,0.7,1.16,3G,Apple,Yes,2.5,19.67,No,17,121,16.24,global_mobile
11273,Brazil,23,Male,Doctor,PhD,46035.34,7.4,61,1.12,1.82,3.17,1.17,1.49,5.95,0.53,51.83,3.2,5.8,43.12,Divorced,No,Rural,1.69,0.19,5G,Samsung,No,9.5,12.29,No,11,54,7.06,global_mobile
11274,Germany,32,Male,Student,PhD,39144.46,6.99,85,2.59,1.04,0.14,1.46,2.51,6.72,1.14,56.83,3.3,3.2,80.82,Married,Yes,Rural,1.74,0.33,5G,Xiaomi,Yes,9.5,27.2,No,16,122,82.39,global_mobile
11275,Russia,48,Other,Manager,,18625.76,4.86,69,1.62,0.7,2.7,2.07,2.09,7.21,1.44,85.29,5.8,7.0,18.91,Divorced,Yes,Rural,0.81,1.36,5G,Apple,No,2.5,33.17,No,16,139,69.62,global_mobile
11276,USA,47,Male,Manager,Bachelor's,31459.87,7.79,83,2.81,1.62,1.59,1.81,0.9,6.62,0.21,30.83,7.9,0.7,46.25,Married,No,Urban,0.78,1.59,3G,Apple,Yes,2.5,28.33,Yes,19,64,1.38,global_mobile
11277,India,53,Male,Artist,PhD,56640.16,6.87,69,2.56,0.27,1.41,1.84,2.99,8.21,1.15,27.44,9.2,7.2,49.05,Divorced,Yes,Urban,1.14,0.0,5G,Apple,Yes,5.5,18.28,No,15,60,60.96,global_mobile
11278,Brazil,28,Male,Teacher,Master's,28411.9,6.06,137,2.03,2.87,3.32,1.36,1.55,5.78,0.68,44.29,2.7,8.8,57.66,Divorced,Yes,Rural,2.17,0.0,3G,Samsung,Yes,9.5,13.23,No,17,112,60.46,global_mobile
11279,Russia,29,Female,Manager,,45000.44,5.12,58,0.0,0.0,2.81,1.46,1.46,6.31,1.75,57.54,2.5,1.3,66.42,Single,No,Rural,0.27,0.64,4G,Other,Yes,9.5,24.85,Yes,8,165,78.43,global_mobile
11280,Germany,47,Male,Student,Master's,27292.5,2.96,28,2.08,0.1,1.25,1.59,1.75,7.63,0.69,22.6,3.2,3.4,95.94,Divorced,No,Rural,3.33,0.46,5G,Xiaomi,No,7.5,21.95,No,8,90,29.92,global_mobile
11281,Nigeria,17,Female,Doctor,Bachelor's,7548.34,2.13,52,3.85,1.33,3.59,1.49,0.0,6.15,0.14,23.81,6.8,9.2,18.47,Divorced,Yes,Rural,0.0,0.47,4G,Samsung,No,2.5,27.17,No,15,77,0.79,global_mobile
11282,Mexico,43,Male,Engineer,High School,44107.02,6.29,96,1.36,2.7,1.11,1.47,1.56,6.47,0.42,33.73,4.8,3.7,97.25,Single,No,Urban,1.9,2.33,3G,OnePlus,Yes,7.5,22.03,No,12,110,88.3,global_mobile
11283,Germany,42,Other,Doctor,,21959.08,3.79,74,3.29,0.13,1.49,1.67,2.72,6.7,0.05,92.54,4.9,8.8,9.85,In Relationship,Yes,Rural,2.19,0.41,5G,Huawei,No,7.5,31.62,Yes,13,140,14.92,global_mobile
11284,Brazil,17,Male,Student,Bachelor's,36827.71,6.84,114,1.86,0.8,3.11,2.05,2.64,6.83,0.96,89.34,6.0,5.6,45.38,Divorced,Yes,Rural,1.79,2.56,WiFi,Xiaomi,Yes,5.5,19.91,Yes,12,30,54.29,global_mobile
11285,Mexico,22,Other,Unemployed,PhD,45800.24,6.48,104,2.98,2.36,2.13,1.76,1.13,6.45,1.04,20.46,4.4,5.3,44.51,Divorced,No,Rural,1.54,0.39,3G,OnePlus,Yes,2.5,17.73,Yes,16,105,51.81,global_mobile
11286,Nigeria,45,Male,Artist,Master's,41044.34,5.51,89,1.53,2.4,2.12,1.79,1.3,7.42,1.81,91.96,0.5,8.2,83.8,Single,No,Rural,1.2,1.09,4G,OnePlus,Yes,5.5,19.33,No,14,88,52.55,global_mobile
11287,China,32,Female,Teacher,,11762.25,10.41,57,1.16,2.22,2.39,1.78,3.38,7.04,1.06,4.45,4.8,0.2,16.23,In Relationship,No,Urban,1.3,0.52,3G,Apple,No,5.5,30.31,Yes,11,95,47.12,global_mobile
11288,India,62,Other,Doctor,Bachelor's,43970.37,5.85,69,0.0,1.53,2.11,0.83,0.0,8.14,0.65,83.59,1.7,5.6,75.95,Divorced,No,Urban,1.53,1.03,4G,Xiaomi,Yes,7.5,40.56,Yes,9,88,60.84,global_mobile
11289,Russia,34,Other,Unemployed,High School,41334.21,8.82,95,0.55,0.44,2.17,2.35,0.0,5.98,0.42,77.63,1.3,10.0,39.91,Married,No,Rural,1.2,0.97,3G,OnePlus,Yes,7.5,21.5,No,14,37,78.85,global_mobile
11290,Nigeria,20,Other,Manager,,40741.33,7.69,69,3.37,0.44,3.2,1.72,2.74,6.38,0.63,71.92,7.8,2.5,38.0,In Relationship,Yes,Rural,1.13,0.46,5G,OnePlus,Yes,5.5,38.22,Yes,11,164,21.69,global_mobile
11291,China,50,Other,Manager,Bachelor's,18686.23,6.46,104,3.79,0.0,2.48,1.34,2.57,7.03,1.6,67.65,8.0,6.0,93.58,In Relationship,No,Urban,2.47,0.22,3G,Apple,No,9.5,18.26,No,13,126,62.12,global_mobile
11292,Russia,62,Female,Artist,,25795.96,3.02,58,1.89,1.51,2.31,1.56,1.34,7.89,1.26,67.94,8.5,9.0,94.27,Divorced,No,Rural,0.52,1.82,4G,Other,Yes,7.5,19.79,Yes,18,78,49.48,global_mobile
11293,India,24,Other,Teacher,,25344.16,4.05,106,2.73,0.51,1.54,1.42,1.45,5.75,0.42,96.27,2.2,9.7,72.41,Divorced,Yes,Urban,2.28,1.53,4G,Samsung,Yes,2.5,39.37,No,12,57,77.09,global_mobile
11294,USA,66,Male,Teacher,PhD,62423.69,3.95,46,2.83,0.21,2.61,0.66,2.27,8.69,1.1,74.95,6.9,1.3,15.44,Single,Yes,Rural,3.07,1.47,5G,Other,Yes,7.5,29.32,Yes,13,66,79.05,global_mobile
11295,UK,60,Male,Engineer,High School,42152.78,4.79,67,2.09,0.7,2.15,1.16,2.72,6.66,0.47,46.24,6.4,0.7,5.75,In Relationship,Yes,Rural,1.19,0.0,5G,Other,Yes,5.5,24.11,Yes,8,64,78.7,global_mobile
11296,India,52,Other,Salesperson,PhD,6346.49,7.76,72,0.87,0.97,2.47,1.0,1.12,5.68,0.63,86.35,7.4,2.8,69.55,Single,Yes,Rural,1.68,0.96,5G,Huawei,Yes,2.5,33.39,Yes,19,94,20.67,global_mobile
11297,Russia,14,Female,Salesperson,Bachelor's,42359.02,3.34,112,2.41,0.0,3.2,1.92,3.35,7.55,0.24,23.35,5.0,2.2,7.24,Married,Yes,Urban,0.35,1.1,4G,Huawei,Yes,9.5,38.31,Yes,13,118,53.32,global_mobile
11298,India,42,Female,Student,Master's,40218.12,6.51,58,1.95,1.4,3.33,1.47,2.71,6.85,0.79,83.42,0.8,1.3,4.86,In Relationship,No,Urban,2.57,0.86,3G,Other,Yes,2.5,22.37,No,15,117,93.45,global_mobile
11299,USA,56,Other,Teacher,PhD,39038.66,6.21,77,1.73,0.81,0.87,1.57,0.87,6.49,1.02,58.68,4.6,1.9,90.76,Married,Yes,Rural,2.18,1.24,3G,Huawei,No,7.5,32.03,No,8,75,33.28,global_mobile
11300,China,48,Other,Salesperson,PhD,32833.59,7.28,94,2.81,2.07,1.82,1.33,1.12,6.12,0.48,7.73,3.3,3.6,54.16,Married,No,Urban,1.74,0.12,5G,Other,Yes,7.5,7.26,No,12,116,68.94,global_mobile
11301,Japan,53,Female,Artist,Master's,32052.21,6.56,43,2.43,0.61,2.9,1.62,2.18,5.19,0.24,31.58,0.6,0.6,54.47,Single,No,Urban,0.75,1.86,5G,Xiaomi,No,9.5,32.57,Yes,8,52,68.75,global_mobile
11302,Nigeria,26,Male,Student,Master's,21638.85,7.81,111,2.42,1.53,0.42,1.35,2.6,6.21,1.13,84.73,0.5,9.8,41.61,Divorced,Yes,Rural,1.41,0.73,WiFi,OnePlus,No,9.5,24.7,Yes,20,174,16.9,global_mobile
11303,Mexico,22,Female,Manager,,34445.55,4.94,102,2.97,1.87,2.41,0.8,1.28,7.06,1.39,37.77,5.1,9.4,15.88,Married,Yes,Urban,2.09,1.47,5G,OnePlus,No,2.5,44.52,Yes,15,72,74.27,global_mobile
11304,India,44,Female,Student,PhD,35815.35,6.47,93,1.26,3.43,2.42,0.82,1.72,5.85,1.25,1.01,4.0,2.7,68.14,Single,Yes,Urban,1.83,0.47,3G,Other,Yes,7.5,29.57,Yes,16,128,25.9,global_mobile
11305,India,30,Female,Salesperson,,40840.78,7.0,93,2.64,3.85,2.3,1.35,0.4,7.44,0.83,80.97,6.1,2.7,93.02,Single,Yes,Urban,1.63,1.42,4G,Apple,No,5.5,26.4,No,19,132,49.95,global_mobile
11306,Germany,64,Other,Unemployed,Master's,22481.42,6.1,81,2.09,0.0,2.49,2.09,3.38,6.69,1.47,44.03,7.7,5.3,92.97,In Relationship,Yes,Urban,0.74,0.12,3G,Other,Yes,5.5,21.58,Yes,12,120,61.94,global_mobile
11307,Russia,28,Female,Teacher,,38796.37,5.84,52,2.38,0.0,1.62,1.03,2.12,6.22,0.92,59.85,7.1,3.0,31.48,Divorced,No,Rural,2.16,0.61,WiFi,Samsung,No,9.5,23.24,No,17,68,89.44,global_mobile
11308,Mexico,35,Female,Teacher,Bachelor's,22074.23,8.99,107,1.76,1.45,1.58,1.51,2.69,7.1,0.0,96.28,7.2,8.0,75.98,Single,Yes,Urban,0.42,0.42,3G,Xiaomi,No,2.5,31.46,Yes,12,94,33.5,global_mobile
11309,China,68,Other,Unemployed,,42935.53,5.87,51,2.02,1.27,0.49,1.78,0.46,5.48,1.74,26.73,6.8,9.9,95.21,Divorced,No,Urban,1.36,0.8,WiFi,Other,Yes,7.5,25.14,No,15,124,57.92,global_mobile
11310,India,16,Male,Unemployed,PhD,9024.94,8.78,106,1.36,3.52,1.56,1.78,3.23,6.49,2.0,17.9,8.6,9.2,94.49,Single,No,Rural,0.0,1.06,WiFi,Apple,No,5.5,42.08,Yes,9,153,87.31,global_mobile
11311,Brazil,25,Male,Student,Bachelor's,45093.63,3.43,79,3.44,0.2,0.73,1.67,2.29,5.45,0.82,44.98,5.8,3.3,48.15,Divorced,Yes,Rural,1.34,0.0,4G,Apple,Yes,7.5,37.01,Yes,11,64,98.39,global_mobile
11312,Brazil,16,Male,Manager,High School,14257.42,3.38,80,3.42,1.1,1.46,1.85,0.89,6.72,0.35,62.37,4.9,6.4,8.45,Single,No,Urban,2.08,0.02,3G,Apple,No,2.5,24.64,No,12,141,16.35,global_mobile
11313,USA,45,Other,Engineer,Bachelor's,27312.73,3.53,85,1.66,0.53,2.94,1.28,1.02,6.46,1.97,74.57,7.1,1.8,26.8,Single,Yes,Urban,3.03,1.23,5G,Other,Yes,2.5,29.77,Yes,14,84,97.71,global_mobile
11314,China,14,Male,Engineer,PhD,29009.27,4.85,35,0.0,2.14,0.7,1.07,0.06,4.86,0.73,12.25,2.8,9.5,82.61,In Relationship,No,Rural,1.65,0.16,5G,Other,Yes,7.5,13.22,No,10,76,73.16,global_mobile
11315,Brazil,35,Other,Student,,39831.71,5.06,92,1.64,2.96,2.97,1.89,1.94,5.72,1.35,80.67,9.7,3.1,10.68,In Relationship,Yes,Rural,1.33,0.83,4G,Other,Yes,7.5,18.81,Yes,16,109,3.83,global_mobile
11316,USA,59,Male,Manager,High School,16400.89,8.51,93,1.37,1.13,2.18,2.28,1.0,7.02,0.0,77.27,3.5,5.0,43.5,Divorced,No,Rural,1.22,1.26,3G,OnePlus,No,2.5,20.46,Yes,14,98,40.06,global_mobile
11317,Nigeria,16,Female,Teacher,,11306.87,6.68,86,0.71,2.38,2.63,1.91,1.78,6.0,1.01,82.29,6.5,8.8,47.32,In Relationship,No,Rural,2.35,0.71,WiFi,Apple,Yes,5.5,34.68,No,8,100,61.43,global_mobile
11318,UK,50,Female,Engineer,PhD,51487.92,4.86,86,0.0,0.0,2.04,2.33,2.54,6.92,1.08,41.76,0.2,5.9,11.09,Single,Yes,Rural,0.0,0.34,4G,Apple,No,9.5,39.81,Yes,14,52,13.22,global_mobile
11319,India,48,Female,Student,Bachelor's,37287.82,5.48,109,2.12,1.34,3.55,1.36,1.92,8.07,1.59,76.23,4.2,5.2,14.07,Single,Yes,Rural,2.61,1.1,5G,Xiaomi,Yes,9.5,23.43,Yes,19,110,99.73,global_mobile
11320,Russia,18,Male,Unemployed,High School,25348.4,6.98,68,0.52,2.81,1.04,0.5,0.96,4.31,0.7,37.69,5.3,6.9,15.77,Married,No,Urban,2.3,0.82,WiFi,Xiaomi,No,5.5,37.38,Yes,13,95,6.53,global_mobile
11321,China,21,Female,Salesperson,,19756.22,7.12,99,2.84,0.24,2.44,0.45,1.32,7.12,0.77,19.14,4.7,4.9,13.2,Divorced,No,Rural,1.78,1.07,WiFi,Samsung,Yes,9.5,27.15,Yes,8,71,11.44,global_mobile
11322,Germany,50,Other,Salesperson,High School,29853.95,5.85,100,2.2,1.09,3.63,0.93,2.09,6.13,0.95,86.04,4.0,0.9,71.33,In Relationship,No,Rural,2.34,0.74,WiFi,OnePlus,Yes,9.5,20.0,No,17,95,26.22,global_mobile
11323,Brazil,23,Other,Student,High School,39959.11,7.62,88,2.21,0.95,2.81,0.97,2.03,6.07,1.21,33.6,7.6,3.4,0.64,Married,No,Rural,1.26,0.77,WiFi,Xiaomi,No,5.5,26.95,Yes,15,129,97.76,global_mobile
11324,Japan,61,Other,Teacher,PhD,50896.08,6.05,78,1.19,1.57,0.73,1.18,2.89,5.89,1.45,91.28,1.5,6.4,39.74,In Relationship,No,Urban,1.55,0.58,3G,Xiaomi,Yes,7.5,32.37,No,20,117,34.93,global_mobile
11325,Nigeria,27,Male,Student,Bachelor's,27484.49,7.67,98,3.82,1.89,1.99,2.15,3.02,8.26,1.63,4.55,1.4,1.2,51.32,Married,Yes,Urban,1.48,0.4,5G,OnePlus,Yes,5.5,11.18,Yes,19,50,51.31,global_mobile
11326,Brazil,21,Female,Unemployed,Bachelor's,33921.28,3.03,71,1.61,1.59,1.69,0.36,2.61,7.75,0.0,78.63,5.9,8.3,25.52,Married,Yes,Urban,0.1,0.86,WiFi,Samsung,No,5.5,25.24,Yes,15,37,22.86,global_mobile
11327,USA,52,Other,Artist,High School,41237.74,3.72,63,3.47,2.03,2.83,1.34,2.0,5.28,1.16,0.5,3.5,9.8,69.59,Married,Yes,Rural,0.74,0.69,3G,Samsung,Yes,5.5,10.07,No,17,25,74.72,global_mobile
11328,Mexico,38,Female,Unemployed,High School,52578.41,7.43,104,2.34,2.17,0.73,1.08,1.63,5.15,0.73,3.58,9.5,3.7,21.49,In Relationship,No,Rural,0.96,1.22,3G,Xiaomi,No,2.5,10.19,Yes,9,93,86.28,global_mobile
11329,Russia,25,Male,Salesperson,Bachelor's,49811.87,9.78,117,2.32,0.97,2.17,0.42,2.72,5.99,1.35,92.13,9.8,9.4,32.79,Married,No,Urban,2.58,0.65,3G,Samsung,Yes,2.5,38.83,No,16,122,40.17,global_mobile
11330,China,25,Other,Artist,,21119.33,5.36,90,1.78,1.6,2.9,1.23,3.74,6.1,0.42,75.62,9.4,8.2,60.45,Single,Yes,Urban,1.72,0.9,5G,Huawei,No,7.5,27.59,No,12,113,72.91,global_mobile
11331,USA,44,Female,Doctor,PhD,30736.2,3.84,105,3.2,1.98,1.15,0.84,2.0,7.1,0.52,12.25,7.6,6.4,26.85,In Relationship,Yes,Urban,1.35,0.7,4G,Apple,No,2.5,24.58,Yes,19,85,74.23,global_mobile
11332,Japan,64,Other,Manager,Master's,0.0,8.78,73,2.5,2.74,4.49,1.06,1.56,5.66,0.84,88.85,0.1,4.7,32.2,Divorced,No,Urban,1.43,1.16,4G,Apple,Yes,7.5,35.96,Yes,18,98,0.76,global_mobile
11333,USA,25,Other,Teacher,PhD,0.0,8.8,58,0.99,1.24,1.85,0.49,1.23,5.2,1.56,14.05,6.2,6.0,74.42,Divorced,No,Rural,1.89,0.87,WiFi,Samsung,No,9.5,19.97,No,14,148,94.51,global_mobile
11334,China,40,Other,Artist,PhD,23538.79,10.3,78,1.79,2.03,1.85,2.22,4.22,5.33,1.56,56.98,0.9,4.9,7.55,Divorced,Yes,Urban,3.1,0.77,3G,Samsung,Yes,7.5,24.92,No,18,131,21.91,global_mobile
11335,Nigeria,30,Other,Manager,High School,13103.0,2.97,54,1.98,2.43,1.45,1.6,2.12,7.0,2.08,68.44,3.6,4.8,85.97,Divorced,Yes,Urban,0.83,0.25,5G,Apple,No,9.5,38.61,No,16,109,3.99,global_mobile
11336,Japan,63,Male,Artist,PhD,27235.05,2.38,57,1.69,1.32,3.44,1.87,1.94,6.13,0.75,35.09,2.6,1.7,64.48,In Relationship,No,Rural,0.31,1.27,3G,Xiaomi,Yes,2.5,38.32,No,12,116,56.09,global_mobile
11337,Japan,30,Female,Unemployed,,18511.5,5.34,88,1.62,3.4,3.72,1.48,3.4,7.14,0.4,37.56,7.1,4.0,35.98,Single,Yes,Rural,0.55,1.44,3G,Other,Yes,2.5,27.65,No,15,79,33.08,global_mobile
11338,USA,54,Male,Artist,Bachelor's,27591.17,8.02,99,3.27,1.09,1.96,2.81,1.79,5.7,1.03,14.91,5.9,0.7,41.2,Single,Yes,Urban,0.84,0.56,3G,Samsung,Yes,9.5,11.55,No,19,127,10.24,global_mobile
11339,Nigeria,50,Male,Engineer,,30618.99,9.14,106,2.81,1.36,1.88,1.48,0.44,6.38,1.16,96.96,6.9,3.5,49.66,Single,No,Rural,0.96,0.48,WiFi,Xiaomi,No,9.5,43.52,No,19,67,91.62,global_mobile
11340,USA,16,Other,Engineer,Bachelor's,31336.08,12.31,30,1.59,0.91,1.14,0.68,0.51,7.05,1.45,2.4,0.2,8.0,40.79,Single,Yes,Urban,1.52,1.03,WiFi,Huawei,No,9.5,23.19,No,12,116,98.51,global_mobile
11341,Japan,55,Female,Unemployed,High School,32387.1,4.09,47,3.33,0.54,3.41,1.83,1.24,6.38,1.74,15.68,6.9,4.5,60.72,Divorced,No,Urban,0.22,0.71,WiFi,Samsung,No,2.5,28.08,No,10,88,40.44,global_mobile
11342,Germany,36,Male,Unemployed,Master's,52054.54,5.92,70,2.01,2.51,3.4,0.84,2.34,5.39,1.26,78.21,3.2,5.2,49.17,Divorced,Yes,Rural,1.38,1.42,WiFi,Apple,Yes,2.5,23.11,Yes,20,88,45.98,global_mobile
11343,Russia,44,Female,Unemployed,Master's,15263.9,5.87,94,2.84,1.65,2.87,1.49,1.59,6.55,1.48,62.71,1.5,0.9,48.3,Single,Yes,Urban,1.25,0.32,3G,Xiaomi,Yes,5.5,20.79,No,8,66,94.02,global_mobile
11344,China,30,Other,Engineer,Bachelor's,34520.6,5.69,107,2.97,0.11,2.68,0.65,3.06,5.93,1.48,82.88,3.0,5.7,15.77,In Relationship,No,Rural,1.62,1.18,WiFi,Samsung,Yes,5.5,33.42,Yes,8,98,85.79,global_mobile
11345,Russia,44,Male,Doctor,Bachelor's,37049.04,12.37,133,1.52,1.34,1.43,1.37,1.35,6.37,0.53,46.3,7.3,10.0,83.84,Married,No,Urban,1.89,1.05,4G,Huawei,No,2.5,0.0,No,16,159,5.18,global_mobile
11346,Japan,20,Male,Artist,Bachelor's,24674.62,7.19,59,0.8,0.92,2.6,0.77,1.27,7.64,0.64,22.29,5.2,1.1,42.53,Single,No,Urban,0.9,1.21,3G,Huawei,Yes,7.5,15.94,Yes,19,88,32.05,global_mobile
11347,Russia,52,Other,Engineer,PhD,20690.91,7.66,91,1.14,0.71,1.22,1.61,0.0,6.7,0.34,23.69,8.3,8.3,19.74,Single,Yes,Rural,1.1,0.63,5G,Other,Yes,5.5,25.29,Yes,18,100,47.88,global_mobile
11348,China,68,Other,Teacher,Bachelor's,34667.23,7.0,72,0.82,0.0,2.51,2.21,1.46,7.04,0.78,67.42,0.1,3.2,13.42,Married,Yes,Urban,0.16,0.07,WiFi,Apple,No,5.5,28.85,Yes,10,133,61.47,global_mobile
11349,UK,65,Male,Manager,High School,37878.04,4.58,106,2.57,1.33,2.59,1.85,3.53,7.51,1.66,49.43,5.5,6.5,34.41,In Relationship,No,Rural,1.45,0.01,3G,OnePlus,No,7.5,11.27,No,20,69,96.91,global_mobile
11350,China,16,Female,Doctor,,31207.47,4.7,72,2.26,1.92,0.0,2.9,3.33,6.36,0.67,79.95,7.3,2.6,34.29,Divorced,Yes,Rural,2.06,0.0,5G,Samsung,No,2.5,42.47,Yes,20,36,81.74,global_mobile
11351,Germany,56,Female,Teacher,PhD,28915.13,3.66,84,2.63,2.19,1.85,1.42,2.98,4.96,0.18,22.14,8.8,4.0,29.74,In Relationship,Yes,Urban,2.44,0.35,4G,OnePlus,No,5.5,28.27,Yes,18,90,36.61,global_mobile
11352,Nigeria,57,Male,Engineer,Bachelor's,41316.86,6.23,75,2.81,2.44,0.39,2.6,0.0,4.87,1.13,7.49,1.3,6.0,30.78,Divorced,No,Urban,1.52,0.4,WiFi,OnePlus,Yes,2.5,36.71,Yes,11,85,78.81,global_mobile
11353,Nigeria,67,Female,Artist,Bachelor's,23460.12,7.89,78,1.31,0.17,0.0,0.39,0.99,6.24,0.5,15.95,5.5,0.7,52.12,Single,Yes,Rural,2.01,1.03,WiFi,Xiaomi,No,5.5,23.32,Yes,16,155,88.88,global_mobile
11354,USA,42,Male,Teacher,High School,17734.18,5.45,110,2.84,2.72,2.32,1.56,2.67,5.45,0.29,78.27,2.6,2.4,25.48,Married,Yes,Urban,0.19,0.76,4G,Samsung,Yes,7.5,25.33,Yes,15,83,61.75,global_mobile
11355,USA,64,Male,Unemployed,PhD,28555.6,5.19,137,1.55,1.94,2.45,2.47,1.11,5.15,1.76,85.27,5.7,7.3,70.71,Divorced,Yes,Urban,1.03,0.48,4G,Apple,No,9.5,10.0,No,13,114,12.61,global_mobile
11356,Russia,52,Female,Artist,High School,22975.21,3.32,86,0.81,0.78,0.64,1.53,3.28,5.41,0.0,9.15,2.0,3.3,56.15,In Relationship,No,Urban,3.0,1.81,WiFi,Huawei,No,9.5,5.57,Yes,16,35,55.49,global_mobile
11357,Nigeria,34,Male,Manager,,26069.04,4.19,83,3.98,1.12,1.84,1.82,1.54,7.05,0.89,64.05,8.8,3.5,11.61,Divorced,Yes,Rural,1.66,0.56,5G,Samsung,Yes,7.5,30.84,Yes,11,118,60.51,global_mobile
11358,USA,25,Male,Student,,70669.79,6.3,87,2.58,3.38,3.63,1.58,0.84,6.78,0.88,87.11,5.3,7.4,55.8,Single,Yes,Rural,2.54,1.12,4G,Xiaomi,No,2.5,24.39,Yes,10,91,20.19,global_mobile
11359,USA,55,Male,Manager,PhD,36073.26,7.79,66,2.07,0.0,1.96,1.41,2.25,5.59,1.33,73.06,5.7,9.4,52.59,Single,No,Rural,2.07,0.94,4G,OnePlus,No,9.5,24.22,No,12,117,51.28,global_mobile
11360,UK,64,Other,Student,Bachelor's,20024.84,6.12,98,3.06,2.47,1.19,1.38,2.79,8.52,1.14,24.47,3.9,4.8,51.01,Married,Yes,Rural,0.62,0.0,WiFi,OnePlus,No,5.5,27.35,Yes,15,138,25.66,global_mobile
11361,Brazil,56,Male,Manager,High School,0.0,6.12,103,1.37,2.59,0.75,1.14,1.61,5.7,1.05,39.86,1.9,5.6,63.6,Married,No,Rural,1.12,0.4,4G,OnePlus,Yes,7.5,2.57,Yes,19,98,18.19,global_mobile
11362,Brazil,70,Male,Salesperson,Master's,30722.74,5.78,74,3.14,1.98,2.81,1.45,1.97,6.08,0.34,1.74,6.8,3.5,92.63,Divorced,Yes,Rural,1.87,0.96,3G,Apple,Yes,5.5,17.41,Yes,11,77,49.37,global_mobile
11363,UK,17,Other,Unemployed,PhD,53838.7,5.06,102,3.76,1.98,2.86,1.57,3.6,6.13,1.88,98.56,2.6,0.0,15.66,Single,Yes,Urban,0.65,1.05,WiFi,OnePlus,Yes,7.5,18.09,No,8,68,47.53,global_mobile
11364,Russia,57,Male,Unemployed,Master's,47000.5,5.5,109,1.19,1.18,1.03,1.2,1.87,5.45,1.35,71.73,8.1,2.6,66.14,In Relationship,No,Urban,0.0,0.43,WiFi,Other,Yes,2.5,27.69,No,9,133,27.15,global_mobile
11365,Germany,61,Other,Unemployed,High School,28444.8,9.23,122,2.79,2.4,1.07,1.98,3.75,5.17,0.64,35.49,4.9,6.6,47.57,In Relationship,Yes,Urban,0.98,0.72,WiFi,Xiaomi,No,2.5,7.42,Yes,12,79,2.36,global_mobile
11366,Russia,17,Female,Artist,PhD,43242.28,7.84,66,1.6,3.46,3.31,1.21,3.4,6.42,1.23,6.62,4.4,4.3,32.82,Divorced,No,Rural,0.0,1.07,3G,Other,Yes,7.5,22.66,Yes,13,74,52.35,global_mobile
11367,China,26,Other,Salesperson,High School,13702.59,6.82,87,1.36,1.73,1.63,1.86,0.85,5.93,0.44,84.8,5.7,7.2,23.79,Divorced,No,Rural,0.0,0.38,3G,Samsung,Yes,7.5,19.75,No,19,135,93.99,global_mobile
11368,Germany,19,Male,Salesperson,PhD,41112.55,5.31,96,1.58,1.72,0.45,1.3,1.74,4.17,0.96,53.17,2.0,8.4,14.57,Single,No,Urban,1.67,1.24,5G,Other,No,5.5,29.01,Yes,14,165,51.28,global_mobile
11369,India,66,Other,Doctor,Bachelor's,31992.42,3.06,107,1.05,0.83,2.17,1.11,2.03,6.73,1.87,21.2,1.6,6.0,42.83,Divorced,Yes,Urban,1.65,0.88,4G,Samsung,Yes,5.5,20.6,Yes,16,72,37.58,global_mobile
11370,Mexico,32,Male,Salesperson,Bachelor's,18877.9,2.21,55,0.49,0.37,2.09,1.61,3.47,6.74,0.72,76.94,0.6,5.6,54.05,In Relationship,Yes,Urban,2.62,0.88,WiFi,Other,No,2.5,17.03,No,14,69,13.39,global_mobile
11371,UK,43,Male,Doctor,Bachelor's,34703.03,6.39,55,1.65,2.67,3.14,1.47,1.83,5.99,1.13,93.78,3.3,0.3,2.76,Single,Yes,Urban,1.78,1.35,WiFi,Other,No,9.5,15.43,Yes,9,57,33.43,global_mobile
11372,UK,19,Female,Engineer,Bachelor's,66405.96,6.74,87,2.65,2.01,2.06,1.61,0.93,6.11,1.4,37.63,2.8,0.6,70.03,In Relationship,Yes,Urban,0.75,0.71,3G,OnePlus,No,9.5,39.61,Yes,12,87,34.5,global_mobile
11373,Mexico,38,Male,Unemployed,Bachelor's,40140.77,4.0,60,1.67,1.95,2.01,1.2,1.25,7.28,0.69,35.68,6.3,0.9,19.45,Married,No,Rural,1.41,0.72,3G,Xiaomi,Yes,2.5,34.23,No,9,103,43.87,global_mobile
11374,Russia,67,Male,Unemployed,High School,29095.99,3.02,98,2.43,3.12,1.44,1.2,1.28,6.93,0.81,68.48,2.2,7.0,76.87,Single,Yes,Rural,0.0,0.97,5G,OnePlus,Yes,9.5,35.33,No,9,119,90.37,global_mobile
11375,Germany,45,Male,Doctor,,66920.34,4.55,96,3.94,0.57,2.04,1.8,3.49,6.81,0.94,65.68,8.7,8.7,81.91,Single,Yes,Urban,1.05,1.41,5G,OnePlus,No,2.5,33.43,Yes,11,98,73.91,global_mobile
11376,India,59,Male,Engineer,High School,21890.33,4.67,67,1.91,1.02,1.7,1.37,0.0,7.93,0.37,21.9,2.0,6.4,98.9,Married,No,Rural,0.66,0.0,WiFi,OnePlus,No,7.5,29.24,Yes,8,24,84.46,global_mobile
11377,Russia,58,Female,Manager,Master's,60536.4,8.11,74,1.7,0.12,1.37,1.8,3.34,5.27,0.48,47.16,2.9,4.3,87.0,Single,Yes,Rural,1.0,0.95,3G,OnePlus,Yes,9.5,20.21,No,15,70,58.54,global_mobile
11378,Russia,53,Other,Engineer,High School,33844.0,8.79,84,2.9,0.63,2.55,1.28,1.84,5.51,1.8,22.76,1.1,1.8,8.21,In Relationship,No,Urban,0.0,0.72,3G,Apple,Yes,7.5,19.25,No,14,134,15.01,global_mobile
11379,China,18,Male,Doctor,Bachelor's,26606.95,5.79,47,1.05,2.48,2.4,1.55,1.05,4.88,1.5,50.14,4.2,9.2,9.24,Divorced,No,Urban,1.55,0.35,WiFi,Apple,Yes,2.5,37.41,Yes,13,36,62.09,global_mobile
11380,Germany,40,Female,Unemployed,High School,53831.93,4.45,81,1.58,0.64,1.18,1.9,2.22,5.76,1.44,79.61,0.9,2.4,14.02,Single,Yes,Urban,2.67,1.21,4G,Xiaomi,Yes,7.5,25.89,Yes,20,88,2.13,global_mobile
11381,Germany,52,Other,Teacher,PhD,19575.34,6.15,51,2.72,1.07,4.29,1.53,2.37,5.09,0.6,69.13,5.1,1.3,28.49,Single,Yes,Urban,3.22,0.84,WiFi,Xiaomi,No,7.5,32.17,Yes,19,93,30.11,global_mobile
11382,Japan,13,Male,Engineer,High School,30307.67,5.75,87,1.82,2.22,2.76,2.03,1.99,5.24,1.11,45.96,3.9,5.4,87.42,Divorced,Yes,Urban,2.0,0.37,5G,OnePlus,No,5.5,20.5,No,15,122,39.13,global_mobile
11383,USA,48,Female,Unemployed,PhD,16222.75,4.28,109,3.55,1.73,3.24,1.79,1.36,7.41,1.42,64.96,7.9,3.3,16.1,Single,Yes,Urban,1.78,0.5,WiFi,Xiaomi,Yes,7.5,14.95,Yes,11,38,43.64,global_mobile
11384,Brazil,33,Female,Artist,Bachelor's,29670.68,5.05,53,0.0,1.72,2.55,1.91,2.0,5.76,1.39,89.8,1.0,3.4,55.37,Divorced,No,Rural,1.94,0.0,WiFi,Other,Yes,7.5,19.76,Yes,18,102,38.82,global_mobile
11385,India,50,Male,Manager,High School,61508.06,5.17,67,1.05,1.57,1.68,1.52,2.72,6.44,1.03,20.78,4.0,6.0,10.17,Single,Yes,Rural,2.09,0.42,WiFi,Apple,No,5.5,12.22,Yes,18,88,60.39,global_mobile
11386,China,63,Male,Engineer,Master's,22984.84,3.01,67,2.41,0.37,0.3,1.63,0.56,5.56,1.01,77.81,3.4,7.0,21.19,Divorced,No,Urban,1.58,1.15,4G,Apple,Yes,5.5,25.73,Yes,18,113,49.09,global_mobile
11387,UK,70,Other,Engineer,Master's,14319.27,4.19,98,2.64,1.97,1.25,0.93,2.2,6.3,1.12,80.53,0.5,3.6,76.09,In Relationship,Yes,Urban,2.67,0.87,WiFi,Xiaomi,Yes,2.5,25.29,No,12,96,79.43,global_mobile
11388,Mexico,13,Male,Engineer,High School,45552.15,5.65,84,1.85,2.45,0.53,0.0,2.14,6.58,0.41,18.69,6.5,8.3,39.3,Divorced,No,Urban,1.6,0.79,3G,Samsung,No,7.5,27.11,Yes,16,115,54.86,global_mobile
11389,Mexico,41,Other,Student,High School,9241.88,7.48,86,2.45,2.45,1.65,1.41,2.6,7.08,0.09,83.76,1.1,2.2,75.63,In Relationship,Yes,Urban,1.6,0.95,3G,Samsung,Yes,2.5,20.62,Yes,16,86,29.57,global_mobile
11390,Russia,23,Other,Salesperson,,14537.66,5.15,71,3.04,0.53,2.4,0.88,1.78,5.68,1.31,81.74,9.8,8.0,51.04,Divorced,Yes,Urban,1.21,0.23,5G,Huawei,No,5.5,21.4,No,14,129,87.64,global_mobile
11391,UK,53,Male,Student,Master's,48584.23,8.62,70,0.77,0.36,0.68,0.51,1.63,6.25,0.8,72.1,0.6,4.7,98.5,Divorced,No,Rural,1.64,0.29,4G,Xiaomi,No,7.5,23.8,Yes,9,67,78.42,global_mobile
11392,Germany,14,Other,Manager,,31444.72,6.46,121,2.07,1.06,1.48,1.25,2.23,8.18,0.56,37.06,8.4,9.9,23.0,Married,No,Urban,0.76,1.45,WiFi,Apple,Yes,5.5,20.49,No,9,110,9.8,global_mobile
11393,Nigeria,43,Male,Doctor,Master's,43363.9,2.86,105,0.26,1.3,1.4,1.81,2.91,7.22,1.17,40.42,1.9,0.9,14.93,Single,Yes,Rural,2.83,0.0,3G,Xiaomi,Yes,2.5,22.04,Yes,15,74,17.54,global_mobile
11394,UK,12,Other,Student,PhD,28839.07,6.84,47,2.32,2.24,0.46,2.61,1.68,5.05,1.41,81.59,2.9,2.3,19.76,Single,Yes,Urban,0.97,0.16,WiFi,Other,Yes,7.5,27.63,Yes,16,118,80.89,global_mobile
11395,Nigeria,36,Male,Engineer,Bachelor's,67252.41,4.44,64,1.01,1.89,1.74,0.75,3.67,7.37,0.96,80.17,4.2,2.3,67.23,Married,No,Rural,0.74,0.5,3G,Other,No,7.5,24.43,No,14,96,36.79,global_mobile
11396,UK,40,Female,Teacher,Master's,33017.24,9.04,115,1.76,0.0,0.0,2.54,1.17,6.26,0.77,85.46,4.7,2.9,39.05,Divorced,No,Rural,0.0,0.52,WiFi,OnePlus,Yes,2.5,41.52,No,18,130,66.1,global_mobile
11397,USA,29,Female,Student,,9931.03,5.09,70,1.23,1.82,4.02,1.49,3.2,6.1,1.24,17.33,5.7,0.2,13.95,Divorced,Yes,Rural,1.49,1.24,3G,Samsung,No,7.5,7.4,No,8,84,78.76,global_mobile
11398,UK,29,Male,Teacher,High School,43334.41,6.14,71,1.36,1.94,0.49,1.14,4.08,6.55,1.82,60.53,5.2,9.8,44.31,In Relationship,No,Urban,1.27,1.77,5G,Other,Yes,7.5,21.93,No,18,90,65.47,global_mobile
11399,Nigeria,53,Female,Salesperson,PhD,47574.53,5.93,52,3.58,2.39,1.83,2.58,2.82,6.94,0.98,64.78,9.4,6.0,89.66,Married,Yes,Rural,0.28,1.68,5G,Huawei,Yes,7.5,17.01,Yes,12,134,44.08,global_mobile
11400,Brazil,60,Male,Doctor,PhD,30652.92,6.27,69,1.62,2.23,1.97,1.46,1.14,6.44,1.29,21.34,9.5,1.9,55.48,Divorced,No,Rural,1.3,0.84,5G,Other,No,2.5,43.15,No,15,99,82.68,global_mobile
11401,Germany,18,Female,Manager,,46652.48,5.72,60,0.86,2.39,0.8,1.31,2.74,6.56,1.6,7.25,2.1,9.8,64.25,Married,No,Rural,1.33,1.64,5G,Other,No,9.5,23.59,Yes,9,132,68.14,global_mobile
11402,Mexico,54,Female,Salesperson,Master's,24791.76,5.93,75,2.72,1.73,2.73,1.85,2.87,5.56,1.22,9.54,0.6,6.5,23.29,Divorced,No,Rural,0.87,0.97,4G,OnePlus,No,5.5,7.41,No,9,147,90.18,global_mobile
11403,Mexico,38,Other,Engineer,Bachelor's,15505.97,7.48,103,0.0,0.55,1.36,1.43,1.94,8.26,0.57,69.77,1.7,5.7,39.69,Divorced,Yes,Rural,1.63,1.08,5G,OnePlus,Yes,7.5,51.93,No,16,100,64.52,global_mobile
11404,Mexico,13,Female,Artist,PhD,37744.48,7.88,75,2.51,1.45,2.98,2.33,1.38,7.11,0.98,89.89,2.6,7.9,31.28,Divorced,No,Urban,1.67,1.0,WiFi,Apple,No,7.5,19.72,Yes,16,116,26.68,global_mobile
11405,China,59,Female,Manager,Bachelor's,0.0,7.31,72,0.29,1.03,2.35,2.18,0.71,7.11,1.36,63.49,9.5,7.6,10.85,Divorced,Yes,Rural,0.14,0.86,WiFi,Apple,No,2.5,29.78,Yes,20,105,37.47,global_mobile
11406,China,59,Other,Artist,Bachelor's,28964.49,8.39,103,1.48,1.05,1.92,1.12,3.16,6.72,0.96,39.39,3.9,7.1,37.49,Divorced,No,Urban,1.1,0.62,4G,OnePlus,Yes,5.5,32.01,No,8,143,93.43,global_mobile
11407,India,48,Other,Salesperson,,33803.85,6.31,92,2.73,0.65,3.01,1.36,2.74,5.57,0.63,75.4,3.9,1.1,17.35,In Relationship,No,Urban,1.69,1.07,3G,OnePlus,Yes,2.5,19.73,Yes,12,118,15.37,global_mobile
11408,Brazil,60,Other,Doctor,,38840.82,3.5,55,1.39,1.16,1.32,2.4,0.92,7.66,1.98,22.51,7.8,0.1,39.58,Single,Yes,Urban,0.0,1.13,4G,Xiaomi,No,9.5,23.56,No,18,118,70.31,global_mobile
11409,UK,25,Male,Student,,25826.51,4.1,76,2.86,1.96,1.6,0.62,0.0,6.68,1.41,32.49,1.6,8.1,75.58,In Relationship,Yes,Urban,1.53,0.23,4G,Samsung,Yes,5.5,40.57,Yes,12,142,16.09,global_mobile
11410,China,53,Male,Manager,High School,32200.47,6.49,36,2.27,2.4,2.24,1.57,1.54,7.14,1.48,78.29,5.5,0.6,75.24,Single,Yes,Rural,1.15,0.64,WiFi,Apple,No,2.5,11.79,Yes,11,88,97.42,global_mobile
11411,China,27,Female,Engineer,Bachelor's,21614.69,8.15,52,3.05,0.75,2.86,2.15,3.15,5.44,0.84,31.69,6.5,2.7,99.41,Single,No,Urban,0.85,0.72,4G,Apple,No,5.5,31.14,No,20,56,0.7,global_mobile
11412,Mexico,50,Female,Salesperson,Bachelor's,6459.73,8.13,66,1.47,3.87,2.86,1.58,2.35,3.98,1.51,95.53,6.8,7.5,31.39,Divorced,Yes,Rural,0.96,1.43,4G,Xiaomi,Yes,9.5,27.11,Yes,17,46,31.36,global_mobile
11413,Japan,39,Other,Doctor,Master's,39509.75,4.67,7,2.77,1.7,1.25,1.53,2.93,5.03,1.12,71.63,9.8,4.9,47.62,Single,No,Urban,1.13,0.21,3G,Xiaomi,Yes,2.5,26.82,No,11,142,73.49,global_mobile
11414,Brazil,68,Female,Doctor,Master's,38823.53,8.8,83,2.67,1.74,0.8,1.4,2.22,7.67,0.87,87.54,6.2,4.3,77.63,Divorced,Yes,Rural,2.04,1.16,3G,Samsung,No,5.5,23.32,Yes,11,129,98.69,global_mobile
11415,Mexico,44,Female,Salesperson,,11613.41,7.74,72,0.0,2.34,3.73,2.67,0.88,6.14,0.46,50.08,9.4,1.4,22.18,Married,No,Rural,1.72,1.65,3G,Samsung,Yes,2.5,16.7,Yes,12,93,24.13,global_mobile
11416,Germany,68,Other,Engineer,Master's,12687.7,3.81,68,1.82,1.9,1.2,1.47,0.76,6.91,1.03,73.63,8.9,3.2,62.47,Single,No,Rural,1.17,0.97,WiFi,Huawei,No,2.5,43.92,Yes,18,108,61.79,global_mobile
11417,China,32,Other,Unemployed,Master's,16862.73,5.93,65,2.05,1.1,1.51,1.23,1.58,6.43,1.32,62.04,7.0,4.7,87.07,In Relationship,Yes,Urban,1.48,0.43,5G,OnePlus,Yes,7.5,24.01,No,18,49,46.74,global_mobile
11418,Germany,23,Other,Manager,Master's,41218.21,7.28,111,1.57,1.19,3.05,2.32,1.68,5.54,1.19,65.67,8.8,9.9,97.07,In Relationship,Yes,Rural,0.73,1.59,3G,Huawei,No,7.5,31.01,No,18,69,56.39,global_mobile
11419,USA,23,Male,Doctor,,29200.17,1.33,60,2.98,0.92,2.35,1.8,0.84,5.94,1.14,23.75,6.6,0.2,28.25,Divorced,Yes,Rural,1.72,0.77,4G,Huawei,No,2.5,20.92,Yes,11,134,62.12,global_mobile
11420,Nigeria,26,Other,Salesperson,Master's,33313.05,4.45,31,4.47,1.94,3.87,2.0,3.45,3.63,0.73,47.94,9.8,2.6,69.37,In Relationship,Yes,Rural,1.93,0.16,4G,Huawei,Yes,7.5,31.99,Yes,19,121,22.1,global_mobile
11421,Japan,25,Other,Teacher,High School,12862.18,6.74,101,1.31,3.29,3.31,2.6,1.29,5.9,0.0,59.86,1.7,5.7,50.05,Married,Yes,Rural,1.74,0.57,4G,Huawei,No,9.5,32.69,Yes,10,95,20.53,global_mobile
11422,Brazil,68,Male,Teacher,,44678.78,8.81,61,1.44,1.9,1.76,1.23,0.0,6.53,1.11,69.51,4.4,5.7,90.3,Divorced,No,Rural,1.22,0.53,3G,Samsung,Yes,7.5,31.05,Yes,13,113,66.49,global_mobile
11423,Japan,54,Other,Unemployed,,31656.16,5.34,39,0.93,0.93,2.15,1.88,1.18,4.83,1.28,8.43,8.9,6.8,7.81,Divorced,No,Urban,0.42,0.72,4G,Apple,No,9.5,25.93,Yes,13,118,34.59,global_mobile
11424,Mexico,43,Female,Unemployed,Bachelor's,39587.36,4.86,86,1.63,2.03,1.57,1.96,2.72,7.52,0.6,6.55,3.3,2.6,20.99,Married,No,Rural,1.65,0.69,3G,Other,Yes,9.5,13.91,No,19,146,36.13,global_mobile
11425,China,37,Male,Teacher,High School,13279.32,9.18,51,2.34,2.04,1.51,1.45,2.48,5.73,1.07,77.21,7.0,3.8,88.83,In Relationship,No,Urban,2.18,0.88,WiFi,Other,Yes,9.5,39.95,No,16,102,29.56,global_mobile
11426,India,36,Male,Artist,Master's,47970.45,7.24,68,2.06,0.54,3.38,1.74,2.69,7.09,1.33,22.2,9.0,2.3,2.65,In Relationship,No,Urban,2.09,0.35,5G,Other,No,5.5,29.71,No,8,109,38.73,global_mobile
11427,USA,40,Other,Salesperson,Master's,0.0,2.75,45,2.07,2.08,2.36,1.2,2.7,8.6,0.59,80.11,7.7,1.8,35.06,Married,Yes,Urban,2.67,0.55,WiFi,Huawei,No,9.5,21.71,Yes,10,92,82.39,global_mobile
11428,Mexico,52,Male,Teacher,PhD,9137.9,2.36,56,2.15,1.51,1.38,1.49,4.01,9.12,0.86,35.39,5.3,0.9,79.03,Married,No,Urban,1.57,0.0,4G,OnePlus,Yes,5.5,5.7,No,20,137,70.29,global_mobile
11429,Japan,39,Female,Teacher,High School,11827.64,5.41,91,2.25,2.48,1.42,1.0,2.58,5.23,0.44,18.98,0.4,2.5,77.35,Single,No,Urban,1.91,1.06,4G,Apple,Yes,2.5,18.87,Yes,16,69,96.71,global_mobile
11430,Mexico,38,Male,Doctor,PhD,14358.22,4.49,78,3.81,1.03,2.59,0.98,0.97,5.23,0.58,21.19,3.9,9.5,59.17,Single,No,Rural,1.52,0.34,WiFi,Other,Yes,9.5,31.32,No,19,164,74.62,global_mobile
11431,China,30,Female,Unemployed,High School,12881.81,6.97,61,3.32,3.14,1.08,2.04,2.48,8.67,1.44,29.08,1.1,5.7,20.79,Single,No,Rural,2.41,0.74,4G,Huawei,Yes,5.5,7.16,No,8,87,21.93,global_mobile
11432,India,40,Female,Artist,High School,41999.22,7.39,87,2.89,2.6,3.49,2.11,1.89,7.4,0.0,40.16,1.4,2.4,24.83,In Relationship,No,Rural,2.85,0.45,4G,Other,Yes,2.5,18.27,No,8,134,31.17,global_mobile
11433,UK,61,Male,Teacher,High School,30155.88,4.46,144,3.21,1.28,2.54,1.83,2.98,7.57,0.09,98.94,8.2,2.1,84.0,In Relationship,No,Rural,1.71,0.57,WiFi,OnePlus,Yes,2.5,27.93,No,20,124,38.83,global_mobile
11434,Nigeria,53,Male,Engineer,Bachelor's,38827.54,7.26,53,1.39,0.94,0.59,1.52,2.0,7.28,1.72,65.94,3.6,5.1,72.39,Married,Yes,Rural,0.95,1.15,4G,Apple,No,5.5,25.64,No,9,116,96.21,global_mobile
11435,Russia,21,Male,Salesperson,High School,24525.94,4.77,75,2.17,0.45,3.07,2.66,2.63,6.51,1.06,46.96,6.3,7.5,56.69,Single,Yes,Rural,1.39,0.87,3G,OnePlus,No,7.5,42.94,No,9,99,16.41,global_mobile
11436,Brazil,48,Male,Unemployed,Master's,65125.37,5.4,86,2.21,1.0,0.0,1.77,0.06,7.11,1.64,12.25,6.5,4.4,44.98,Married,Yes,Rural,2.18,0.56,WiFi,Huawei,No,2.5,47.41,Yes,20,106,33.4,global_mobile
11437,Brazil,17,Other,Engineer,Master's,38304.19,8.06,106,2.33,0.94,2.65,2.02,3.04,6.27,1.04,52.07,3.0,8.6,85.37,In Relationship,Yes,Rural,0.74,0.0,4G,OnePlus,Yes,7.5,1.83,No,12,101,21.37,global_mobile
11438,Germany,12,Other,Unemployed,High School,46554.64,3.32,30,1.19,0.0,0.0,0.25,2.76,6.82,1.23,97.1,7.4,2.4,4.46,Single,No,Urban,2.16,0.46,3G,Other,No,9.5,9.5,Yes,10,96,4.46,global_mobile
11439,Mexico,38,Male,Doctor,High School,33595.85,2.57,77,1.76,0.79,2.84,2.71,1.54,6.98,1.07,16.15,2.6,0.3,80.03,Divorced,Yes,Rural,1.8,1.34,4G,Other,No,9.5,10.01,Yes,9,113,78.7,global_mobile
11440,Brazil,66,Male,Teacher,PhD,34378.6,6.93,52,1.16,0.94,1.37,1.51,2.27,7.92,1.23,42.18,6.9,0.7,9.39,Divorced,No,Urban,1.93,0.72,5G,Apple,Yes,5.5,40.49,No,9,89,56.37,global_mobile
11441,India,37,Female,Artist,,21272.4,7.12,115,2.44,2.29,2.63,1.27,1.77,5.99,1.83,87.36,1.6,1.4,68.24,In Relationship,No,Urban,2.49,1.37,4G,Samsung,No,7.5,36.46,No,11,47,55.94,global_mobile
11442,Japan,57,Female,Teacher,Master's,21524.59,5.41,96,1.09,0.35,1.54,0.4,2.29,5.47,0.53,58.49,0.2,9.5,65.97,Married,No,Urban,2.35,1.16,WiFi,Other,Yes,5.5,30.05,No,14,48,85.52,global_mobile
11443,UK,52,Male,Artist,Master's,45132.82,5.35,48,3.53,2.83,2.21,0.6,1.62,8.09,1.23,64.22,2.8,1.6,40.04,Divorced,Yes,Urban,2.32,0.1,4G,Other,No,5.5,23.6,No,20,75,7.1,global_mobile
11444,Japan,35,Female,Doctor,High School,242.4,5.5,57,1.33,2.2,0.3,1.96,1.86,7.69,1.15,35.1,4.8,9.5,77.39,Married,No,Rural,1.75,0.99,4G,Apple,No,7.5,0.0,No,10,97,91.1,global_mobile
11445,Japan,43,Female,Student,High School,39858.65,3.97,109,2.47,1.45,1.8,1.85,1.08,7.16,0.62,31.34,5.8,5.7,50.48,Divorced,No,Rural,2.75,0.46,4G,Other,Yes,7.5,28.17,No,11,35,22.63,global_mobile
11446,UK,62,Other,Unemployed,,24907.78,1.94,81,2.33,2.87,2.26,1.74,1.93,6.93,2.0,27.72,0.4,3.9,96.11,In Relationship,No,Rural,1.78,1.63,3G,Xiaomi,Yes,7.5,18.47,No,11,72,20.24,global_mobile
11447,India,52,Male,Engineer,Bachelor's,25402.97,2.86,85,2.46,3.35,1.55,2.12,2.23,5.01,1.22,34.3,1.5,3.5,60.49,Single,Yes,Rural,2.6,0.22,5G,Other,No,2.5,42.41,Yes,12,129,38.97,global_mobile
11448,Germany,19,Other,Artist,,34768.23,6.08,48,2.39,2.84,2.04,0.75,0.74,5.43,1.23,69.9,3.8,5.2,51.49,Married,Yes,Rural,0.0,0.25,3G,Other,No,5.5,23.4,Yes,17,133,12.85,global_mobile
11449,Mexico,29,Female,Student,Master's,42905.37,7.98,100,0.79,1.48,1.27,1.15,2.3,8.28,0.9,27.53,7.2,5.0,1.74,Single,Yes,Rural,0.9,1.03,5G,Other,No,9.5,18.62,Yes,12,53,74.35,global_mobile
11450,UK,33,Female,Unemployed,PhD,23459.67,5.89,94,0.94,0.04,3.26,1.84,2.58,7.68,1.89,75.36,6.0,4.5,33.82,Single,Yes,Rural,1.54,0.45,5G,OnePlus,Yes,7.5,31.03,No,14,75,8.04,global_mobile
11451,Japan,31,Male,Doctor,PhD,23998.31,3.51,55,1.96,2.0,3.05,2.12,1.6,6.36,0.68,4.39,2.0,1.4,69.84,In Relationship,No,Rural,1.31,1.51,4G,Other,Yes,5.5,22.69,No,8,103,81.99,global_mobile
11452,Russia,17,Female,Student,PhD,29225.79,3.51,62,1.7,2.88,1.53,1.82,3.28,4.93,0.7,70.49,6.1,1.6,46.36,Single,Yes,Urban,1.89,0.0,WiFi,Xiaomi,Yes,9.5,35.6,No,17,96,73.04,global_mobile
11453,Nigeria,19,Other,Manager,,43824.45,4.05,98,1.63,2.05,0.17,1.38,3.93,5.86,1.64,93.45,1.2,0.2,18.49,Married,No,Urban,1.19,1.23,WiFi,Apple,Yes,7.5,27.07,Yes,8,148,75.61,global_mobile
11454,Mexico,55,Male,Unemployed,PhD,57164.02,8.52,94,1.76,2.85,3.25,1.4,1.62,7.04,0.67,61.76,0.6,6.8,22.5,Single,No,Rural,0.62,0.97,WiFi,Other,No,5.5,25.05,No,17,108,63.44,global_mobile
11455,Brazil,58,Male,Doctor,,35209.0,6.02,54,2.51,2.22,1.28,1.07,1.83,7.92,1.26,85.06,1.0,6.2,73.3,Divorced,Yes,Rural,0.52,1.08,4G,Xiaomi,No,2.5,19.25,No,19,119,13.14,global_mobile
11456,UK,25,Male,Teacher,Master's,39701.98,9.55,86,1.56,1.22,2.65,1.94,0.6,4.99,0.78,17.49,6.6,1.6,52.13,Married,No,Rural,1.74,0.94,WiFi,Samsung,Yes,9.5,18.82,Yes,19,95,2.93,global_mobile
11457,Japan,31,Male,Manager,,8683.17,5.05,89,0.28,0.71,2.3,1.94,1.03,5.16,0.33,6.64,0.6,0.3,51.2,Married,No,Urban,1.13,0.26,3G,Apple,Yes,9.5,15.62,No,11,121,47.7,global_mobile
11458,India,34,Male,Doctor,,6286.89,6.29,129,1.59,0.8,3.97,1.41,0.26,7.76,0.16,56.76,9.2,4.5,31.86,Single,No,Urban,1.19,0.7,5G,Apple,No,2.5,21.15,Yes,18,132,43.18,global_mobile
11459,Japan,68,Female,Teacher,Bachelor's,23788.25,5.63,105,1.44,2.44,1.71,2.35,2.57,8.0,1.16,58.72,3.9,6.3,96.28,Single,Yes,Urban,1.6,0.75,5G,Samsung,No,9.5,29.38,No,18,127,19.4,global_mobile
11460,Brazil,44,Female,Unemployed,High School,25050.75,4.69,73,1.34,0.77,0.81,0.79,2.84,5.7,1.21,10.87,4.7,4.8,83.82,Married,No,Rural,0.82,1.28,5G,Apple,Yes,7.5,27.75,No,10,102,40.92,global_mobile
11461,Germany,38,Male,Student,Master's,25613.1,5.58,23,3.38,0.0,1.38,0.73,0.0,7.88,0.14,98.06,3.2,0.4,64.7,In Relationship,No,Urban,1.6,0.35,4G,Apple,No,5.5,1.78,Yes,8,114,39.53,global_mobile
11462,China,38,Male,Student,,42765.31,4.09,82,1.68,1.75,2.08,1.39,3.79,5.25,1.11,69.86,1.5,2.8,4.63,Single,No,Urban,1.39,0.25,3G,Apple,No,5.5,11.68,Yes,12,107,44.11,global_mobile
11463,Russia,57,Other,Artist,High School,5182.88,2.27,65,0.87,1.08,2.19,1.59,2.48,6.93,1.2,84.86,3.6,7.7,47.72,In Relationship,Yes,Rural,2.2,0.55,4G,OnePlus,No,7.5,33.19,No,18,71,59.04,global_mobile
11464,USA,27,Male,Artist,,39337.56,6.11,50,2.89,1.73,1.68,1.38,3.26,7.7,1.05,36.96,0.9,0.7,3.82,Divorced,Yes,Urban,0.93,1.27,4G,Xiaomi,Yes,5.5,25.76,No,19,85,80.75,global_mobile
11465,UK,68,Other,Doctor,,31043.53,8.74,74,1.68,1.09,3.88,0.69,2.11,5.67,0.25,59.39,0.2,5.3,3.26,Married,Yes,Rural,1.94,0.8,4G,Xiaomi,No,7.5,34.11,No,10,72,71.2,global_mobile
11466,Nigeria,60,Female,Student,Bachelor's,25318.42,6.93,97,3.25,0.59,2.81,1.65,2.3,6.49,1.38,14.02,1.7,9.6,62.38,Married,Yes,Rural,1.4,0.0,3G,OnePlus,Yes,2.5,25.79,No,10,102,68.8,global_mobile
11467,Japan,42,Female,Engineer,,31361.18,3.84,96,2.97,2.05,2.77,1.66,0.77,6.55,0.86,48.67,7.3,0.5,11.27,In Relationship,No,Urban,0.32,0.74,5G,Huawei,Yes,9.5,27.84,No,11,110,44.0,global_mobile
11468,Germany,67,Other,Unemployed,Master's,41537.12,9.49,49,2.35,0.33,4.11,1.32,1.47,8.0,1.17,7.85,3.8,7.8,23.83,Married,Yes,Rural,0.12,0.82,WiFi,Apple,No,9.5,17.61,Yes,19,142,13.44,global_mobile
11469,China,20,Male,Student,Bachelor's,42357.28,7.57,83,2.47,1.69,2.78,1.72,3.03,5.32,0.87,14.54,2.6,2.0,72.47,Single,Yes,Urban,1.83,0.47,3G,Xiaomi,Yes,2.5,29.85,No,8,54,59.98,global_mobile
11470,Brazil,55,Male,Salesperson,PhD,27245.2,4.3,78,1.11,0.64,2.74,1.9,1.88,6.84,0.67,9.04,1.8,9.4,97.74,Single,Yes,Urban,0.92,0.37,WiFi,Samsung,No,5.5,23.89,No,12,110,94.29,global_mobile
11471,India,21,Other,Artist,High School,21365.59,3.76,88,0.94,1.2,1.77,0.28,2.21,5.77,1.18,14.54,2.1,3.5,98.55,Divorced,No,Urban,1.21,0.72,4G,Samsung,Yes,9.5,25.78,No,16,74,57.38,global_mobile
11472,India,53,Male,Salesperson,,45584.56,6.8,103,0.89,1.82,2.21,2.02,1.69,6.34,1.2,13.74,1.2,6.4,8.47,Married,No,Rural,2.55,0.84,5G,OnePlus,Yes,5.5,29.14,No,15,149,61.12,global_mobile
11473,Mexico,37,Female,Teacher,Master's,2653.88,8.44,65,3.85,1.07,2.02,1.4,1.82,8.22,0.17,60.3,5.4,4.5,71.33,Divorced,No,Urban,1.12,0.0,3G,Xiaomi,Yes,9.5,18.78,No,10,107,88.23,global_mobile
11474,USA,48,Female,Manager,Master's,6066.53,5.33,61,0.34,1.11,3.73,1.8,1.54,6.96,1.17,78.94,0.0,1.1,84.99,Single,No,Rural,0.99,0.59,3G,Samsung,Yes,9.5,19.34,Yes,18,103,31.13,global_mobile
11475,Brazil,14,Other,Artist,High School,39284.61,6.06,136,2.85,0.81,3.78,1.52,2.91,5.93,1.49,79.38,1.4,3.0,40.33,Married,No,Rural,1.68,0.19,WiFi,Xiaomi,Yes,5.5,44.99,Yes,12,92,48.34,global_mobile
11476,Germany,35,Other,Student,Master's,19086.57,4.65,112,1.14,0.0,0.6,1.68,0.81,6.62,1.03,36.37,9.8,5.8,38.36,Single,No,Rural,1.26,0.0,WiFi,Xiaomi,No,5.5,29.65,No,15,108,83.53,global_mobile
11477,Nigeria,26,Female,Salesperson,PhD,20395.02,7.93,106,2.38,1.19,2.33,1.46,2.37,5.84,0.36,84.51,6.0,4.3,76.23,Married,Yes,Urban,1.24,0.96,WiFi,Other,No,5.5,38.25,Yes,13,125,7.18,global_mobile
11478,China,59,Other,Salesperson,,34390.85,7.26,86,1.03,4.13,4.0,2.23,1.08,6.53,0.76,50.81,2.9,3.4,1.07,Divorced,Yes,Rural,0.33,0.74,5G,Samsung,Yes,9.5,19.2,No,10,93,53.55,global_mobile
11479,China,70,Female,Student,Bachelor's,56860.47,9.49,65,0.69,3.09,1.91,0.85,2.34,5.18,0.77,96.92,2.1,2.1,5.3,Married,Yes,Rural,1.16,0.51,4G,OnePlus,Yes,9.5,25.81,Yes,17,120,74.13,global_mobile
11480,USA,23,Male,Unemployed,Master's,22732.93,10.63,74,5.05,2.19,3.11,1.56,2.08,8.1,1.11,10.13,8.7,4.3,1.34,Divorced,No,Urban,2.55,0.31,5G,Other,No,9.5,22.83,No,20,15,37.47,global_mobile
11481,Mexico,63,Female,Salesperson,PhD,42884.49,9.41,67,2.09,2.0,2.33,1.02,1.69,5.58,0.52,82.43,4.0,5.5,40.43,Married,No,Rural,0.67,1.24,WiFi,Huawei,No,9.5,47.64,No,12,78,77.77,global_mobile
11482,Germany,60,Male,Salesperson,Master's,21440.35,5.88,95,3.49,2.3,3.45,1.49,2.09,6.69,0.63,81.22,6.9,2.1,67.41,Single,No,Rural,0.78,0.74,5G,OnePlus,No,9.5,39.47,Yes,16,151,16.04,global_mobile
11483,India,67,Other,Student,Master's,46684.89,6.56,82,1.6,2.33,3.15,1.67,3.45,7.59,0.52,72.24,4.0,4.3,52.37,In Relationship,No,Rural,2.28,1.11,3G,Apple,Yes,9.5,21.21,Yes,20,112,68.45,global_mobile
11484,India,47,Female,Manager,,31444.38,6.88,80,2.63,1.16,2.25,1.63,0.87,5.79,1.0,42.58,9.5,9.0,3.32,Married,No,Urban,1.32,0.37,4G,Samsung,Yes,5.5,20.43,Yes,10,120,18.79,global_mobile
11485,USA,34,Female,Doctor,,37995.86,9.54,17,2.52,0.33,0.0,1.37,0.03,6.6,0.7,88.15,1.3,6.3,57.61,Divorced,Yes,Rural,1.39,1.07,3G,Apple,Yes,7.5,14.57,Yes,9,78,23.42,global_mobile
11486,India,47,Other,Student,Bachelor's,32082.74,5.32,126,0.52,0.0,2.69,1.9,3.08,6.17,1.04,84.67,0.5,2.6,20.42,Single,No,Rural,0.5,1.21,WiFi,Samsung,No,2.5,14.18,Yes,13,71,49.85,global_mobile
11487,China,22,Female,Artist,High School,44760.68,6.16,119,2.29,1.61,1.25,2.21,3.1,4.47,0.83,49.46,5.3,8.0,50.75,Married,No,Urban,0.43,0.17,3G,Other,No,5.5,26.35,No,16,125,41.37,global_mobile
11488,Germany,51,Female,Salesperson,,12887.5,7.24,72,0.42,3.04,3.02,1.45,3.12,5.91,0.9,23.83,2.6,7.0,37.56,Married,No,Rural,1.44,0.07,WiFi,Samsung,No,2.5,36.55,No,12,110,54.8,global_mobile
11489,Russia,53,Male,Doctor,Master's,23178.97,7.71,47,2.09,1.15,1.77,1.83,3.42,5.19,1.72,26.93,4.7,7.8,91.22,Divorced,No,Urban,0.04,0.58,5G,OnePlus,No,2.5,22.26,Yes,14,86,73.58,global_mobile
11490,Japan,47,Other,Teacher,Master's,63721.57,7.07,72,1.76,2.21,3.04,1.23,1.05,8.27,2.65,24.15,8.7,5.5,49.39,Married,Yes,Urban,0.99,1.03,4G,Xiaomi,Yes,9.5,12.83,Yes,10,79,10.65,global_mobile
11491,Japan,19,Male,Teacher,Bachelor's,9328.64,3.77,104,3.01,1.06,2.13,1.47,3.54,4.71,1.32,62.26,1.1,8.4,93.09,Divorced,No,Rural,0.85,0.0,5G,Other,Yes,9.5,22.08,Yes,10,121,38.35,global_mobile
11492,Japan,28,Other,Engineer,PhD,31765.27,4.33,60,1.26,1.51,2.3,1.12,0.95,6.99,0.84,91.84,1.2,8.5,49.58,In Relationship,Yes,Urban,1.37,0.4,WiFi,Samsung,Yes,7.5,38.72,Yes,19,115,10.32,global_mobile
11493,India,59,Male,Unemployed,Bachelor's,40296.59,7.63,64,1.6,0.96,0.68,1.59,0.57,7.08,2.13,46.39,4.5,3.8,80.58,Married,Yes,Rural,0.54,0.79,5G,Xiaomi,No,7.5,22.18,No,9,134,26.49,global_mobile
11494,Germany,65,Other,Salesperson,PhD,46839.44,8.0,122,0.0,2.46,1.88,1.83,2.65,5.77,0.75,36.55,0.2,2.8,82.72,Single,No,Rural,1.1,0.89,5G,Other,No,7.5,17.34,Yes,18,131,93.16,global_mobile
11495,Nigeria,14,Male,Manager,Master's,49190.34,4.12,8,1.87,2.68,2.08,1.83,2.44,5.72,1.15,87.13,8.9,1.9,47.21,Divorced,No,Urban,3.08,0.33,5G,Huawei,No,7.5,5.52,No,11,124,90.45,global_mobile
11496,USA,39,Other,Student,PhD,41668.39,2.21,146,0.78,2.16,0.45,2.31,2.49,8.36,0.85,40.51,7.1,4.8,12.88,Single,No,Urban,0.69,1.91,4G,Other,No,9.5,39.96,No,10,105,33.68,global_mobile
11497,Mexico,55,Male,Artist,PhD,23866.58,5.58,118,1.42,2.27,2.45,1.2,2.65,7.84,1.78,63.67,0.6,8.7,34.86,In Relationship,Yes,Urban,2.26,0.4,5G,Huawei,No,2.5,15.51,Yes,9,96,64.54,global_mobile
11498,India,64,Female,Unemployed,,33754.15,7.28,126,1.12,1.09,2.61,2.6,2.62,6.68,1.25,21.1,6.5,5.2,21.63,Single,Yes,Rural,1.32,1.16,3G,Xiaomi,No,2.5,14.79,No,12,70,37.21,global_mobile
11499,Nigeria,37,Male,Doctor,High School,25951.86,6.46,94,0.74,0.0,0.93,1.03,2.76,6.01,1.43,57.35,5.4,1.5,49.6,Married,No,Urban,0.02,1.09,3G,Xiaomi,Yes,2.5,34.4,No,19,118,92.14,global_mobile
11500,India,48,Female,Unemployed,Bachelor's,11360.21,6.1,106,1.4,3.79,2.0,1.96,1.47,5.17,0.81,18.46,4.9,2.5,36.71,Single,No,Urban,0.0,0.0,3G,Xiaomi,Yes,9.5,31.89,No,19,83,55.77,global_mobile
11501,Germany,60,Other,Salesperson,,47133.4,4.72,116,3.05,3.25,1.61,1.92,1.56,6.52,1.51,87.6,8.2,2.4,38.89,Divorced,No,Urban,1.03,1.67,5G,Other,No,2.5,23.2,Yes,10,112,66.16,global_mobile
11502,Japan,59,Male,Unemployed,,44770.99,4.43,44,4.24,1.6,1.95,1.06,2.35,4.99,1.24,69.13,3.9,7.1,26.65,Single,Yes,Urban,2.24,1.04,3G,OnePlus,Yes,9.5,14.56,No,11,84,71.45,global_mobile
11503,China,64,Other,Artist,PhD,32941.16,7.01,64,2.06,1.77,2.87,0.76,3.23,5.91,1.49,39.05,0.4,8.4,79.2,Married,No,Rural,3.19,0.85,5G,Huawei,No,5.5,51.18,No,9,65,65.27,global_mobile
11504,Mexico,18,Female,Engineer,High School,14242.98,3.82,93,1.19,1.95,2.16,0.84,2.06,7.67,0.9,56.85,6.3,1.8,6.42,In Relationship,Yes,Urban,1.25,0.5,3G,OnePlus,No,7.5,15.79,Yes,15,110,10.67,global_mobile
11505,Russia,61,Male,Engineer,PhD,27733.61,6.35,92,2.23,0.0,0.88,1.7,3.02,6.31,1.69,10.24,0.5,7.2,79.3,Single,Yes,Urban,0.92,0.52,WiFi,Other,Yes,5.5,25.6,No,16,76,16.98,global_mobile
11506,Brazil,42,Other,Teacher,Master's,22373.71,3.86,55,1.54,2.17,1.25,0.36,2.47,5.54,0.66,96.06,4.0,5.4,62.76,In Relationship,No,Rural,1.17,0.4,4G,Samsung,No,5.5,38.98,No,8,108,17.15,global_mobile
11507,Brazil,35,Female,Salesperson,High School,34696.38,6.5,96,2.18,2.47,2.89,2.34,2.07,6.91,0.84,29.96,9.6,6.2,22.64,Single,Yes,Rural,2.9,1.17,5G,Huawei,Yes,7.5,27.53,Yes,20,71,58.56,global_mobile
11508,China,41,Male,Unemployed,Master's,27055.23,0.06,78,0.51,1.73,1.56,1.43,4.07,6.53,1.66,73.51,5.8,3.1,41.11,In Relationship,No,Rural,2.85,0.68,4G,Huawei,No,2.5,32.28,No,10,78,59.55,global_mobile
11509,UK,48,Other,Teacher,Bachelor's,0.0,5.49,84,2.1,0.72,1.97,1.42,2.88,8.53,0.51,96.73,1.1,9.5,63.07,Divorced,Yes,Rural,0.43,1.26,4G,Huawei,No,2.5,22.55,No,17,124,28.7,global_mobile
11510,Brazil,16,Female,Salesperson,High School,55887.38,5.13,31,2.98,2.4,2.17,0.18,3.81,5.17,1.19,77.7,9.5,1.6,92.69,Married,Yes,Rural,1.97,0.46,5G,Huawei,No,5.5,38.09,No,11,127,88.89,global_mobile
11511,UK,26,Male,Teacher,Bachelor's,35800.94,6.54,90,3.41,2.03,2.67,1.73,1.82,7.22,0.19,30.56,1.6,2.0,75.27,Single,Yes,Urban,1.74,0.16,5G,Apple,No,7.5,22.44,No,12,88,33.65,global_mobile
11512,UK,60,Male,Manager,High School,27980.36,6.69,104,3.53,1.36,1.55,1.94,3.47,6.01,0.84,67.44,9.3,3.4,6.43,Divorced,Yes,Urban,2.32,1.66,3G,Xiaomi,No,9.5,21.08,Yes,20,88,85.23,global_mobile
11513,China,36,Other,Artist,PhD,47067.11,5.22,107,1.47,0.64,2.82,2.22,1.5,7.17,0.7,94.6,3.4,5.5,94.61,In Relationship,No,Urban,1.73,0.69,4G,Huawei,No,2.5,37.87,No,17,131,23.33,global_mobile
11514,UK,36,Male,Doctor,High School,8267.46,5.22,95,2.1,0.0,1.0,1.04,3.66,7.68,1.59,78.45,8.0,5.2,88.83,Single,Yes,Urban,0.91,1.02,5G,Xiaomi,No,9.5,38.94,Yes,15,63,89.9,global_mobile
11515,China,28,Male,Salesperson,Master's,29283.43,3.9,62,0.28,1.01,3.95,1.7,0.62,6.9,0.97,79.29,9.4,8.2,38.81,Divorced,Yes,Urban,0.23,0.73,4G,Samsung,No,9.5,25.82,Yes,11,125,86.36,global_mobile
11516,India,49,Other,Doctor,PhD,3459.43,8.18,73,2.18,0.71,2.2,1.77,2.26,6.04,0.89,58.66,4.3,1.6,74.64,Divorced,No,Urban,2.38,0.22,4G,Other,Yes,7.5,23.15,Yes,20,90,65.09,global_mobile
11517,Nigeria,60,Female,Unemployed,PhD,37660.44,5.8,47,0.0,0.34,3.57,1.04,0.77,5.55,1.06,5.3,9.7,9.1,69.0,Married,Yes,Urban,0.84,0.62,3G,Other,No,5.5,30.14,Yes,18,102,1.71,global_mobile
11518,Japan,40,Female,Artist,Bachelor's,28927.2,4.45,71,3.64,1.34,0.0,1.93,3.98,5.56,0.03,17.53,0.7,1.8,64.49,Single,Yes,Rural,2.22,0.54,5G,Samsung,No,5.5,25.61,No,9,78,84.33,global_mobile
11519,Mexico,15,Male,Salesperson,High School,34183.82,5.58,58,2.13,2.6,1.94,1.18,3.05,7.38,0.75,81.81,8.6,8.2,30.78,Divorced,Yes,Urban,0.78,0.95,3G,Other,Yes,5.5,13.11,Yes,14,105,52.04,global_mobile
11520,Nigeria,27,Other,Engineer,Master's,17494.43,3.42,46,4.7,1.0,2.22,1.6,1.7,5.2,0.34,32.71,0.0,2.3,13.83,Divorced,Yes,Urban,1.53,0.81,WiFi,Other,No,7.5,41.75,No,9,60,86.8,global_mobile
11521,India,55,Female,Manager,PhD,47113.51,5.96,89,1.74,0.0,1.21,0.68,1.88,5.63,0.71,81.7,5.9,9.1,50.46,Divorced,Yes,Urban,1.89,0.49,4G,Apple,Yes,9.5,26.79,Yes,16,79,43.84,global_mobile
11522,Japan,50,Female,Teacher,High School,32833.91,6.72,92,1.45,0.66,3.47,2.11,0.59,8.42,0.28,92.38,3.2,7.4,65.03,In Relationship,No,Urban,1.76,0.65,3G,Apple,Yes,7.5,9.5,No,20,65,40.1,global_mobile
11523,Germany,22,Male,Doctor,PhD,24952.96,7.18,95,2.89,3.09,1.08,1.85,1.22,5.92,1.52,7.88,0.1,3.9,57.22,Divorced,Yes,Rural,1.74,1.39,5G,OnePlus,Yes,7.5,18.73,No,13,112,86.84,global_mobile
11524,India,14,Other,Salesperson,Bachelor's,21021.45,6.59,0,1.5,0.85,1.52,2.18,1.05,7.3,0.86,54.43,8.5,1.6,17.38,Single,Yes,Rural,2.18,0.52,4G,OnePlus,No,2.5,30.17,No,19,101,21.36,global_mobile
11525,Brazil,13,Other,Doctor,Bachelor's,28290.17,2.14,53,1.17,0.2,0.78,1.68,1.88,5.43,0.66,88.58,3.7,8.4,45.9,Married,No,Urban,2.28,1.07,3G,Apple,No,7.5,37.49,No,15,81,77.12,global_mobile
11526,Russia,44,Other,Unemployed,PhD,41036.97,6.88,65,0.7,1.47,2.7,1.62,2.5,5.45,0.0,69.08,8.5,1.8,84.12,Single,No,Rural,0.79,0.0,WiFi,Xiaomi,No,7.5,20.72,Yes,20,79,59.36,global_mobile
11527,Japan,42,Other,Salesperson,,34898.91,7.54,89,2.17,1.07,0.0,1.49,0.0,6.24,1.17,64.0,3.0,6.7,81.27,Married,No,Rural,0.52,0.54,3G,Huawei,No,5.5,6.21,No,13,91,25.47,global_mobile
11528,India,70,Other,Artist,PhD,27863.65,3.15,182,1.47,2.13,1.53,2.21,1.74,6.4,1.88,71.59,0.2,4.5,24.53,In Relationship,No,Rural,0.94,1.41,4G,Other,Yes,7.5,19.64,Yes,14,83,19.26,global_mobile
11529,USA,53,Male,Doctor,PhD,43324.51,3.88,103,0.66,2.02,1.6,1.66,2.78,8.04,0.92,61.88,2.1,7.6,99.71,Divorced,No,Urban,1.02,1.42,5G,Samsung,No,7.5,3.49,No,13,136,79.46,global_mobile
11530,UK,68,Other,Salesperson,,0.0,6.05,59,2.0,0.34,0.0,1.35,1.71,5.07,1.24,66.92,1.0,6.1,23.33,Married,No,Rural,1.68,0.0,5G,Other,No,5.5,21.68,Yes,10,48,40.87,global_mobile
11531,Japan,61,Other,Salesperson,PhD,13088.03,6.97,91,3.4,0.47,2.14,1.46,2.33,8.27,0.32,30.87,4.4,9.0,24.56,Divorced,Yes,Rural,2.26,0.48,3G,Samsung,No,2.5,34.12,No,18,76,2.25,global_mobile
11532,India,42,Other,Teacher,High School,57247.98,7.45,93,0.72,1.1,2.73,1.64,1.46,6.28,0.79,99.86,8.2,0.5,53.0,Single,No,Rural,2.76,0.94,3G,Other,Yes,9.5,17.95,Yes,16,148,13.54,global_mobile
11533,Germany,13,Other,Salesperson,,15195.12,6.64,81,1.14,1.98,3.69,2.22,2.77,4.78,1.25,93.39,2.7,7.9,65.61,In Relationship,Yes,Rural,1.95,0.05,5G,Apple,No,9.5,32.02,No,10,76,63.9,global_mobile
11534,Nigeria,58,Other,Teacher,Master's,0.0,5.06,91,0.9,0.0,3.57,1.73,3.23,5.94,1.8,6.15,6.9,10.0,74.24,Married,Yes,Rural,2.78,0.65,4G,Apple,Yes,9.5,9.5,Yes,10,125,88.57,global_mobile
11535,Mexico,28,Other,Doctor,Bachelor's,976.97,7.65,86,2.62,1.19,1.32,1.51,3.46,6.46,1.16,42.08,0.6,6.1,7.15,In Relationship,No,Rural,0.56,0.64,3G,Samsung,Yes,5.5,15.2,Yes,14,148,5.62,global_mobile
11536,USA,39,Other,Salesperson,,15160.11,7.03,52,3.4,1.49,1.59,1.61,0.19,7.24,0.94,90.51,3.7,1.2,5.13,Divorced,Yes,Rural,1.36,0.23,WiFi,Other,Yes,5.5,18.89,Yes,11,127,54.74,global_mobile
11537,China,43,Female,Engineer,High School,34691.18,4.48,89,3.15,2.62,0.97,1.8,0.81,5.16,1.75,33.69,3.4,1.0,48.48,Married,No,Urban,2.02,1.34,3G,OnePlus,Yes,2.5,34.65,No,17,29,23.87,global_mobile
11538,Brazil,14,Female,Salesperson,,30567.54,4.84,107,3.4,1.89,1.32,0.43,0.66,6.23,0.0,96.71,3.8,10.0,75.63,Married,No,Rural,1.49,1.56,3G,Other,Yes,5.5,18.44,Yes,15,60,42.23,global_mobile
11539,UK,33,Female,Artist,Master's,24405.38,10.01,79,0.22,1.52,2.05,1.16,1.57,5.24,0.71,54.97,6.3,6.3,89.1,In Relationship,Yes,Urban,1.93,0.66,4G,Apple,No,7.5,18.39,Yes,15,141,10.06,global_mobile
11540,Mexico,17,Other,Salesperson,PhD,13080.48,3.59,112,1.1,0.0,1.47,2.15,0.74,6.19,1.17,61.25,6.8,4.6,86.05,Married,No,Rural,1.57,0.95,WiFi,Xiaomi,No,5.5,17.05,Yes,14,97,5.48,global_mobile
11541,India,44,Other,Engineer,,16588.61,9.25,91,1.49,2.42,2.42,1.89,3.13,5.91,0.18,93.9,1.6,3.6,61.86,Divorced,Yes,Rural,1.94,1.19,3G,Xiaomi,Yes,2.5,45.98,Yes,9,118,38.14,global_mobile
11542,Brazil,35,Other,Salesperson,PhD,19845.28,5.86,101,0.75,1.78,2.23,1.58,3.69,7.15,1.18,17.93,1.9,1.7,61.18,Single,Yes,Rural,1.27,1.13,5G,Other,No,2.5,29.64,Yes,20,77,40.58,global_mobile
11543,Mexico,70,Male,Salesperson,,31338.24,7.33,105,2.66,1.7,3.18,1.9,1.56,7.46,1.74,84.38,0.0,8.7,61.99,In Relationship,No,Urban,0.74,0.28,3G,Samsung,No,9.5,8.29,No,17,204,4.92,global_mobile
11544,Japan,38,Female,Teacher,,19131.93,6.33,67,2.74,1.74,2.04,1.66,2.88,6.26,0.52,16.59,0.2,8.5,23.3,In Relationship,Yes,Urban,0.34,0.44,WiFi,Other,No,5.5,22.27,Yes,15,87,1.35,global_mobile
11545,Japan,50,Female,Artist,Master's,26362.69,9.6,75,0.87,0.0,2.06,2.16,1.62,6.05,0.0,66.49,5.5,7.6,53.39,Single,No,Rural,1.05,0.34,3G,Samsung,Yes,9.5,28.56,Yes,10,61,85.24,global_mobile
11546,UK,61,Other,Artist,,33008.4,3.53,108,2.55,0.79,1.63,1.0,1.41,5.17,1.5,49.6,3.1,8.3,82.36,Single,Yes,Urban,1.38,1.21,4G,Xiaomi,No,5.5,26.7,No,8,63,82.8,global_mobile
11547,Russia,29,Male,Student,High School,42824.87,1.75,85,3.55,2.45,2.41,0.93,2.04,6.23,0.37,48.19,2.9,1.3,55.86,Divorced,Yes,Rural,1.27,2.1,4G,Huawei,No,2.5,31.85,No,14,105,49.33,global_mobile
11548,USA,28,Other,Engineer,High School,20174.81,9.83,70,2.07,2.46,3.33,1.56,1.75,7.6,1.19,17.43,6.0,2.3,2.51,Divorced,No,Rural,0.75,0.78,WiFi,Samsung,No,9.5,29.25,Yes,17,123,94.75,global_mobile
11549,China,67,Other,Engineer,Master's,28375.0,6.82,36,0.71,1.78,1.7,0.72,1.5,6.35,0.65,79.78,8.9,8.5,34.38,Married,No,Rural,2.69,1.73,WiFi,OnePlus,Yes,2.5,20.32,No,12,130,4.35,global_mobile
11550,India,23,Male,Artist,PhD,24876.17,10.8,120,1.71,2.19,0.75,0.75,2.94,7.9,0.96,62.17,4.9,8.8,32.41,Divorced,Yes,Rural,1.85,0.21,5G,Other,Yes,7.5,23.64,No,18,112,42.78,global_mobile
11551,Russia,37,Other,Engineer,,45222.13,7.19,124,1.99,0.0,1.88,1.01,1.34,5.77,1.51,81.53,6.2,4.4,88.42,Divorced,No,Rural,1.82,1.1,4G,Xiaomi,No,2.5,15.68,No,15,129,44.19,global_mobile
11552,Mexico,69,Male,Doctor,PhD,18375.19,7.87,69,2.22,1.62,1.85,1.85,0.9,7.96,0.45,52.12,2.9,1.6,8.38,Single,No,Rural,1.51,0.96,3G,Apple,No,2.5,28.81,No,11,44,85.46,global_mobile
11553,China,59,Male,Artist,Master's,43044.42,1.77,69,2.86,0.56,1.76,1.72,2.07,7.38,1.66,52.29,3.2,6.4,89.59,Divorced,Yes,Urban,2.61,0.82,3G,Apple,No,9.5,48.39,No,19,58,73.57,global_mobile
11554,India,13,Other,Manager,High School,40323.47,8.06,26,1.21,1.69,1.2,1.47,2.29,5.95,0.89,32.33,1.7,5.5,60.38,Divorced,No,Rural,1.23,0.94,4G,Samsung,No,5.5,27.54,Yes,8,100,15.41,global_mobile
11555,Mexico,35,Female,Teacher,Bachelor's,39881.87,4.98,82,3.67,2.29,1.59,2.43,1.1,7.9,0.9,47.53,9.1,2.7,88.68,Single,No,Rural,0.81,0.5,5G,Other,Yes,2.5,22.85,Yes,12,106,72.45,global_mobile
11556,Japan,43,Female,Salesperson,Bachelor's,23689.77,7.85,76,2.82,0.49,2.19,0.9,1.44,6.74,0.87,57.45,8.8,1.3,80.13,Single,Yes,Rural,1.62,0.99,WiFi,Samsung,Yes,2.5,33.89,Yes,15,68,44.46,global_mobile
11557,China,28,Other,Doctor,Master's,18191.46,6.18,91,3.35,2.26,3.31,1.89,1.8,7.38,1.2,76.86,2.4,1.3,71.58,Divorced,No,Urban,2.01,0.75,3G,Apple,Yes,9.5,24.61,Yes,10,117,50.31,global_mobile
11558,UK,13,Male,Engineer,,9880.72,5.39,57,3.87,2.2,1.88,1.61,3.85,7.07,1.3,81.84,4.8,4.8,66.43,In Relationship,No,Rural,0.99,1.16,WiFi,Other,Yes,5.5,15.45,Yes,9,111,8.52,global_mobile
11559,Mexico,59,Other,Manager,Bachelor's,68552.1,3.33,67,1.8,0.68,2.91,2.37,2.06,8.8,1.33,60.08,5.3,0.4,85.31,Single,Yes,Urban,1.32,0.38,4G,Apple,No,2.5,22.03,Yes,12,68,59.49,global_mobile
11560,Japan,24,Male,Doctor,Master's,33956.43,4.1,106,2.58,0.79,2.93,1.38,0.42,5.82,1.66,74.53,7.1,8.2,84.28,In Relationship,Yes,Urban,1.21,1.18,4G,Apple,Yes,2.5,23.58,Yes,19,98,72.03,global_mobile
11561,China,35,Female,Artist,Master's,0.0,3.07,45,1.01,1.5,3.02,1.4,2.78,6.88,0.53,0.37,1.6,5.0,72.42,In Relationship,Yes,Rural,1.47,0.51,4G,Xiaomi,Yes,5.5,22.52,No,18,76,74.53,global_mobile
11562,Brazil,23,Other,Student,Master's,22798.26,4.09,66,2.5,0.73,1.56,2.12,1.11,6.4,1.1,28.69,0.6,0.9,38.62,In Relationship,No,Rural,0.91,0.81,3G,Samsung,No,2.5,0.85,Yes,8,138,74.31,global_mobile
11563,China,51,Other,Artist,High School,9866.9,4.67,93,0.68,1.02,3.56,1.95,2.51,7.2,0.32,83.6,3.3,9.3,91.83,Single,Yes,Urban,1.98,0.49,WiFi,Other,Yes,2.5,30.34,Yes,12,125,64.41,global_mobile
11564,Nigeria,22,Male,Student,High School,20365.51,3.95,56,1.3,1.43,1.51,1.1,2.86,6.75,0.94,64.7,9.4,4.9,28.52,In Relationship,No,Rural,1.21,1.34,5G,Other,No,9.5,17.63,Yes,11,80,15.92,global_mobile
11565,Mexico,24,Male,Doctor,Bachelor's,14751.64,8.76,73,3.08,0.71,2.89,1.99,1.39,6.95,0.59,28.07,2.2,9.6,79.43,Single,No,Rural,0.55,0.7,5G,Samsung,No,9.5,19.79,Yes,20,115,96.09,global_mobile
11566,China,30,Male,Unemployed,PhD,29141.88,2.62,68,1.04,1.65,2.33,2.56,1.63,6.28,0.82,53.61,2.1,2.2,54.66,In Relationship,Yes,Rural,1.89,1.0,5G,OnePlus,No,7.5,13.57,No,13,77,94.43,global_mobile
11567,UK,46,Female,Artist,High School,20377.63,9.49,25,1.74,2.38,1.39,1.18,0.59,6.11,0.82,59.66,3.8,0.6,49.36,Divorced,No,Rural,0.74,1.29,3G,Xiaomi,No,9.5,43.07,No,9,86,71.05,global_mobile
11568,Mexico,29,Male,Teacher,PhD,34558.24,5.24,97,2.59,2.34,1.65,1.63,0.0,6.08,0.4,43.49,0.2,6.0,89.95,Single,Yes,Rural,1.17,1.09,5G,Samsung,Yes,7.5,24.73,No,9,169,39.53,global_mobile
11569,Japan,54,Male,Salesperson,PhD,17099.2,4.42,68,1.61,2.31,4.14,1.23,1.25,8.4,0.87,93.72,8.1,6.0,44.62,Divorced,No,Urban,2.1,0.47,4G,Other,Yes,9.5,37.46,Yes,15,33,21.89,global_mobile
11570,UK,14,Female,Student,PhD,10814.38,3.73,85,2.36,0.99,1.49,1.0,1.11,6.34,1.28,17.06,7.5,2.8,10.68,In Relationship,Yes,Urban,1.36,1.19,3G,Xiaomi,No,5.5,20.13,Yes,20,118,48.36,global_mobile
11571,USA,27,Male,Engineer,High School,33486.5,5.72,77,1.13,1.05,0.79,1.04,1.13,6.63,2.08,79.6,8.6,5.5,63.53,Divorced,No,Rural,0.92,0.97,3G,Apple,No,7.5,35.07,No,13,73,0.36,global_mobile
11572,Mexico,26,Other,Teacher,High School,29319.67,7.48,71,1.76,0.72,2.2,2.13,2.78,7.39,0.0,20.78,5.7,6.5,55.7,In Relationship,Yes,Rural,2.32,0.96,4G,Other,No,2.5,22.22,Yes,19,72,93.86,global_mobile
11573,UK,32,Female,Unemployed,High School,38063.57,5.35,89,2.59,0.0,3.45,1.6,1.31,7.11,1.82,70.51,7.9,3.3,40.09,Divorced,No,Rural,1.43,0.83,5G,OnePlus,Yes,2.5,25.44,No,8,129,5.87,global_mobile
11574,UK,38,Female,Unemployed,,30035.6,3.78,23,2.01,1.58,2.46,1.81,1.51,5.46,1.42,82.22,4.4,8.5,80.58,Divorced,No,Urban,1.28,0.0,WiFi,Xiaomi,Yes,7.5,34.47,Yes,11,97,83.24,global_mobile
11575,Germany,32,Male,Artist,PhD,38449.92,6.88,61,0.89,1.47,1.42,1.72,1.01,9.05,0.88,43.3,1.1,0.5,71.38,Divorced,No,Urban,0.0,1.09,5G,Xiaomi,Yes,7.5,24.18,Yes,12,76,56.87,global_mobile
11576,India,61,Other,Unemployed,PhD,37211.38,7.22,34,1.67,2.75,1.34,0.31,2.6,6.39,0.94,56.7,5.4,5.2,62.51,Married,No,Rural,1.95,1.29,5G,Samsung,No,7.5,19.07,No,11,99,53.96,global_mobile
11577,China,23,Male,Teacher,,38148.71,7.97,81,1.86,0.0,2.15,1.66,3.41,6.81,1.26,0.85,8.0,5.0,84.57,In Relationship,Yes,Rural,2.34,0.5,3G,Other,Yes,5.5,18.93,Yes,8,105,85.39,global_mobile
11578,Germany,63,Female,Engineer,,37547.94,5.3,79,2.22,1.07,3.0,2.77,1.45,6.31,1.31,15.47,1.3,6.2,75.26,Single,No,Rural,0.0,1.67,4G,Apple,Yes,5.5,27.32,No,20,53,57.64,global_mobile
11579,Mexico,51,Male,Student,,35005.25,6.36,73,1.07,0.0,1.12,2.24,3.01,6.93,0.55,61.84,8.4,1.4,11.01,Single,Yes,Urban,2.77,0.72,WiFi,Samsung,Yes,2.5,23.97,Yes,15,55,1.28,global_mobile
11580,Russia,59,Female,Teacher,Master's,24332.58,4.91,135,1.89,3.1,2.43,1.86,1.93,7.55,0.6,52.44,9.2,1.0,44.12,Married,No,Rural,0.08,1.21,4G,Samsung,No,7.5,25.82,No,9,101,85.7,global_mobile
11581,Russia,56,Male,Salesperson,Master's,45147.5,6.34,50,3.61,0.74,0.0,1.98,1.29,6.24,0.36,37.52,1.7,1.3,37.92,In Relationship,Yes,Rural,0.94,0.38,3G,Huawei,Yes,5.5,0.0,No,12,113,65.14,global_mobile
11582,Germany,21,Male,Unemployed,Bachelor's,31465.29,5.49,70,1.55,0.0,0.83,1.92,1.97,5.81,1.79,8.76,4.6,4.2,61.01,Single,No,Rural,1.64,0.78,5G,OnePlus,Yes,2.5,27.75,No,15,135,5.36,global_mobile
11583,Mexico,70,Male,Doctor,Bachelor's,29858.1,7.37,64,1.38,2.87,0.67,0.33,1.6,7.61,0.95,23.37,7.2,8.5,91.13,Married,Yes,Rural,2.04,1.47,WiFi,Xiaomi,No,9.5,36.57,Yes,19,108,33.92,global_mobile
11584,UK,55,Other,Student,High School,50231.74,6.1,121,1.52,0.0,3.45,1.62,2.61,6.49,1.39,73.8,0.7,6.7,12.27,Divorced,No,Urban,1.74,0.91,5G,Other,No,7.5,43.29,Yes,14,94,51.09,global_mobile
11585,Japan,30,Female,Doctor,Master's,14403.9,4.74,71,1.27,1.33,2.31,0.67,1.41,5.07,1.52,38.71,3.0,2.2,86.5,Divorced,Yes,Rural,1.63,0.11,5G,Apple,No,2.5,21.46,Yes,14,74,19.19,global_mobile
11586,Brazil,57,Female,Engineer,Bachelor's,47625.55,3.89,114,2.6,2.32,2.79,1.23,0.93,6.77,1.36,59.98,6.3,4.7,56.17,In Relationship,Yes,Rural,0.69,1.65,3G,Xiaomi,No,2.5,14.14,No,19,89,55.59,global_mobile
11587,China,52,Female,Teacher,Bachelor's,51187.16,5.74,84,2.79,2.44,2.29,1.96,1.21,7.3,1.41,39.1,2.6,5.2,91.79,Single,No,Rural,2.15,0.97,5G,Apple,No,7.5,45.96,Yes,9,113,45.76,global_mobile
11588,Russia,41,Other,Salesperson,,26476.76,6.0,70,4.07,0.96,1.77,1.55,2.69,6.1,0.93,68.16,7.6,1.1,4.96,Single,Yes,Urban,0.5,0.44,3G,Samsung,No,7.5,33.51,Yes,17,98,38.07,global_mobile
11589,Germany,40,Male,Salesperson,PhD,27630.38,5.43,117,2.8,1.84,1.63,2.56,2.08,6.84,0.85,13.41,0.7,6.5,63.7,In Relationship,No,Rural,1.3,0.2,WiFi,Apple,Yes,5.5,21.21,Yes,20,132,17.58,global_mobile
11590,India,33,Male,Student,,27412.56,6.49,95,1.49,1.7,1.01,1.58,2.37,7.16,0.74,84.22,5.6,7.0,3.53,Married,Yes,Rural,1.69,1.78,5G,Samsung,No,2.5,33.78,Yes,13,41,58.95,global_mobile
11591,India,55,Other,Engineer,,30761.92,4.83,67,2.83,2.49,0.9,2.05,0.91,7.63,1.4,53.58,0.5,3.1,64.74,In Relationship,Yes,Rural,2.17,2.02,3G,Other,No,2.5,20.82,Yes,14,122,85.24,global_mobile
11592,China,51,Male,Teacher,Master's,22296.8,10.93,88,2.04,0.35,2.19,1.04,1.43,7.48,1.05,61.68,9.3,7.7,11.45,Divorced,Yes,Rural,0.8,0.82,5G,Other,Yes,7.5,10.99,No,17,98,31.53,global_mobile
11593,Germany,45,Male,Doctor,,31499.68,7.03,154,2.4,1.05,0.99,0.97,3.18,5.92,0.9,18.89,9.9,8.8,82.47,Divorced,Yes,Rural,2.12,0.69,4G,OnePlus,Yes,5.5,29.09,No,10,66,27.76,global_mobile
11594,USA,46,Other,Artist,Master's,33555.08,5.14,123,0.25,1.82,3.08,1.34,1.48,7.34,0.51,22.15,0.8,5.0,8.99,Divorced,Yes,Rural,3.19,0.72,5G,Other,No,5.5,25.72,Yes,20,75,1.33,global_mobile
11595,Japan,67,Other,Artist,High School,36783.99,4.92,65,1.87,0.8,3.2,0.55,0.76,6.32,1.07,43.96,0.6,1.1,7.04,Married,Yes,Rural,2.2,1.88,5G,Samsung,Yes,9.5,33.63,Yes,9,106,51.28,global_mobile
11596,Japan,22,Other,Engineer,Master's,26554.75,8.8,74,4.83,2.96,1.95,1.6,1.4,8.18,1.3,98.63,4.1,2.8,93.84,Divorced,No,Rural,1.59,0.46,WiFi,Other,Yes,7.5,22.33,No,13,151,30.69,global_mobile
11597,UK,32,Other,Engineer,Bachelor's,30131.37,5.13,62,3.52,2.68,2.21,1.21,2.79,6.59,1.56,84.82,2.4,5.6,15.9,Divorced,No,Rural,1.37,1.13,WiFi,Apple,Yes,2.5,43.14,No,8,81,43.59,global_mobile
11598,Russia,61,Male,Unemployed,Master's,28762.62,4.78,106,1.55,1.69,1.41,1.66,2.81,5.66,2.56,67.4,5.7,8.6,49.34,In Relationship,No,Rural,1.38,0.59,4G,Other,Yes,5.5,31.06,Yes,11,0,36.63,global_mobile
11599,Brazil,13,Male,Student,,22510.25,7.68,91,2.78,3.97,1.78,1.48,2.72,5.58,1.24,21.97,7.1,6.4,24.26,Married,No,Urban,1.94,0.88,5G,Huawei,No,2.5,15.98,Yes,10,107,6.75,global_mobile
11600,Mexico,35,Female,Teacher,High School,20938.28,5.46,62,2.77,2.26,1.6,1.45,2.44,6.64,0.66,3.38,0.6,3.8,64.46,Single,No,Urban,1.31,0.45,5G,Huawei,Yes,7.5,25.54,No,8,113,64.39,global_mobile
11601,UK,36,Male,Manager,Bachelor's,10038.25,9.8,82,1.49,1.16,0.0,1.54,1.1,8.89,2.35,60.05,8.6,5.3,47.0,Single,Yes,Rural,0.6,1.28,WiFi,Apple,Yes,7.5,14.8,No,20,12,14.25,global_mobile
11602,Japan,22,Other,Artist,Bachelor's,18827.97,4.03,111,1.3,1.16,3.72,1.4,2.78,6.78,0.48,85.39,0.1,2.3,74.04,In Relationship,Yes,Urban,2.16,1.05,5G,Other,No,9.5,18.87,No,9,59,97.42,global_mobile
11603,Japan,21,Female,Engineer,High School,41117.58,4.23,84,1.57,2.58,1.47,1.85,2.27,6.27,1.42,44.78,9.1,4.5,89.74,In Relationship,Yes,Rural,1.29,1.2,4G,OnePlus,No,9.5,36.23,No,9,42,2.78,global_mobile
11604,Brazil,29,Male,Artist,Bachelor's,23866.45,5.4,67,1.45,0.84,0.8,2.51,2.04,6.95,1.86,59.35,5.2,9.4,26.05,Single,Yes,Urban,3.07,0.0,3G,Apple,No,7.5,30.36,No,14,115,83.68,global_mobile
11605,Germany,33,Male,Manager,Bachelor's,65125.88,6.26,63,1.73,1.77,0.0,0.84,2.36,5.93,0.65,84.36,3.1,4.7,97.69,Married,Yes,Urban,3.12,1.49,5G,Other,Yes,5.5,29.59,Yes,11,147,48.7,global_mobile
11606,Russia,56,Other,Doctor,Master's,5987.01,5.93,90,1.87,0.17,0.94,1.61,1.34,6.52,1.06,33.26,2.7,0.2,63.82,Divorced,Yes,Rural,1.59,1.54,4G,Xiaomi,No,5.5,48.97,No,10,121,98.81,global_mobile
11607,Brazil,24,Male,Engineer,Master's,28679.54,2.87,15,1.31,0.52,2.86,1.19,1.65,5.34,2.11,5.53,2.6,9.6,85.63,Single,No,Urban,1.74,0.99,5G,Apple,Yes,5.5,5.26,No,18,88,2.96,global_mobile
11608,Mexico,69,Male,Student,,16941.52,3.83,121,2.83,0.37,0.71,2.87,1.07,5.3,0.14,18.94,7.0,0.4,8.41,In Relationship,No,Urban,0.49,0.62,WiFi,Xiaomi,No,9.5,26.44,No,9,154,36.4,global_mobile
11609,Brazil,58,Male,Manager,High School,48075.35,6.95,34,3.33,1.2,1.18,1.75,1.23,8.52,0.42,25.26,9.1,8.8,96.71,Single,No,Urban,1.8,0.0,5G,OnePlus,Yes,2.5,44.68,No,18,24,46.73,global_mobile
11610,Russia,25,Other,Unemployed,High School,34756.11,5.95,95,1.27,0.16,1.69,1.57,1.86,5.92,1.25,18.72,2.2,5.9,45.03,Married,Yes,Urban,0.94,0.27,3G,OnePlus,Yes,7.5,26.8,Yes,10,90,60.14,global_mobile
11611,China,67,Male,Salesperson,High School,16434.65,3.5,109,1.29,1.7,3.18,0.99,0.94,5.98,0.93,38.71,9.1,2.3,51.49,Single,Yes,Urban,1.73,0.46,3G,Apple,No,2.5,18.33,No,17,44,15.44,global_mobile
11612,UK,23,Other,Teacher,Master's,32150.44,6.8,94,0.39,2.93,0.74,1.42,2.37,7.28,1.28,67.55,8.0,1.8,43.89,In Relationship,No,Rural,0.0,0.7,5G,Other,No,7.5,24.94,No,10,101,94.1,global_mobile
11613,India,33,Female,Teacher,Bachelor's,32025.76,1.13,86,3.48,1.74,1.74,1.57,1.24,6.05,1.2,96.63,2.1,6.3,60.43,Divorced,Yes,Urban,1.71,0.48,4G,Samsung,No,9.5,18.65,Yes,13,54,46.37,global_mobile
11614,USA,69,Male,Manager,Bachelor's,21174.92,7.05,97,1.92,1.48,1.57,1.6,2.62,6.33,1.37,90.48,3.6,5.0,59.46,Single,Yes,Rural,1.07,0.89,5G,Other,No,9.5,15.94,Yes,8,177,8.98,global_mobile
11615,Russia,70,Other,Unemployed,PhD,17800.93,7.07,62,3.03,1.14,2.31,1.25,1.38,7.54,0.85,77.7,1.6,3.4,56.73,Married,Yes,Rural,0.69,1.22,4G,Other,Yes,9.5,27.09,No,17,46,48.86,global_mobile
11616,Brazil,51,Female,Salesperson,,46441.23,7.2,40,1.91,1.95,0.77,0.88,1.99,6.81,0.95,68.25,7.2,0.4,62.43,Married,Yes,Rural,1.23,0.66,4G,Apple,No,9.5,16.76,No,17,63,84.43,global_mobile
11617,Brazil,22,Female,Doctor,Bachelor's,15725.45,5.9,81,0.83,1.56,2.06,1.29,2.12,5.41,0.53,75.27,9.5,9.5,75.94,Single,No,Urban,2.07,0.26,WiFi,Apple,No,2.5,28.02,No,18,106,35.08,global_mobile
11618,Japan,48,Female,Salesperson,Master's,33381.98,8.78,42,1.74,1.92,0.63,0.99,2.51,7.39,1.53,68.62,6.8,6.9,43.06,In Relationship,Yes,Urban,1.93,1.53,3G,Xiaomi,Yes,7.5,28.73,No,20,85,67.52,global_mobile
11619,Germany,68,Female,Artist,,23059.98,4.33,124,2.45,1.69,3.18,1.12,2.07,6.74,1.35,0.88,6.7,7.0,6.02,Married,No,Rural,1.66,0.78,5G,Huawei,Yes,9.5,25.05,No,13,112,70.69,global_mobile
11620,Russia,16,Male,Teacher,,16459.19,5.16,103,0.7,1.98,2.62,1.04,1.91,4.97,0.66,10.58,3.5,3.6,32.58,Single,No,Urban,1.57,1.56,5G,Apple,No,9.5,18.13,No,16,117,16.89,global_mobile
11621,China,38,Male,Student,High School,39048.45,5.49,58,1.93,2.21,3.56,2.4,2.55,8.25,0.19,60.84,9.8,7.2,27.92,Married,Yes,Urban,1.36,1.08,4G,Samsung,Yes,5.5,32.13,Yes,14,79,14.43,global_mobile
11622,Mexico,21,Female,Doctor,,47205.84,4.28,90,3.24,1.6,2.09,1.12,1.56,7.6,1.18,55.44,8.7,7.2,36.73,In Relationship,Yes,Rural,0.85,1.81,3G,Xiaomi,No,2.5,32.35,Yes,10,123,30.76,global_mobile
11623,Nigeria,68,Other,Artist,Master's,29799.69,7.99,95,0.86,1.43,0.94,1.28,3.76,9.04,0.67,33.77,7.6,1.5,93.23,In Relationship,Yes,Rural,1.12,0.71,5G,OnePlus,Yes,7.5,28.94,No,12,76,23.48,global_mobile
11624,India,27,Other,Unemployed,High School,19838.48,2.69,114,1.06,1.51,1.97,1.72,2.28,4.46,1.35,61.31,8.7,1.7,7.26,In Relationship,Yes,Urban,1.41,0.81,3G,OnePlus,Yes,9.5,38.51,Yes,13,124,66.83,global_mobile
11625,Brazil,13,Male,Artist,Master's,24120.21,3.21,60,1.61,0.83,0.71,1.89,2.91,5.31,1.25,44.17,0.7,7.2,93.17,In Relationship,Yes,Rural,0.2,0.0,3G,Xiaomi,No,2.5,22.94,No,8,72,97.95,global_mobile
11626,India,55,Female,Engineer,High School,12416.2,8.06,111,2.25,1.7,2.42,2.82,3.35,6.61,1.88,91.92,8.6,0.2,91.45,Divorced,No,Rural,0.18,1.62,3G,Apple,No,5.5,10.12,No,20,139,87.4,global_mobile
11627,Germany,44,Male,Engineer,Bachelor's,24701.03,7.4,155,0.55,1.42,0.93,0.39,2.51,6.36,0.92,63.93,3.6,0.9,18.11,Married,No,Urban,1.77,0.54,3G,Xiaomi,Yes,2.5,29.41,Yes,11,148,85.61,global_mobile
11628,Russia,30,Male,Manager,Master's,7511.91,4.38,57,2.54,0.0,2.4,1.01,2.43,6.59,1.44,16.35,3.4,6.2,43.0,Married,Yes,Urban,1.99,1.2,3G,Other,Yes,2.5,28.97,No,14,115,68.96,global_mobile
11629,Russia,18,Other,Engineer,High School,46236.33,4.97,66,1.74,0.72,2.33,1.04,1.3,7.32,0.61,72.27,2.5,6.6,34.15,Single,No,Rural,2.19,0.83,3G,Apple,No,2.5,23.66,No,18,72,43.62,global_mobile
11630,UK,62,Male,Salesperson,PhD,33357.61,5.24,40,2.01,1.56,1.89,0.99,3.56,5.84,0.76,44.01,0.7,1.6,13.66,Married,Yes,Urban,1.63,0.56,4G,Apple,No,7.5,23.86,Yes,16,106,69.89,global_mobile
11631,Mexico,56,Male,Doctor,PhD,51427.79,8.74,48,0.77,2.2,2.4,2.34,1.71,7.2,0.85,99.82,5.9,5.3,15.54,Single,No,Urban,1.72,0.22,WiFi,Xiaomi,No,5.5,17.92,No,10,126,95.23,global_mobile
11632,China,66,Female,Student,Bachelor's,34553.97,6.81,64,3.75,2.7,1.57,2.02,3.02,7.0,1.34,89.67,9.1,9.2,7.24,In Relationship,No,Rural,2.43,0.03,4G,Xiaomi,Yes,7.5,28.83,No,19,158,90.09,global_mobile
11633,China,33,Female,Unemployed,Bachelor's,21321.6,6.57,78,2.66,0.25,1.52,1.71,4.09,5.4,1.06,34.95,7.4,4.0,73.75,In Relationship,No,Rural,0.54,1.1,5G,Xiaomi,No,7.5,29.62,No,18,60,66.54,global_mobile
11634,USA,64,Male,Engineer,Bachelor's,18651.62,5.21,43,1.7,1.34,1.01,1.37,1.41,6.69,0.31,66.15,4.4,0.0,69.79,In Relationship,Yes,Urban,1.95,0.62,WiFi,OnePlus,Yes,5.5,37.51,No,17,115,91.28,global_mobile
11635,Japan,16,Other,Salesperson,,22990.75,6.33,95,2.66,3.24,3.37,1.85,1.91,6.89,1.33,27.57,3.0,2.3,12.72,In Relationship,No,Urban,0.82,1.25,WiFi,Xiaomi,Yes,2.5,39.64,Yes,14,117,39.73,global_mobile
11636,UK,45,Male,Manager,,0.0,6.4,102,2.12,1.24,2.66,1.35,0.9,7.54,1.48,55.31,6.8,2.4,97.81,Divorced,No,Urban,1.49,0.68,4G,OnePlus,No,9.5,35.78,No,10,117,82.37,global_mobile
11637,Nigeria,46,Male,Manager,,45366.35,0.0,85,2.7,0.58,2.33,1.8,1.03,7.3,1.27,37.27,8.9,1.8,78.94,Married,No,Rural,0.0,0.41,4G,Other,No,9.5,21.51,Yes,20,92,96.78,global_mobile
11638,Mexico,53,Female,Doctor,Bachelor's,19490.03,5.29,97,2.26,0.04,2.05,0.96,1.63,4.34,0.53,69.44,1.0,3.4,48.72,Married,Yes,Rural,1.06,0.45,3G,Other,Yes,2.5,11.95,No,17,127,54.47,global_mobile
11639,Mexico,35,Other,Teacher,,50893.09,4.5,73,1.54,0.01,2.98,1.01,2.92,7.06,0.56,15.75,5.1,1.3,85.63,In Relationship,Yes,Rural,1.94,0.75,4G,Huawei,No,7.5,12.06,Yes,17,45,42.51,global_mobile
11640,Brazil,49,Other,Salesperson,Master's,15020.18,4.77,83,1.17,0.13,2.19,2.18,1.33,6.96,0.45,83.62,1.6,4.6,39.69,Married,Yes,Rural,2.22,0.72,4G,Xiaomi,Yes,2.5,20.17,Yes,20,84,11.55,global_mobile
11641,Japan,67,Female,Student,High School,29344.08,5.09,87,2.32,2.67,2.34,1.65,3.67,6.71,1.4,10.56,9.9,6.8,84.27,In Relationship,No,Rural,1.49,0.49,5G,Huawei,Yes,9.5,27.59,No,20,71,43.05,global_mobile
11642,Brazil,58,Female,Teacher,High School,26525.59,7.19,94,1.13,0.0,2.09,1.63,1.47,6.5,0.52,92.84,7.7,0.6,44.11,Divorced,No,Rural,1.79,1.68,5G,Apple,Yes,7.5,15.1,No,19,159,54.53,global_mobile
11643,USA,58,Female,Unemployed,,43508.47,4.58,39,3.31,2.23,2.57,1.82,0.0,7.63,1.05,18.34,9.6,2.3,84.04,Married,No,Urban,1.98,1.03,5G,Huawei,No,9.5,24.72,Yes,8,141,88.43,global_mobile
11644,Germany,38,Male,Teacher,PhD,23766.08,5.81,91,2.59,1.62,1.05,1.51,3.51,5.49,0.8,94.19,0.9,4.9,27.55,Married,No,Urban,1.12,0.56,5G,Samsung,Yes,7.5,44.32,No,19,63,19.88,global_mobile
11645,Brazil,27,Female,Unemployed,,47872.33,7.57,57,1.14,0.29,0.5,0.54,2.1,4.99,1.61,92.32,9.3,7.2,59.62,Single,Yes,Urban,1.34,0.7,WiFi,Other,Yes,2.5,34.74,Yes,9,166,91.59,global_mobile
11646,China,48,Female,Doctor,,30913.88,6.36,100,2.12,2.67,4.0,2.42,0.52,6.73,1.58,64.29,1.1,9.5,82.25,Married,Yes,Rural,2.27,0.39,3G,Xiaomi,Yes,9.5,38.69,Yes,15,107,79.83,global_mobile
11647,UK,57,Female,Teacher,Bachelor's,32240.19,10.06,80,1.2,1.19,1.55,1.61,0.36,5.94,0.42,63.4,1.5,1.0,90.24,In Relationship,No,Rural,0.61,1.56,4G,OnePlus,No,2.5,32.39,No,18,117,14.55,global_mobile
11648,China,30,Male,Unemployed,PhD,22465.61,5.71,79,2.3,2.71,2.83,1.79,2.69,6.75,0.86,15.09,8.1,5.3,99.74,Divorced,No,Urban,0.99,0.3,3G,Apple,No,5.5,13.48,Yes,8,52,46.64,global_mobile
11649,Mexico,49,Female,Engineer,Bachelor's,20202.12,8.06,102,3.1,1.15,1.79,0.85,0.56,8.11,0.76,60.55,4.0,0.2,16.38,In Relationship,No,Urban,0.14,1.48,3G,Samsung,No,7.5,23.22,No,11,123,73.83,global_mobile
11650,UK,36,Male,Manager,High School,27476.31,5.98,80,2.71,0.58,1.88,1.88,1.2,7.99,1.95,23.41,7.5,5.0,2.08,Divorced,Yes,Rural,1.07,1.3,5G,Apple,Yes,2.5,17.1,No,12,81,61.64,global_mobile
11651,UK,25,Other,Salesperson,Bachelor's,48877.04,8.61,112,1.18,2.54,2.57,1.12,1.3,8.15,2.39,53.43,1.9,2.1,80.48,In Relationship,No,Rural,0.37,0.88,WiFi,Xiaomi,Yes,2.5,31.12,Yes,10,105,81.25,global_mobile
11652,China,19,Other,Engineer,PhD,55138.26,3.52,83,1.73,0.9,1.34,1.37,0.81,7.65,1.19,32.0,8.9,8.1,39.88,In Relationship,No,Urban,2.76,0.84,5G,Apple,No,9.5,3.48,No,18,71,67.24,global_mobile
11653,China,36,Male,Salesperson,,24827.83,7.6,43,0.67,1.64,0.0,1.61,1.88,6.35,0.65,16.62,3.8,2.3,17.05,In Relationship,Yes,Rural,1.23,0.63,3G,Other,No,7.5,10.83,No,9,70,83.84,global_mobile
11654,Germany,68,Female,Artist,Master's,34604.61,10.48,81,2.54,2.68,2.59,1.02,1.3,6.55,0.66,58.01,8.2,9.7,0.53,Married,Yes,Rural,2.06,0.0,WiFi,Other,No,7.5,21.25,No,15,80,53.54,global_mobile
11655,Brazil,68,Female,Manager,High School,43712.46,2.87,68,2.45,0.88,0.88,1.01,2.49,7.55,1.51,82.32,3.3,4.3,26.35,Divorced,Yes,Urban,1.21,0.99,WiFi,Huawei,No,2.5,19.81,Yes,12,122,57.66,global_mobile
11656,Mexico,22,Female,Unemployed,High School,41893.14,6.57,89,1.09,0.04,3.49,2.46,2.22,5.35,0.0,84.29,4.4,7.2,56.42,Married,Yes,Urban,0.0,0.71,3G,Xiaomi,Yes,7.5,20.44,Yes,13,120,9.9,global_mobile
11657,Russia,19,Male,Teacher,PhD,2189.22,6.7,71,3.98,2.51,2.73,2.21,2.4,6.11,0.21,33.3,7.1,4.6,48.28,In Relationship,Yes,Rural,0.52,1.37,WiFi,Xiaomi,No,7.5,28.88,Yes,15,119,2.82,global_mobile
11658,China,32,Other,Teacher,,32083.62,7.53,47,1.88,0.14,2.51,0.1,1.36,7.09,1.69,92.0,2.9,5.3,78.19,Divorced,No,Urban,1.14,0.52,5G,Samsung,Yes,9.5,29.89,No,17,50,37.21,global_mobile
11659,India,30,Male,Artist,Bachelor's,26116.85,5.54,112,1.66,0.4,0.33,0.54,1.94,5.88,1.4,56.57,1.0,2.5,73.18,In Relationship,No,Urban,2.16,0.18,3G,OnePlus,No,7.5,28.42,Yes,16,40,77.72,global_mobile
11660,Brazil,63,Male,Student,,35726.16,3.29,73,1.47,1.7,2.92,1.63,2.5,6.42,0.62,29.64,7.4,5.7,72.6,Divorced,No,Urban,1.87,1.25,5G,Apple,No,9.5,28.67,No,16,127,27.5,global_mobile
11661,USA,40,Other,Salesperson,Master's,18121.31,8.25,65,1.29,3.21,2.07,1.8,3.04,6.34,1.38,2.64,3.1,0.6,87.32,Married,No,Rural,0.84,1.02,3G,Huawei,No,9.5,30.22,No,17,131,98.01,global_mobile
11662,USA,40,Other,Teacher,Master's,11524.71,10.36,89,0.91,0.91,1.83,0.0,4.25,7.86,0.0,77.55,5.7,3.1,67.97,Single,Yes,Rural,1.32,0.28,3G,Samsung,No,7.5,31.43,No,13,132,85.02,global_mobile
11663,USA,31,Male,Student,Bachelor's,33107.82,6.24,63,2.76,0.0,2.84,2.52,1.59,6.76,0.69,87.76,5.4,1.2,32.33,Divorced,Yes,Urban,2.43,0.21,WiFi,Samsung,No,5.5,31.16,No,19,117,41.65,global_mobile
11664,China,61,Other,Teacher,PhD,32440.01,8.89,97,1.49,1.7,2.09,0.58,2.69,8.06,1.71,38.88,2.6,3.6,88.9,Divorced,Yes,Rural,1.88,0.88,5G,Apple,Yes,7.5,25.86,No,10,72,61.73,global_mobile
11665,Germany,18,Female,Artist,,7688.13,3.9,100,1.07,2.48,2.58,1.99,2.9,6.26,0.88,98.79,9.7,6.5,86.88,In Relationship,No,Urban,2.34,0.02,3G,Other,No,2.5,22.14,No,18,56,75.75,global_mobile
11666,Russia,14,Other,Engineer,PhD,9642.74,7.7,79,1.5,2.68,1.71,1.33,4.09,6.11,1.78,44.33,7.2,0.8,39.68,In Relationship,No,Rural,1.68,0.16,4G,Apple,No,2.5,25.26,No,17,62,12.94,global_mobile
11667,Mexico,63,Female,Student,PhD,34575.81,7.3,33,1.97,1.04,1.74,2.04,2.42,6.48,1.14,18.67,9.2,2.2,97.11,Married,Yes,Urban,0.0,0.29,WiFi,Huawei,No,5.5,23.65,Yes,15,87,51.38,global_mobile
11668,Mexico,24,Male,Engineer,,40348.08,2.98,84,1.08,1.76,2.07,1.4,0.47,7.39,0.96,36.84,2.0,1.2,99.77,Married,Yes,Rural,0.35,0.19,4G,Apple,No,9.5,22.5,No,9,77,58.44,global_mobile
11669,Russia,46,Female,Teacher,Bachelor's,43873.13,8.81,46,0.15,1.78,1.76,1.68,3.13,7.54,0.72,40.79,4.5,1.0,99.71,Divorced,No,Urban,1.5,0.86,WiFi,Huawei,Yes,7.5,25.09,Yes,9,56,14.39,global_mobile
11670,Nigeria,24,Male,Manager,PhD,30437.87,1.52,83,1.07,3.7,2.36,1.3,1.68,5.64,0.95,21.56,4.5,7.3,30.66,Married,Yes,Urban,3.08,0.3,4G,Other,No,5.5,23.82,No,20,73,9.49,global_mobile
11671,Russia,32,Female,Unemployed,High School,29879.14,6.99,90,2.6,1.28,1.13,1.94,1.92,7.95,1.55,40.21,4.4,8.4,22.49,In Relationship,No,Urban,2.94,0.14,5G,Huawei,Yes,2.5,33.3,No,15,129,87.29,global_mobile
11672,China,61,Other,Salesperson,Bachelor's,49125.94,5.06,95,1.54,1.98,2.42,1.28,1.26,8.16,1.66,59.07,3.5,4.8,78.04,Married,Yes,Urban,1.74,0.71,WiFi,OnePlus,Yes,9.5,23.74,Yes,13,95,16.38,global_mobile
11673,Japan,65,Male,Manager,Bachelor's,35242.59,9.82,61,0.32,1.43,1.21,0.79,3.02,5.79,0.46,71.84,0.5,0.8,31.17,Divorced,No,Rural,0.33,0.98,4G,Apple,Yes,2.5,13.97,Yes,8,34,18.42,global_mobile
11674,UK,30,Male,Salesperson,,6200.12,4.51,110,1.9,0.74,3.18,0.56,1.5,5.36,0.97,80.99,1.8,6.0,57.32,Married,No,Urban,1.34,0.0,4G,Apple,No,5.5,16.8,No,12,78,27.46,global_mobile
11675,Mexico,32,Male,Doctor,High School,39172.39,6.52,60,1.71,0.4,1.48,1.24,1.16,7.18,1.4,82.55,7.0,2.8,34.32,In Relationship,No,Urban,2.51,1.44,WiFi,Apple,No,5.5,22.83,Yes,18,120,59.96,global_mobile
11676,USA,22,Female,Engineer,,13055.3,5.94,52,2.31,1.45,1.08,1.74,2.02,7.64,1.28,60.2,4.8,6.6,12.0,Divorced,No,Urban,0.08,0.53,WiFi,Huawei,No,7.5,14.39,No,12,21,65.63,global_mobile
11677,Germany,65,Female,Student,Master's,10361.03,4.87,116,3.65,0.44,2.16,2.16,2.71,7.16,0.55,55.41,2.8,9.0,64.45,Married,No,Urban,0.12,1.31,4G,Apple,No,5.5,27.82,Yes,14,104,6.91,global_mobile
11678,Germany,34,Female,Student,,54863.17,4.68,69,2.66,2.9,1.84,1.82,3.55,4.64,1.22,18.01,1.3,6.1,68.12,Single,No,Rural,2.5,0.9,5G,Xiaomi,Yes,5.5,12.35,Yes,16,103,44.95,global_mobile
11679,Nigeria,66,Female,Student,Master's,0.0,3.39,72,2.41,1.63,2.69,1.05,3.21,6.31,1.31,45.33,9.3,6.3,54.52,Divorced,Yes,Urban,2.28,1.24,4G,Other,Yes,5.5,1.78,Yes,17,92,86.15,global_mobile
11680,USA,33,Male,Salesperson,PhD,32562.82,2.42,116,1.38,2.32,2.64,1.56,3.97,5.5,0.0,1.18,8.2,2.1,8.71,Divorced,No,Rural,1.02,0.59,3G,Apple,Yes,7.5,43.48,No,12,67,4.42,global_mobile
11681,UK,61,Male,Unemployed,PhD,40654.18,4.46,52,1.99,1.25,2.62,1.54,1.35,7.28,0.28,3.78,7.3,5.6,16.83,Divorced,Yes,Rural,1.94,1.0,WiFi,Other,Yes,5.5,23.04,Yes,9,53,93.46,global_mobile
11682,USA,42,Other,Artist,Bachelor's,40722.4,6.8,77,3.05,1.65,1.68,1.56,2.84,6.43,0.29,77.26,2.7,2.8,55.73,Divorced,No,Rural,0.4,0.46,4G,Apple,No,2.5,13.11,Yes,15,96,39.05,global_mobile
11683,India,16,Other,Engineer,PhD,42646.12,6.7,70,1.46,2.34,1.96,1.21,0.61,5.75,0.92,16.25,9.2,5.9,1.13,Married,No,Rural,1.54,0.98,5G,Apple,No,5.5,22.96,Yes,19,111,33.21,global_mobile
11684,India,25,Other,Unemployed,Master's,39172.59,9.86,78,1.83,1.93,2.65,1.69,2.48,5.79,0.0,65.17,0.4,6.9,37.84,Married,No,Urban,0.32,0.63,5G,Huawei,Yes,9.5,39.08,Yes,20,97,71.43,global_mobile
11685,USA,20,Male,Teacher,High School,44288.46,3.73,121,0.99,0.46,1.35,0.5,1.95,5.06,1.1,1.55,4.5,2.0,67.44,Married,Yes,Rural,0.32,1.65,WiFi,Apple,No,9.5,54.85,Yes,9,110,20.71,global_mobile
11686,Brazil,29,Female,Manager,High School,52463.14,3.89,57,1.07,1.57,1.31,0.93,1.42,6.22,0.41,87.96,1.8,9.8,52.04,Divorced,No,Urban,0.68,0.0,5G,Apple,No,5.5,14.19,No,8,68,60.98,global_mobile
11687,Mexico,32,Female,Teacher,,40942.02,5.77,99,3.6,2.19,1.62,2.02,1.97,5.94,0.65,87.42,7.6,8.2,91.83,In Relationship,No,Urban,1.04,0.98,3G,Apple,Yes,9.5,25.32,Yes,17,107,72.53,global_mobile
11688,India,68,Male,Student,PhD,22013.81,4.74,14,0.79,0.63,1.24,1.75,0.0,5.5,0.0,66.08,4.4,4.3,45.43,Married,Yes,Rural,0.91,0.36,5G,Huawei,No,7.5,22.33,No,16,65,73.66,global_mobile
11689,Brazil,55,Female,Unemployed,High School,53064.5,7.56,87,1.64,0.0,2.31,1.81,1.09,6.08,0.46,13.13,2.1,8.9,57.13,Single,No,Urban,1.17,1.05,4G,Samsung,Yes,2.5,24.77,Yes,14,113,10.98,global_mobile
11690,USA,47,Male,Salesperson,Master's,16950.72,4.02,74,2.61,0.23,1.61,1.77,1.37,6.45,0.47,74.46,5.0,4.2,50.52,Single,Yes,Urban,2.97,0.88,3G,Apple,No,5.5,41.33,No,12,100,42.09,global_mobile
11691,Germany,25,Other,Doctor,Bachelor's,34365.17,5.06,99,3.59,0.76,2.14,1.54,1.1,5.95,0.41,93.27,3.4,3.9,93.28,In Relationship,Yes,Rural,2.71,0.48,5G,Other,Yes,5.5,14.44,No,13,61,69.23,global_mobile
11692,UK,54,Female,Engineer,,29016.92,7.83,76,1.43,2.2,1.92,2.03,2.34,5.42,0.68,71.12,1.7,1.2,34.41,Married,Yes,Rural,0.84,0.62,5G,OnePlus,No,7.5,29.01,Yes,19,114,17.88,global_mobile
11693,China,37,Female,Doctor,,14171.57,6.15,53,1.87,2.6,2.9,1.25,2.83,6.83,1.5,11.89,8.2,6.2,34.39,Single,Yes,Rural,2.21,0.93,5G,Huawei,No,5.5,30.69,Yes,15,97,34.24,global_mobile
11694,Brazil,56,Female,Manager,,25919.31,10.31,63,3.04,0.94,1.61,0.43,1.68,7.6,1.38,57.63,4.8,4.0,87.08,Married,No,Rural,2.85,0.89,4G,Huawei,Yes,9.5,30.45,Yes,15,98,66.85,global_mobile
11695,Nigeria,21,Female,Student,,46463.01,7.95,73,0.99,0.13,2.07,1.75,2.61,9.58,1.24,32.65,5.0,10.0,78.18,In Relationship,Yes,Rural,1.75,0.56,4G,Xiaomi,Yes,9.5,29.68,Yes,15,100,78.66,global_mobile
11696,Russia,12,Male,Teacher,Bachelor's,9191.7,8.08,111,1.23,2.73,0.06,2.44,1.24,4.21,0.46,85.09,8.4,5.2,78.67,Married,No,Rural,3.72,0.68,3G,Apple,Yes,9.5,31.47,Yes,14,140,77.55,global_mobile
11697,Mexico,13,Male,Teacher,Master's,24811.13,4.65,88,2.41,0.08,0.0,1.62,1.89,6.19,0.42,62.63,9.6,0.2,79.18,Married,No,Urban,1.32,0.24,3G,Huawei,No,9.5,3.78,No,9,169,17.87,global_mobile
11698,India,27,Female,Doctor,,33324.56,8.62,99,2.3,0.86,0.73,1.73,2.74,5.86,1.64,58.21,0.5,1.6,17.52,Married,No,Urban,0.0,1.45,5G,Other,Yes,7.5,35.44,Yes,20,108,5.74,global_mobile
11699,Mexico,58,Female,Manager,,29878.11,4.65,116,1.91,1.37,3.54,2.07,1.76,4.16,0.88,8.74,1.2,1.7,42.07,Single,Yes,Rural,1.01,1.07,3G,Other,No,7.5,34.08,No,18,150,91.13,global_mobile
11700,USA,12,Other,Manager,Bachelor's,41988.27,5.65,79,1.45,2.82,2.48,1.84,2.72,6.14,0.78,77.17,9.3,9.6,30.29,Single,Yes,Rural,1.58,0.65,WiFi,Other,No,5.5,15.91,No,11,89,57.87,global_mobile
11701,China,55,Other,Teacher,PhD,16979.42,6.57,70,2.32,1.35,1.51,1.07,3.06,6.79,0.42,5.78,4.6,3.5,11.09,In Relationship,Yes,Urban,2.13,1.11,WiFi,Other,No,2.5,23.54,No,16,78,44.7,global_mobile
11702,Russia,19,Female,Doctor,,25242.96,9.16,132,3.74,2.31,4.34,1.22,3.49,5.61,0.63,60.03,8.5,1.3,48.81,Single,No,Urban,1.28,1.39,4G,Xiaomi,Yes,5.5,25.07,No,10,77,65.06,global_mobile
11703,USA,18,Male,Student,,23478.05,5.0,100,2.34,1.83,4.31,1.46,2.13,7.55,1.56,32.46,0.3,1.6,15.38,Married,Yes,Urban,0.78,0.53,4G,Xiaomi,Yes,7.5,24.51,Yes,9,185,81.28,global_mobile
11704,UK,35,Other,Student,PhD,11028.25,6.62,30,3.36,1.24,0.94,2.09,3.19,6.61,1.56,40.56,6.5,5.0,53.45,Single,No,Rural,1.36,1.48,5G,Other,No,5.5,22.81,Yes,14,84,56.34,global_mobile
11705,China,19,Male,Teacher,Master's,35818.41,3.55,65,2.75,2.12,1.98,1.5,1.72,6.62,1.06,94.77,3.2,2.5,63.48,Single,Yes,Rural,1.83,0.89,5G,OnePlus,No,9.5,18.4,No,9,63,78.84,global_mobile
11706,Japan,62,Male,Artist,,44156.53,6.86,120,2.53,1.64,1.23,1.53,1.46,6.98,0.47,27.68,6.8,4.4,16.16,In Relationship,No,Rural,0.58,0.87,WiFi,Huawei,Yes,2.5,23.75,Yes,9,127,98.7,global_mobile
11707,USA,54,Male,Engineer,PhD,17750.25,1.95,80,1.38,2.22,0.87,1.62,0.21,7.27,0.72,35.31,4.9,0.9,84.69,In Relationship,Yes,Urban,1.78,0.26,4G,Samsung,Yes,2.5,20.15,No,18,105,92.7,global_mobile
11708,Germany,39,Male,Engineer,High School,10364.76,5.08,73,1.08,2.59,1.22,1.63,2.26,6.52,0.31,23.21,5.2,3.6,95.17,Divorced,Yes,Rural,0.3,1.36,5G,Huawei,Yes,5.5,28.47,Yes,20,104,42.98,global_mobile
11709,Germany,33,Male,Engineer,High School,17943.14,7.88,54,2.84,0.0,2.36,2.1,1.74,4.79,1.03,46.47,2.0,6.3,56.71,Divorced,No,Rural,1.59,0.94,3G,Other,Yes,7.5,36.3,Yes,11,114,43.84,global_mobile
11710,USA,29,Other,Manager,PhD,47592.2,6.2,73,1.33,1.89,3.1,1.17,2.77,5.37,0.32,24.81,9.6,6.5,98.96,Married,Yes,Rural,1.94,0.45,3G,OnePlus,No,7.5,19.45,No,20,44,75.39,global_mobile
11711,UK,24,Male,Salesperson,PhD,35229.38,5.24,61,0.82,1.72,2.6,1.08,2.52,6.51,1.04,66.19,9.1,2.9,6.38,Single,No,Rural,1.9,0.0,3G,Samsung,Yes,7.5,23.65,Yes,13,90,71.8,global_mobile
11712,Japan,60,Female,Unemployed,,45605.44,10.89,72,1.21,0.15,1.63,1.45,0.63,7.79,0.82,59.86,2.9,3.1,52.44,Divorced,Yes,Rural,2.07,1.04,WiFi,Other,Yes,2.5,27.72,Yes,12,123,76.66,global_mobile
11713,Japan,14,Female,Manager,PhD,57401.32,8.03,83,2.62,1.09,3.17,1.35,0.89,7.02,0.0,13.39,8.7,0.4,70.77,Single,Yes,Urban,2.73,1.12,5G,Apple,Yes,2.5,19.39,Yes,18,126,60.01,global_mobile
11714,Mexico,47,Other,Salesperson,High School,27748.2,5.5,1,1.45,1.42,2.04,1.71,0.05,6.56,0.56,6.02,6.2,6.5,47.97,In Relationship,Yes,Rural,1.6,1.0,5G,OnePlus,Yes,9.5,19.04,No,16,123,52.71,global_mobile
11715,Germany,36,Female,Teacher,,27063.06,6.54,33,1.89,0.0,0.0,0.66,0.22,4.81,0.64,49.02,0.0,7.9,53.46,Divorced,Yes,Urban,0.73,1.81,WiFi,OnePlus,Yes,2.5,12.15,Yes,12,88,56.96,global_mobile
11716,Germany,24,Female,Manager,Master's,39807.24,5.82,82,2.87,1.58,2.58,1.87,2.08,7.99,1.15,66.38,8.9,3.4,5.29,In Relationship,Yes,Rural,0.64,0.49,3G,Samsung,Yes,5.5,18.82,Yes,11,107,74.16,global_mobile
11717,Japan,49,Male,Artist,PhD,29121.23,8.69,72,2.77,0.0,1.05,1.56,2.8,6.79,1.55,60.57,0.5,5.5,88.23,In Relationship,Yes,Urban,1.5,0.45,4G,OnePlus,No,2.5,33.27,No,16,54,24.38,global_mobile
11718,Russia,54,Male,Student,,25628.11,6.68,79,0.83,0.81,2.28,2.15,2.59,7.25,1.08,81.83,6.6,8.6,48.14,In Relationship,Yes,Urban,1.42,1.88,3G,Other,Yes,2.5,26.25,Yes,12,127,50.03,global_mobile
11719,China,49,Other,Unemployed,Master's,35350.4,7.75,30,2.85,0.78,3.17,1.5,3.46,5.76,1.31,22.35,5.5,2.2,31.54,Divorced,No,Urban,1.95,0.61,3G,Huawei,No,7.5,26.96,Yes,13,96,87.42,global_mobile
11720,Brazil,60,Male,Salesperson,PhD,12240.54,7.2,50,1.92,1.49,2.69,1.74,2.61,6.65,1.48,78.59,0.5,1.9,29.42,Married,Yes,Rural,0.34,0.86,3G,Samsung,Yes,5.5,30.96,No,14,128,98.21,global_mobile
11721,Nigeria,70,Male,Unemployed,,2807.26,5.02,66,2.26,1.76,3.0,2.42,2.62,4.64,1.4,58.47,8.7,3.6,14.99,Single,No,Rural,1.79,1.24,5G,Apple,No,7.5,29.09,No,12,134,37.9,global_mobile
11722,Japan,60,Other,Teacher,Master's,27602.79,4.63,71,3.82,1.23,3.98,2.17,1.36,7.65,1.32,10.75,7.6,6.0,40.81,In Relationship,Yes,Urban,1.76,0.31,4G,Xiaomi,No,5.5,26.28,No,14,131,4.94,global_mobile
11723,Nigeria,37,Male,Engineer,,25239.28,6.57,87,1.26,1.98,2.55,1.46,1.31,4.16,0.68,38.51,9.9,7.6,74.75,In Relationship,Yes,Rural,1.08,0.65,WiFi,Apple,Yes,7.5,25.13,Yes,18,92,28.28,global_mobile
11724,USA,51,Other,Engineer,PhD,10303.13,8.38,83,0.0,0.23,1.48,0.43,0.25,5.85,0.77,47.62,2.2,8.0,82.76,Divorced,No,Rural,1.65,1.49,3G,Other,No,2.5,11.15,Yes,8,53,63.75,global_mobile
11725,Nigeria,68,Male,Manager,PhD,10835.36,6.1,80,1.41,0.05,0.55,2.07,1.05,6.94,1.65,76.73,8.9,6.5,51.37,Single,No,Urban,0.0,0.53,3G,OnePlus,No,7.5,33.07,No,12,129,97.01,global_mobile
11726,Brazil,62,Other,Artist,Master's,29028.57,7.86,78,1.53,1.95,1.13,2.13,0.27,6.89,1.45,3.82,2.9,5.7,63.92,Married,No,Rural,2.06,0.72,3G,OnePlus,No,7.5,34.28,Yes,10,135,56.15,global_mobile
11727,UK,17,Other,Artist,,22225.48,5.33,77,2.0,1.04,1.76,0.61,0.07,7.71,0.42,51.62,2.5,7.7,22.74,Divorced,No,Urban,1.26,0.66,4G,Apple,Yes,9.5,17.77,No,9,125,76.42,global_mobile
11728,India,16,Male,Manager,High School,15707.02,3.67,80,0.62,1.85,0.95,1.91,1.71,5.19,1.29,53.75,2.5,3.9,8.29,Divorced,Yes,Rural,1.79,0.31,3G,Samsung,Yes,5.5,32.94,No,13,122,57.43,global_mobile
11729,India,33,Other,Doctor,Bachelor's,20954.14,4.65,83,2.26,0.98,1.9,1.03,1.66,6.01,0.65,59.27,6.5,6.7,54.84,Married,Yes,Urban,2.13,0.05,4G,Huawei,Yes,9.5,11.5,No,13,70,99.03,global_mobile
11730,India,68,Male,Teacher,,20698.63,8.34,76,1.17,1.28,3.14,2.24,2.83,6.72,1.48,49.9,8.5,0.2,8.28,Single,Yes,Urban,0.95,0.29,WiFi,Other,No,5.5,28.27,No,19,75,59.3,global_mobile
11731,Nigeria,60,Other,Teacher,,38566.0,4.74,78,2.74,0.64,1.54,2.52,1.73,5.38,0.74,16.24,2.8,1.0,81.9,Divorced,No,Urban,1.55,0.96,WiFi,Other,Yes,7.5,30.89,No,11,74,68.33,global_mobile
11732,Brazil,17,Other,Teacher,,26786.32,6.91,50,0.67,1.97,1.74,1.57,0.78,5.95,0.92,36.14,1.1,9.9,84.28,Married,No,Urban,1.65,0.99,3G,Xiaomi,No,9.5,20.02,Yes,16,89,20.4,global_mobile
11733,Brazil,39,Male,Doctor,Bachelor's,41760.04,8.81,77,3.31,2.71,3.84,0.96,1.99,6.98,1.08,62.59,5.4,5.5,18.93,Married,Yes,Rural,2.6,0.28,WiFi,Xiaomi,Yes,2.5,25.16,No,12,74,48.84,global_mobile
11734,Nigeria,27,Female,Unemployed,PhD,42833.18,4.96,67,1.18,1.29,1.42,1.14,1.32,8.05,2.8,75.89,9.8,0.8,11.66,Married,No,Rural,1.23,0.75,4G,Samsung,Yes,5.5,14.08,No,15,71,57.11,global_mobile
11735,Russia,48,Other,Artist,High School,13239.95,6.48,100,1.72,2.43,2.55,2.12,1.94,6.06,1.22,69.27,2.0,2.9,98.55,In Relationship,Yes,Rural,2.16,0.6,5G,Xiaomi,No,5.5,20.45,No,11,142,59.19,global_mobile
11736,Mexico,20,Other,Unemployed,Master's,8074.86,8.8,37,2.11,3.32,1.88,2.24,2.8,5.96,0.97,82.28,7.7,1.6,0.24,Divorced,Yes,Urban,2.08,1.21,3G,Apple,No,9.5,37.16,Yes,15,149,52.99,global_mobile
11737,China,28,Female,Engineer,Master's,20683.83,4.11,80,1.46,1.5,2.17,1.41,0.0,5.4,0.81,4.62,8.2,6.4,65.11,Divorced,No,Rural,2.99,1.44,WiFi,Huawei,Yes,9.5,9.31,Yes,14,132,24.62,global_mobile
11738,USA,30,Other,Teacher,Master's,49337.0,4.25,92,2.43,2.4,2.64,1.95,2.21,7.52,1.26,75.12,9.8,5.2,24.69,In Relationship,Yes,Rural,2.12,0.44,4G,Huawei,No,9.5,23.52,Yes,12,111,2.59,global_mobile
11739,Japan,44,Female,Artist,Master's,49996.99,5.42,100,0.55,3.39,1.36,1.77,1.56,3.98,0.23,17.35,5.3,8.5,98.87,Divorced,Yes,Rural,1.58,0.46,3G,Xiaomi,Yes,5.5,24.21,No,11,111,41.11,global_mobile
11740,USA,45,Male,Doctor,PhD,11175.65,5.69,89,0.0,1.93,1.72,1.23,1.63,6.83,1.21,48.49,1.6,0.9,62.69,Divorced,No,Urban,1.99,0.54,WiFi,Other,No,7.5,32.46,No,9,62,92.86,global_mobile
11741,Japan,16,Other,Unemployed,High School,30694.14,5.56,77,1.12,0.0,1.89,1.2,2.59,5.52,0.5,81.48,3.7,1.0,7.35,Divorced,Yes,Urban,1.49,2.53,3G,Xiaomi,Yes,5.5,12.66,Yes,11,96,4.83,global_mobile
11742,Mexico,25,Other,Artist,Bachelor's,17549.46,2.63,85,2.55,1.14,0.0,1.36,0.9,6.26,0.89,70.03,6.9,0.8,43.4,Divorced,No,Urban,1.06,0.32,WiFi,OnePlus,No,7.5,27.02,No,14,100,63.91,global_mobile
11743,Germany,64,Male,Salesperson,Bachelor's,6993.83,5.09,69,4.17,2.27,0.11,0.93,1.83,4.96,1.21,26.19,8.2,7.9,30.92,Divorced,Yes,Urban,1.64,0.0,5G,Other,Yes,2.5,43.24,No,16,141,51.69,global_mobile
11744,Nigeria,12,Male,Student,Master's,31991.75,3.17,76,0.0,3.65,4.19,1.27,2.73,7.22,0.46,74.64,3.9,6.3,99.87,Single,No,Rural,0.54,1.32,3G,Samsung,No,2.5,16.86,Yes,15,93,50.63,global_mobile
11745,Nigeria,40,Male,Doctor,,23000.85,4.33,89,2.89,2.0,1.69,2.35,2.9,6.01,1.94,59.78,4.8,7.7,12.94,In Relationship,Yes,Urban,3.42,0.66,3G,Samsung,No,9.5,17.99,Yes,15,122,3.75,global_mobile
11746,Japan,49,Male,Unemployed,Master's,37297.93,7.81,54,1.37,1.35,2.56,1.59,0.74,8.33,1.65,90.23,8.0,5.0,81.31,Single,No,Urban,1.69,0.0,3G,OnePlus,Yes,2.5,7.42,No,9,69,90.2,global_mobile
11747,UK,37,Other,Manager,Bachelor's,14152.49,7.99,95,1.17,2.8,2.17,1.54,1.43,7.08,0.0,17.92,6.6,1.7,48.05,Divorced,Yes,Urban,2.11,0.21,4G,Samsung,Yes,2.5,4.3,Yes,12,88,67.64,global_mobile
11748,UK,28,Male,Salesperson,,32277.04,10.45,83,2.65,4.15,0.37,1.6,3.41,7.47,0.8,5.77,4.7,9.6,21.33,Married,Yes,Urban,2.15,0.62,WiFi,Samsung,No,2.5,25.45,No,18,99,1.5,global_mobile
11749,Nigeria,22,Other,Student,Bachelor's,22137.05,7.37,88,2.57,2.21,1.52,1.08,2.3,6.98,0.55,19.22,9.0,8.5,16.85,Divorced,No,Rural,2.0,0.97,WiFi,Huawei,No,5.5,21.16,No,19,100,77.06,global_mobile
11750,Japan,35,Male,Doctor,High School,35035.55,6.3,53,3.0,3.0,3.48,1.93,1.06,7.75,1.2,99.05,6.0,8.1,89.9,Married,Yes,Urban,1.83,1.51,4G,Other,Yes,9.5,34.99,Yes,20,85,91.75,global_mobile
11751,Mexico,25,Female,Salesperson,PhD,43934.56,7.84,62,3.48,2.29,2.99,1.51,2.04,6.26,0.94,15.23,2.2,4.3,13.82,Married,No,Rural,2.11,0.78,WiFi,Huawei,Yes,7.5,30.97,Yes,18,123,47.09,global_mobile
11752,China,27,Other,Doctor,Master's,31503.78,6.43,77,0.41,1.99,1.51,0.78,0.97,6.04,0.68,34.06,4.7,0.3,3.49,Divorced,No,Urban,1.37,0.47,4G,Samsung,No,9.5,16.6,No,12,138,84.56,global_mobile
11753,Japan,38,Male,Artist,Bachelor's,9612.68,6.8,80,0.6,0.75,3.04,1.52,1.7,4.69,1.14,83.62,6.5,2.9,77.74,Married,No,Urban,1.42,0.91,5G,Xiaomi,Yes,7.5,30.04,Yes,16,86,87.47,global_mobile
11754,Russia,27,Other,Salesperson,Bachelor's,20681.94,4.09,113,1.6,0.0,1.33,1.19,2.34,5.91,1.8,46.29,9.1,4.2,48.26,In Relationship,Yes,Rural,3.42,0.2,4G,Huawei,Yes,9.5,19.78,No,16,98,39.07,global_mobile
11755,Nigeria,42,Male,Artist,High School,32590.93,4.34,90,2.57,0.79,1.63,0.74,1.84,6.61,0.96,42.45,4.4,9.7,70.96,Divorced,Yes,Urban,2.1,0.21,5G,Xiaomi,No,2.5,28.11,No,10,139,60.73,global_mobile
11756,China,21,Other,Student,Master's,19263.68,5.71,82,2.13,1.62,3.75,0.9,1.63,5.69,1.03,33.67,6.3,2.5,42.89,Divorced,Yes,Urban,0.89,0.42,4G,Huawei,No,5.5,16.58,Yes,8,83,9.57,global_mobile
11757,Nigeria,58,Female,Student,Master's,40901.8,7.98,70,2.12,2.04,0.36,1.1,1.93,7.23,1.56,68.35,6.5,1.7,56.39,Single,No,Urban,0.87,1.26,3G,OnePlus,No,9.5,29.62,No,13,69,80.01,global_mobile
11758,USA,70,Female,Salesperson,Master's,14966.47,7.48,40,2.07,0.52,3.16,0.17,2.86,7.98,0.64,70.14,5.6,2.4,90.1,Divorced,Yes,Rural,1.64,1.44,4G,OnePlus,Yes,2.5,30.76,Yes,19,66,75.52,global_mobile
11759,India,60,Female,Student,PhD,32946.29,6.8,78,2.35,3.7,2.37,1.15,1.72,6.43,0.4,14.39,9.2,4.3,17.08,Single,No,Urban,0.36,1.14,5G,Xiaomi,Yes,9.5,27.54,No,9,99,45.23,global_mobile
11760,UK,63,Other,Engineer,Master's,24380.42,8.13,96,1.47,1.67,1.01,1.64,1.3,3.99,1.12,62.65,5.6,3.0,31.84,Divorced,No,Rural,1.17,0.9,3G,Samsung,No,7.5,6.97,No,12,106,97.8,global_mobile
11761,Mexico,53,Male,Unemployed,PhD,42983.31,11.84,107,1.32,1.6,2.69,1.13,1.83,5.81,1.51,97.58,1.0,3.1,43.13,Married,No,Urban,0.8,1.4,5G,Other,Yes,2.5,23.84,No,14,112,58.31,global_mobile
11762,Nigeria,36,Female,Manager,Bachelor's,14523.82,3.4,63,2.13,0.35,2.19,2.13,1.93,7.77,1.37,91.77,3.3,4.3,71.71,In Relationship,Yes,Urban,1.35,0.97,WiFi,Huawei,Yes,7.5,41.42,Yes,10,89,71.41,global_mobile
11763,China,40,Other,Engineer,,15638.43,0.47,98,0.45,0.0,1.91,2.38,2.26,7.24,0.94,63.95,4.4,0.4,72.89,Married,Yes,Rural,1.89,0.5,3G,Samsung,Yes,5.5,30.86,No,14,63,82.02,global_mobile
11764,India,30,Female,Engineer,High School,16417.33,5.35,108,1.52,1.16,1.68,1.7,0.9,6.5,1.13,15.7,8.0,6.3,19.62,Married,No,Rural,1.15,0.09,5G,Other,Yes,5.5,31.98,No,16,84,32.82,global_mobile
11765,UK,21,Male,Unemployed,,34691.21,3.36,106,1.51,1.57,2.2,1.38,3.43,5.24,0.41,23.3,4.1,4.3,3.14,Married,Yes,Urban,0.0,1.29,3G,Huawei,No,5.5,18.97,Yes,18,63,81.13,global_mobile
11766,China,17,Female,Unemployed,,27735.13,5.66,68,1.19,2.32,0.33,1.58,2.2,7.26,0.58,97.3,5.6,1.7,79.1,Married,No,Rural,1.01,0.97,4G,Apple,Yes,2.5,10.67,Yes,11,82,56.85,global_mobile
11767,UK,26,Other,Teacher,PhD,0.0,4.27,101,1.74,1.07,1.61,1.81,2.5,7.12,1.07,17.82,7.7,5.0,57.31,Married,No,Rural,2.43,1.2,4G,Xiaomi,Yes,5.5,22.28,No,20,72,23.55,global_mobile
11768,USA,13,Other,Teacher,Master's,42836.38,1.98,123,4.93,2.83,0.6,2.12,0.67,4.25,0.94,38.66,6.6,9.4,97.67,In Relationship,No,Urban,2.39,0.75,4G,Xiaomi,No,7.5,42.25,No,9,144,69.88,global_mobile
11769,Japan,70,Other,Artist,Master's,31565.67,8.36,97,1.71,0.0,1.54,1.68,2.28,7.24,1.3,1.41,4.8,3.4,1.63,Married,Yes,Rural,1.11,1.15,3G,Apple,No,5.5,23.2,No,9,72,34.01,global_mobile
11770,USA,21,Other,Teacher,PhD,44259.4,5.7,121,2.16,1.68,3.09,0.83,2.92,6.27,0.62,79.07,3.0,4.2,40.47,In Relationship,Yes,Urban,1.14,0.55,5G,Huawei,Yes,9.5,31.71,No,20,154,43.46,global_mobile
11771,India,61,Female,Student,High School,52134.2,3.95,70,2.42,0.95,2.19,1.43,1.66,7.13,1.43,88.39,7.2,4.1,6.87,Divorced,Yes,Urban,1.63,1.18,4G,Samsung,Yes,5.5,23.27,No,12,116,80.73,global_mobile
11772,Japan,44,Female,Engineer,,17357.5,6.3,47,2.63,1.32,2.74,1.34,2.16,6.99,1.07,77.96,3.2,8.8,8.0,In Relationship,No,Rural,1.88,1.17,WiFi,Apple,Yes,2.5,14.7,Yes,16,102,45.62,global_mobile
11773,Japan,43,Male,Artist,PhD,34067.12,5.88,138,3.91,3.46,1.86,2.16,0.31,6.43,1.28,15.94,3.7,7.0,36.74,Single,No,Urban,2.36,1.03,WiFi,Samsung,Yes,9.5,30.08,Yes,13,145,34.16,global_mobile
11774,Mexico,65,Male,Artist,Bachelor's,31021.73,4.03,126,2.53,0.0,1.77,1.03,2.01,7.12,0.52,66.38,0.0,0.2,45.89,Divorced,Yes,Rural,2.68,0.5,5G,Xiaomi,Yes,5.5,22.41,No,13,84,75.48,global_mobile
11775,India,23,Female,Engineer,Master's,0.0,5.16,98,2.18,1.54,2.95,3.05,0.47,6.38,0.59,62.61,9.6,5.4,71.55,Divorced,No,Rural,1.64,0.76,WiFi,OnePlus,Yes,5.5,6.36,Yes,19,82,99.35,global_mobile
11776,USA,51,Male,Artist,PhD,39548.28,7.01,53,2.45,2.38,2.08,1.73,2.52,7.4,0.76,89.13,5.3,7.4,80.5,Single,Yes,Urban,1.25,1.19,WiFi,Samsung,Yes,7.5,9.89,No,14,116,62.55,global_mobile
11777,Mexico,54,Female,Artist,High School,53393.38,4.25,100,1.87,1.92,0.64,2.1,2.42,3.98,0.5,20.73,3.4,3.0,31.34,In Relationship,Yes,Rural,1.51,0.91,5G,Apple,Yes,2.5,25.44,Yes,12,101,72.37,global_mobile
11778,India,52,Other,Artist,Master's,61491.63,7.66,87,2.14,0.37,0.88,0.75,2.14,6.68,0.0,88.81,0.9,4.3,5.74,Single,Yes,Urban,2.46,1.02,3G,Huawei,No,7.5,16.23,Yes,9,170,78.52,global_mobile
11779,Japan,43,Other,Student,,4692.62,3.63,104,2.31,0.35,2.11,1.33,1.82,6.92,1.15,76.46,4.6,1.5,20.54,Single,No,Rural,0.0,1.21,WiFi,Other,Yes,2.5,33.39,No,11,68,18.19,global_mobile
11780,China,39,Other,Artist,High School,26758.73,8.2,31,2.77,1.85,1.99,2.59,3.96,6.06,0.0,26.12,6.7,0.8,77.72,Married,No,Urban,1.26,0.38,5G,Samsung,Yes,5.5,47.74,Yes,16,75,82.4,global_mobile
11781,India,68,Female,Salesperson,PhD,4286.61,5.93,114,0.57,1.05,1.62,1.71,1.67,6.09,1.34,95.43,3.4,8.1,21.03,Married,No,Urban,1.05,1.04,3G,Huawei,No,9.5,35.69,Yes,10,78,49.7,global_mobile
11782,UK,51,Male,Engineer,,64883.06,7.1,94,2.97,2.75,5.18,2.01,1.92,5.55,1.08,44.12,6.1,3.0,30.82,Married,Yes,Urban,1.33,0.0,4G,Other,Yes,5.5,24.37,Yes,19,125,91.58,global_mobile
11783,Nigeria,27,Other,Doctor,,63977.93,4.34,73,2.44,1.31,0.82,1.83,1.22,7.9,1.67,69.81,7.6,6.2,43.25,Married,Yes,Rural,2.69,0.92,4G,OnePlus,Yes,7.5,20.87,No,14,109,67.01,global_mobile
11784,UK,17,Other,Doctor,PhD,55727.74,8.21,37,2.78,0.3,1.04,1.1,1.56,6.61,0.42,34.44,0.8,3.0,63.12,In Relationship,No,Urban,2.62,0.41,WiFi,OnePlus,Yes,7.5,26.61,Yes,9,145,55.78,global_mobile
11785,Russia,26,Male,Engineer,PhD,67910.91,9.9,72,1.1,1.83,1.44,1.84,2.33,7.08,0.63,10.5,5.9,4.2,34.88,Single,No,Urban,1.25,1.01,3G,OnePlus,No,5.5,11.47,Yes,8,82,39.22,global_mobile
11786,India,19,Other,Teacher,Bachelor's,34799.27,6.4,86,0.93,0.1,3.42,1.21,1.01,5.46,0.7,56.69,7.5,1.9,79.94,Single,Yes,Urban,1.56,0.88,5G,Other,Yes,9.5,13.54,No,11,102,57.62,global_mobile
11787,China,33,Female,Student,PhD,17190.11,5.56,48,2.18,1.94,3.25,0.46,3.11,7.18,0.98,98.46,3.4,9.1,1.69,Single,No,Rural,0.61,0.18,4G,Samsung,No,5.5,31.04,Yes,15,85,13.01,global_mobile
11788,China,64,Other,Doctor,PhD,26166.96,3.78,32,3.6,3.02,0.77,1.02,2.16,7.44,1.06,28.74,3.5,3.7,24.48,In Relationship,Yes,Rural,2.08,1.23,3G,Other,No,2.5,13.15,No,17,111,35.25,global_mobile
11789,India,43,Male,Engineer,High School,41825.77,6.68,71,1.12,2.57,2.46,1.58,1.24,6.78,0.72,80.36,8.4,5.9,95.22,Single,No,Urban,2.16,0.0,3G,OnePlus,Yes,5.5,17.36,No,11,93,74.62,global_mobile
11790,Nigeria,54,Other,Unemployed,PhD,28408.79,2.8,63,1.07,2.0,0.78,1.18,1.51,6.53,0.54,37.63,5.0,9.5,76.1,Single,Yes,Urban,1.15,0.17,4G,Huawei,No,7.5,22.19,Yes,17,120,36.37,global_mobile
11791,India,37,Male,Unemployed,Bachelor's,15906.14,3.1,95,1.73,0.0,2.24,1.84,2.01,5.72,0.21,94.97,5.6,4.4,63.45,In Relationship,No,Rural,1.4,2.07,4G,Other,No,5.5,41.31,Yes,13,89,34.1,global_mobile
11792,Mexico,49,Male,Student,PhD,24336.78,5.23,104,1.92,0.03,3.31,2.01,0.84,7.11,0.64,19.14,9.5,0.2,94.88,Single,Yes,Urban,1.69,0.62,4G,Huawei,No,9.5,5.29,No,10,74,93.43,global_mobile
11793,Mexico,66,Male,Unemployed,High School,37874.15,6.93,84,0.0,1.72,2.08,1.55,3.13,7.07,1.11,85.88,9.1,3.8,88.67,Married,Yes,Urban,1.34,0.61,5G,OnePlus,No,5.5,18.66,Yes,17,147,32.48,global_mobile
11794,Japan,61,Female,Student,High School,29013.37,2.51,95,0.79,0.71,1.54,1.09,3.12,6.43,1.43,36.46,6.3,0.8,74.86,Single,No,Rural,2.52,0.96,3G,Other,No,2.5,27.78,No,13,78,18.18,global_mobile
11795,Nigeria,63,Female,Teacher,Master's,37259.15,8.09,76,3.12,1.81,1.93,1.51,1.86,6.08,0.56,54.35,0.8,4.8,11.07,Divorced,No,Urban,2.62,0.78,WiFi,OnePlus,Yes,7.5,39.34,Yes,15,102,63.71,global_mobile
11796,Nigeria,35,Male,Doctor,PhD,53764.79,11.3,87,2.69,1.92,0.61,1.55,0.0,6.33,1.21,31.25,2.3,9.9,87.84,Single,No,Urban,0.54,1.6,4G,Huawei,No,9.5,19.13,No,19,135,11.02,global_mobile
11797,Brazil,37,Male,Student,Bachelor's,21152.38,3.47,84,1.33,1.43,1.88,1.59,2.4,6.32,1.24,86.31,4.4,6.9,30.4,Divorced,No,Urban,0.75,0.3,5G,OnePlus,No,5.5,15.48,Yes,18,107,63.11,global_mobile
11798,Russia,69,Other,Artist,Bachelor's,48045.43,5.64,77,0.81,0.94,0.0,1.55,2.23,5.97,1.08,45.03,4.9,4.7,30.99,In Relationship,Yes,Rural,2.82,0.36,5G,Huawei,No,7.5,20.64,No,14,80,63.32,global_mobile
11799,Japan,18,Female,Teacher,PhD,0.0,6.85,80,1.19,1.78,1.53,1.29,1.83,4.71,1.39,79.1,4.5,8.8,75.07,Married,No,Urban,0.36,1.33,WiFi,Apple,No,5.5,24.01,No,13,55,93.48,global_mobile
11800,China,68,Female,Student,Master's,47235.9,7.06,101,3.52,1.07,1.97,1.2,2.89,4.46,1.06,82.99,9.2,0.1,71.77,In Relationship,Yes,Urban,0.53,0.48,3G,Xiaomi,No,7.5,10.79,Yes,14,85,29.1,global_mobile
11801,Mexico,35,Male,Doctor,PhD,45685.23,6.41,65,0.78,2.06,2.9,2.19,1.45,6.35,1.02,26.8,7.8,4.2,88.37,In Relationship,No,Urban,1.78,0.53,3G,Huawei,No,2.5,22.86,No,20,101,89.84,global_mobile
11802,Germany,38,Female,Artist,,40419.89,6.85,36,0.84,0.0,1.09,1.05,1.81,6.7,1.51,4.97,4.8,4.8,75.7,Single,No,Rural,2.15,0.63,WiFi,Xiaomi,Yes,5.5,39.26,Yes,16,99,2.68,global_mobile
11803,Japan,51,Other,Artist,Master's,55358.72,5.75,65,1.24,0.42,2.18,1.68,2.78,6.22,1.22,60.7,1.2,5.3,46.03,Married,Yes,Urban,1.83,1.47,5G,OnePlus,Yes,9.5,14.69,No,10,103,14.35,global_mobile
11804,UK,50,Female,Artist,PhD,32065.73,2.96,135,1.03,1.47,2.06,1.15,1.01,6.95,1.13,48.14,0.1,2.5,34.87,Single,Yes,Urban,1.29,1.46,3G,Apple,No,7.5,13.62,Yes,16,138,99.48,global_mobile
11805,Japan,30,Other,Manager,PhD,25123.59,9.52,11,1.95,3.77,2.29,2.14,1.12,6.76,1.38,88.4,2.3,5.2,46.8,In Relationship,Yes,Urban,2.45,1.26,4G,OnePlus,Yes,2.5,23.59,Yes,12,83,7.1,global_mobile
11806,India,65,Female,Doctor,PhD,25694.96,8.53,98,1.63,1.84,2.48,1.61,0.0,6.38,0.82,0.11,3.3,9.8,17.71,In Relationship,Yes,Rural,2.63,0.95,3G,Samsung,Yes,7.5,29.35,Yes,15,88,82.88,global_mobile
11807,Nigeria,63,Female,Unemployed,High School,43515.54,5.26,27,2.25,0.0,0.81,1.46,2.76,6.54,0.88,94.23,1.5,4.3,30.6,Married,Yes,Urban,1.97,0.37,WiFi,Huawei,No,5.5,24.3,Yes,11,90,6.88,global_mobile
11808,Mexico,13,Other,Teacher,,38545.9,3.94,55,3.24,0.15,0.88,2.4,1.11,4.93,1.81,55.18,3.7,1.7,22.53,Married,Yes,Rural,1.32,1.21,4G,Huawei,No,9.5,25.89,Yes,13,63,67.32,global_mobile
11809,USA,47,Other,Teacher,Master's,33093.94,2.95,82,1.42,1.44,2.77,2.43,2.43,7.22,1.71,36.87,1.5,5.0,29.74,In Relationship,Yes,Rural,0.25,0.27,WiFi,Samsung,No,9.5,20.49,No,12,89,32.38,global_mobile
11810,Mexico,26,Male,Student,High School,40458.76,6.13,92,0.07,2.3,1.91,0.98,1.95,6.23,0.0,86.56,5.4,6.0,92.57,Divorced,Yes,Rural,1.98,1.54,4G,Xiaomi,Yes,7.5,28.61,Yes,11,82,89.45,global_mobile
11811,Brazil,30,Male,Engineer,PhD,38135.65,5.68,60,2.09,3.25,3.2,1.99,3.37,6.91,0.67,96.57,6.7,1.3,64.12,Married,No,Rural,0.38,0.0,4G,Samsung,Yes,5.5,30.25,No,20,75,13.5,global_mobile
11812,China,49,Female,Artist,High School,6003.42,5.66,85,1.82,0.0,1.92,1.44,1.42,5.84,0.48,74.88,1.5,10.0,28.18,In Relationship,No,Rural,2.31,0.55,4G,Huawei,Yes,7.5,22.37,Yes,16,135,23.37,global_mobile
11813,Japan,46,Other,Student,PhD,0.0,5.41,29,2.21,1.28,2.27,1.23,1.93,7.22,0.86,66.33,8.0,4.8,69.39,In Relationship,No,Urban,2.32,1.12,4G,Huawei,Yes,7.5,36.2,No,16,89,5.18,global_mobile
11814,Nigeria,32,Other,Salesperson,Bachelor's,7035.03,8.88,75,0.0,2.65,1.99,1.61,3.26,6.42,1.0,84.46,0.8,6.4,53.73,Married,Yes,Urban,1.82,0.82,WiFi,Samsung,No,5.5,28.57,Yes,13,93,55.17,global_mobile
11815,China,60,Female,Artist,Bachelor's,28955.43,9.22,62,0.0,1.01,1.25,2.1,1.2,4.87,0.87,93.11,3.8,7.0,6.37,Divorced,No,Rural,2.04,0.0,4G,Samsung,Yes,2.5,31.49,Yes,11,94,35.32,global_mobile
11816,Russia,58,Other,Student,PhD,24877.78,6.72,81,3.4,2.9,1.33,1.16,1.03,7.34,1.16,30.15,6.0,3.2,65.92,In Relationship,No,Urban,1.37,1.02,WiFi,Huawei,Yes,2.5,21.54,Yes,13,75,22.26,global_mobile
11817,Brazil,55,Other,Manager,Bachelor's,16727.66,1.05,76,1.72,0.0,1.78,0.47,1.94,7.29,0.81,75.25,1.2,6.3,51.5,In Relationship,No,Rural,2.14,0.43,4G,Samsung,No,5.5,25.25,No,16,129,90.12,global_mobile
11818,Nigeria,47,Other,Doctor,PhD,19151.46,9.7,101,2.11,3.55,1.86,2.14,3.18,4.58,1.07,37.86,8.8,8.8,36.73,Single,Yes,Urban,1.84,1.53,5G,OnePlus,Yes,7.5,23.89,Yes,12,127,0.17,global_mobile
11819,Germany,66,Other,Doctor,PhD,3215.11,6.33,69,0.7,1.03,3.87,1.85,1.68,6.41,1.03,14.22,5.2,9.0,12.04,Single,No,Rural,1.41,0.84,WiFi,Apple,No,9.5,7.28,Yes,12,129,29.13,global_mobile
11820,Mexico,44,Female,Salesperson,Bachelor's,49910.0,3.43,46,0.59,1.22,1.48,1.41,3.14,6.75,1.04,88.04,8.0,9.6,70.72,Married,No,Urban,1.08,0.87,WiFi,Xiaomi,Yes,7.5,32.31,No,15,49,80.29,global_mobile
11821,Brazil,26,Male,Artist,,7468.08,6.46,81,3.93,0.46,0.61,1.87,2.5,7.82,0.76,16.55,1.9,5.0,22.77,Divorced,Yes,Urban,1.28,1.13,3G,Apple,Yes,2.5,34.88,No,11,125,50.89,global_mobile
11822,China,34,Male,Salesperson,High School,38719.95,3.52,84,2.31,2.93,2.1,1.58,1.24,5.13,1.32,99.53,3.2,2.4,39.63,Single,No,Urban,2.22,1.32,5G,Huawei,No,9.5,21.32,No,12,130,11.16,global_mobile
11823,Brazil,28,Male,Manager,Master's,39351.71,2.68,55,4.0,0.96,0.52,1.22,1.94,6.85,0.22,29.86,7.5,8.9,19.51,Married,Yes,Rural,1.25,0.22,3G,Apple,Yes,7.5,30.71,No,9,139,81.99,global_mobile
11824,China,20,Male,Engineer,Master's,45518.97,3.8,98,0.86,0.79,2.07,1.6,3.65,6.25,1.21,11.38,4.3,0.2,2.69,Married,No,Urban,0.29,0.11,5G,OnePlus,No,7.5,33.1,No,11,79,87.41,global_mobile
11825,China,54,Male,Doctor,Master's,28544.12,4.63,91,2.25,2.48,0.61,1.09,4.47,7.05,1.33,9.37,2.7,5.4,65.6,In Relationship,Yes,Rural,0.21,1.04,WiFi,Xiaomi,Yes,2.5,26.61,Yes,10,101,7.88,global_mobile
11826,India,70,Female,Teacher,Bachelor's,4260.22,2.45,51,2.54,0.0,1.87,1.65,1.98,5.92,1.54,5.77,7.8,3.0,66.1,Single,No,Rural,1.21,0.8,5G,Apple,Yes,7.5,19.32,Yes,11,63,76.14,global_mobile
11827,China,60,Male,Teacher,Master's,47922.19,3.61,74,1.0,0.53,3.29,1.52,2.9,4.87,1.13,47.55,7.1,1.9,53.6,Married,Yes,Urban,1.58,1.31,WiFi,Samsung,Yes,5.5,24.62,No,14,91,89.96,global_mobile
11828,Russia,42,Male,Engineer,Bachelor's,66033.51,5.73,72,1.57,1.45,3.51,1.63,1.54,7.96,0.54,38.78,1.3,7.7,86.31,Single,No,Rural,1.9,0.24,WiFi,Samsung,Yes,7.5,7.57,Yes,14,111,0.32,global_mobile
11829,Germany,64,Male,Unemployed,Master's,2618.34,10.41,42,2.11,0.98,2.25,1.1,2.15,6.04,1.15,95.78,3.0,3.1,24.61,Divorced,Yes,Rural,0.91,0.15,4G,Samsung,No,5.5,38.35,No,16,129,6.83,global_mobile
11830,Mexico,55,Male,Salesperson,Master's,35750.08,5.96,81,2.29,2.39,3.31,1.4,1.75,5.87,1.49,2.2,4.8,8.8,41.2,Divorced,Yes,Rural,2.66,0.96,4G,Samsung,No,2.5,20.0,Yes,20,66,62.47,global_mobile
11831,Russia,66,Other,Salesperson,Master's,18373.67,7.21,107,0.0,2.64,3.75,1.78,2.28,7.39,1.71,14.64,9.5,6.1,45.41,Divorced,No,Rural,1.82,0.0,WiFi,Huawei,Yes,7.5,22.15,Yes,20,131,81.88,global_mobile
11832,India,35,Female,Manager,,38536.79,5.03,103,0.0,0.86,0.27,1.48,4.5,7.29,1.56,40.06,4.0,5.0,50.49,Single,Yes,Rural,1.66,0.65,WiFi,Other,No,7.5,22.71,Yes,12,68,54.59,global_mobile
11833,Nigeria,53,Female,Student,Master's,40198.69,6.95,30,0.34,3.13,2.64,1.99,2.12,6.89,0.0,12.66,0.9,3.3,39.79,In Relationship,No,Rural,1.58,0.19,4G,Other,No,5.5,16.2,Yes,19,91,90.29,global_mobile
11834,Brazil,43,Other,Teacher,High School,24949.37,7.36,117,1.54,0.7,1.85,1.52,1.5,7.58,1.13,50.14,9.8,9.0,52.54,Married,Yes,Rural,1.75,1.24,5G,Xiaomi,Yes,2.5,31.51,No,18,90,4.46,global_mobile
11835,UK,43,Female,Engineer,High School,35975.58,5.8,104,1.21,2.89,3.36,2.66,3.2,8.99,1.32,1.12,0.1,0.6,64.79,Single,No,Urban,1.17,0.67,WiFi,Other,No,5.5,11.64,Yes,14,137,11.79,global_mobile
11836,Russia,58,Female,Teacher,Master's,15677.61,6.06,97,3.77,2.94,3.07,1.4,1.62,5.14,0.74,92.42,8.7,5.8,92.68,Single,Yes,Rural,1.54,0.56,4G,Apple,No,2.5,37.12,No,9,103,21.52,global_mobile
11837,Brazil,55,Other,Student,Bachelor's,28447.65,6.98,83,3.03,2.31,2.32,1.41,2.89,7.48,0.32,3.5,4.7,7.9,84.33,Married,No,Rural,1.57,0.0,4G,Huawei,Yes,9.5,25.03,No,10,69,77.6,global_mobile
11838,Russia,50,Female,Student,High School,66791.71,5.99,80,1.64,0.88,1.76,1.02,1.53,6.17,1.41,79.23,2.8,5.0,14.68,Single,No,Urban,0.79,0.16,3G,OnePlus,No,2.5,21.1,Yes,11,113,3.61,global_mobile
11839,Japan,39,Other,Teacher,Master's,19521.05,8.74,54,1.2,1.17,2.77,1.71,0.26,7.35,0.0,41.03,9.6,5.7,94.66,In Relationship,Yes,Rural,0.79,0.92,4G,Xiaomi,No,2.5,42.84,Yes,13,86,81.33,global_mobile
11840,China,65,Other,Artist,High School,10013.11,2.42,91,1.93,1.78,1.17,1.39,1.98,5.29,1.53,67.03,2.4,2.7,37.92,Single,Yes,Rural,1.07,0.98,WiFi,OnePlus,No,5.5,33.72,No,9,61,27.71,global_mobile
11841,Japan,64,Male,Doctor,Bachelor's,25267.95,2.21,145,3.47,1.17,2.24,1.29,1.2,6.41,1.59,41.77,8.2,4.9,19.06,Married,No,Rural,2.38,0.0,3G,Apple,No,7.5,34.91,No,20,95,54.53,global_mobile
11842,Mexico,12,Other,Unemployed,,7661.18,3.26,77,1.82,2.33,2.38,2.02,1.73,6.99,0.22,7.27,6.6,1.7,62.09,Married,No,Rural,2.97,0.33,WiFi,Apple,Yes,7.5,10.41,Yes,12,116,19.92,global_mobile
11843,Russia,24,Female,Salesperson,,22010.83,6.91,95,2.41,1.72,3.32,1.25,1.47,6.49,1.32,41.39,4.5,5.8,61.28,In Relationship,No,Urban,2.88,0.5,4G,OnePlus,Yes,9.5,12.65,Yes,8,159,69.52,global_mobile
11844,Mexico,60,Male,Doctor,PhD,12121.93,5.91,68,1.88,0.52,1.58,1.01,2.58,7.07,0.94,73.93,3.8,8.7,88.57,In Relationship,Yes,Urban,1.05,0.93,5G,Apple,Yes,9.5,20.28,No,20,112,3.84,global_mobile
11845,USA,48,Male,Engineer,Bachelor's,32623.46,3.46,75,3.14,1.34,2.58,1.44,1.89,6.69,1.73,23.13,9.9,6.3,21.6,Single,Yes,Rural,1.98,0.86,WiFi,OnePlus,Yes,2.5,26.62,No,17,88,76.33,global_mobile
11846,USA,54,Other,Student,Master's,15531.33,7.53,69,1.36,2.82,3.15,0.61,2.46,6.64,1.21,71.42,8.3,8.5,2.05,Married,Yes,Rural,0.78,0.79,WiFi,Huawei,Yes,2.5,25.99,No,19,66,90.52,global_mobile
11847,China,70,Male,Manager,High School,38826.22,7.99,70,2.64,0.63,3.95,2.03,1.89,6.07,1.41,79.15,9.4,7.9,81.79,Divorced,Yes,Rural,0.63,1.03,3G,OnePlus,Yes,9.5,30.05,No,10,90,67.2,global_mobile
11848,Brazil,49,Male,Doctor,Master's,45982.27,7.99,72,2.1,1.77,3.11,1.3,2.11,7.94,1.02,34.17,2.3,2.7,79.56,Single,No,Rural,2.19,0.74,3G,Samsung,No,5.5,40.44,No,9,12,51.68,global_mobile
11849,Brazil,49,Female,Engineer,Master's,14190.6,5.97,82,1.0,1.89,1.49,1.64,1.87,9.75,1.26,91.54,7.4,5.2,57.95,In Relationship,Yes,Urban,2.84,0.71,4G,Huawei,No,9.5,18.99,No,13,104,21.29,global_mobile
11850,Brazil,36,Other,Engineer,Master's,24682.86,7.03,103,2.15,1.39,2.86,1.81,3.78,6.24,0.76,18.35,4.6,8.6,60.11,Single,Yes,Rural,3.01,0.67,3G,Samsung,Yes,5.5,9.56,No,13,170,92.03,global_mobile
11851,UK,18,Male,Manager,Bachelor's,43300.39,3.83,85,0.41,1.98,2.68,1.85,1.95,7.51,0.52,0.06,0.3,7.0,34.62,Single,No,Rural,2.2,0.35,5G,Apple,No,9.5,33.92,No,20,56,56.3,global_mobile
11852,China,21,Other,Unemployed,PhD,41792.54,5.81,21,2.03,3.45,2.91,0.97,1.52,6.03,0.07,63.42,7.9,1.5,96.56,Divorced,No,Rural,0.91,1.01,5G,Apple,No,2.5,30.09,No,15,75,24.12,global_mobile
11853,Brazil,53,Female,Manager,High School,48140.89,5.23,102,3.55,0.45,0.99,1.02,3.4,7.28,1.58,79.71,8.6,1.4,70.53,Single,Yes,Rural,1.86,1.33,WiFi,Xiaomi,Yes,2.5,31.85,No,11,173,94.89,global_mobile
11854,USA,16,Female,Student,PhD,58488.14,4.85,78,1.23,0.0,0.88,2.3,4.14,4.79,0.0,80.89,9.4,2.7,31.68,Married,Yes,Urban,2.3,0.96,WiFi,Huawei,No,2.5,39.18,Yes,17,134,46.66,global_mobile
11855,India,60,Male,Teacher,Master's,18606.7,8.85,82,1.36,1.98,0.0,1.73,1.75,6.3,0.79,49.37,1.7,1.5,42.04,In Relationship,Yes,Rural,2.48,0.68,WiFi,Huawei,No,5.5,11.59,Yes,20,94,6.49,global_mobile
11856,Japan,42,Female,Manager,Master's,10236.72,7.07,78,1.11,2.19,3.99,1.27,3.51,7.59,1.77,98.18,8.9,4.8,0.57,Single,Yes,Rural,1.28,0.48,4G,Other,No,5.5,18.98,No,10,77,76.88,global_mobile
11857,UK,44,Male,Teacher,High School,45874.45,5.42,113,0.4,0.0,4.08,0.75,0.36,6.55,1.93,68.83,2.9,1.7,31.95,Divorced,Yes,Rural,1.58,0.74,4G,Other,Yes,9.5,37.12,No,10,114,73.95,global_mobile
11858,China,43,Other,Salesperson,,3860.91,4.97,102,4.34,0.99,0.82,2.26,2.73,7.44,1.73,19.22,9.2,5.5,47.81,In Relationship,No,Urban,1.59,0.18,WiFi,Other,Yes,9.5,21.72,Yes,19,104,14.26,global_mobile
11859,Nigeria,58,Female,Artist,High School,26922.76,6.09,96,1.0,0.45,3.73,0.83,3.76,5.61,1.79,96.88,3.8,0.7,40.69,Married,No,Urban,1.33,0.0,5G,Apple,No,2.5,25.02,Yes,10,155,7.42,global_mobile
11860,Nigeria,32,Male,Unemployed,Master's,34882.5,6.58,103,1.72,3.22,1.42,2.02,2.01,6.56,1.4,16.57,0.8,2.1,15.92,Single,No,Urban,1.47,0.49,WiFi,Huawei,Yes,9.5,41.86,Yes,11,44,48.78,global_mobile
11861,Mexico,65,Male,Salesperson,,30380.7,8.99,80,1.84,0.45,1.66,2.04,2.46,8.52,1.56,68.33,0.1,6.0,97.34,Divorced,Yes,Urban,0.82,1.74,4G,OnePlus,No,7.5,36.97,Yes,19,124,79.08,global_mobile
11862,UK,32,Male,Engineer,PhD,67211.22,9.01,66,1.24,2.76,1.86,1.93,1.76,6.29,1.02,91.89,4.9,6.7,4.68,Married,Yes,Urban,1.38,0.83,WiFi,OnePlus,No,9.5,21.94,Yes,11,147,24.18,global_mobile
11863,Mexico,36,Male,Doctor,,49161.07,8.33,57,2.59,1.69,2.15,1.88,2.58,5.91,1.11,14.39,8.6,4.5,88.63,Married,No,Rural,1.43,0.0,3G,OnePlus,No,7.5,14.92,No,16,99,53.74,global_mobile
11864,Brazil,35,Male,Artist,Bachelor's,18665.93,7.3,105,1.74,2.04,0.84,1.29,1.81,5.31,1.41,20.57,1.6,3.0,76.73,In Relationship,No,Urban,0.16,0.27,5G,Samsung,No,2.5,10.51,No,9,64,98.65,global_mobile
11865,Japan,13,Other,Teacher,High School,52363.09,12.38,55,1.88,0.0,2.99,1.29,3.09,5.47,0.7,33.99,5.4,0.5,52.36,In Relationship,No,Rural,1.36,0.99,3G,OnePlus,Yes,7.5,32.59,No,13,157,16.15,global_mobile
11866,China,28,Female,Salesperson,,23486.2,8.38,66,2.51,0.0,3.2,1.45,0.72,7.16,1.18,81.79,7.3,1.9,86.4,Single,No,Rural,2.8,1.24,3G,Xiaomi,No,9.5,26.3,No,9,126,48.75,global_mobile
11867,Russia,54,Female,Artist,High School,16165.64,5.65,40,1.61,1.53,2.79,1.44,1.98,5.92,1.83,44.81,4.0,6.9,14.99,Single,No,Rural,1.16,0.0,3G,Other,No,2.5,26.79,Yes,9,50,39.0,global_mobile
11868,Russia,62,Other,Unemployed,High School,16732.87,6.11,33,0.1,0.0,2.26,1.9,1.99,6.88,1.13,59.09,7.4,4.9,73.45,In Relationship,Yes,Urban,0.0,1.38,3G,Apple,Yes,5.5,24.25,Yes,13,107,17.54,global_mobile
11869,Mexico,69,Male,Teacher,Bachelor's,24249.98,2.44,90,1.85,0.0,3.99,1.94,2.79,4.47,1.5,72.06,5.9,1.2,83.87,Married,Yes,Urban,1.21,1.11,3G,Apple,No,7.5,15.88,No,14,97,17.65,global_mobile
11870,USA,42,Female,Salesperson,,27701.84,5.92,62,1.95,0.0,1.62,1.45,0.73,6.46,0.98,36.61,2.5,0.7,20.68,In Relationship,Yes,Urban,2.36,0.52,4G,Apple,No,2.5,43.26,No,10,63,75.6,global_mobile
11871,China,58,Other,Doctor,Master's,27695.23,7.36,74,2.13,2.49,1.86,2.18,1.6,6.38,1.94,38.25,5.1,2.9,15.58,Married,No,Urban,1.39,0.37,4G,Other,Yes,7.5,29.38,No,12,92,14.36,global_mobile
11872,UK,25,Other,Teacher,PhD,37554.52,6.7,80,2.64,1.85,1.98,1.01,3.11,6.15,0.0,79.1,9.4,1.5,56.58,In Relationship,No,Urban,1.96,0.83,4G,Xiaomi,Yes,2.5,32.52,No,8,72,28.58,global_mobile
11873,India,49,Female,Student,High School,47212.84,7.29,92,3.96,2.89,0.76,1.64,1.63,5.33,0.0,52.64,3.3,9.4,50.65,Divorced,No,Rural,1.74,1.41,WiFi,Xiaomi,Yes,2.5,8.4,No,16,84,39.39,global_mobile
11874,UK,16,Other,Manager,PhD,51430.33,8.99,46,1.57,1.97,1.73,1.16,3.17,5.83,1.61,23.68,7.2,4.9,62.07,Married,No,Urban,0.63,1.26,5G,Huawei,Yes,2.5,25.94,No,16,86,28.63,global_mobile
11875,Brazil,21,Other,Teacher,High School,41122.39,8.09,76,1.72,2.15,2.13,0.99,2.08,8.12,1.78,49.58,4.4,1.3,25.14,Single,No,Urban,0.96,0.0,WiFi,Samsung,No,2.5,14.98,Yes,17,75,10.01,global_mobile
11876,Japan,46,Male,Artist,,20059.22,3.3,69,1.95,1.01,1.97,1.29,2.17,5.41,1.51,49.84,9.6,6.1,26.86,Married,No,Urban,2.41,1.42,4G,Xiaomi,No,2.5,25.89,Yes,16,101,42.16,global_mobile
11877,India,34,Male,Teacher,Master's,23550.33,9.39,110,2.7,1.19,2.78,1.47,1.86,7.48,0.79,60.83,4.8,2.4,70.82,Single,No,Urban,1.13,0.4,WiFi,Samsung,No,2.5,18.24,Yes,19,108,19.54,global_mobile
11878,Japan,31,Other,Manager,Master's,16871.68,3.66,158,1.82,1.74,1.72,1.67,2.71,6.16,0.58,85.44,4.4,6.6,79.64,Single,Yes,Rural,2.2,0.3,3G,Samsung,Yes,5.5,21.57,No,16,115,75.2,global_mobile
11879,UK,20,Other,Unemployed,High School,23407.7,5.62,107,2.46,0.27,1.84,2.01,2.37,7.4,0.43,28.31,8.0,4.4,48.9,Single,Yes,Rural,2.94,0.96,5G,Apple,Yes,5.5,11.41,No,18,74,23.29,global_mobile
11880,Russia,35,Male,Unemployed,Master's,32736.25,4.6,50,0.34,0.05,2.09,1.65,2.64,6.63,0.12,49.09,6.7,1.4,62.43,In Relationship,Yes,Rural,0.7,0.8,WiFi,Other,No,9.5,21.68,No,19,95,46.51,global_mobile
11881,China,27,Other,Teacher,High School,20798.42,9.88,68,2.19,0.38,2.96,0.88,1.02,5.98,1.31,47.91,0.2,0.2,12.88,Single,No,Rural,1.48,0.93,3G,Samsung,No,9.5,18.62,No,16,90,71.72,global_mobile
11882,Russia,57,Female,Manager,Bachelor's,48897.32,4.82,76,0.0,2.08,0.14,1.58,1.17,5.3,1.45,17.32,5.8,1.1,77.6,Married,Yes,Urban,1.89,0.53,WiFi,Huawei,Yes,2.5,18.55,No,19,88,5.93,global_mobile
11883,Japan,39,Male,Manager,Master's,22899.76,5.85,36,2.58,1.25,1.42,1.52,2.51,6.28,1.46,56.3,1.0,6.9,94.34,Divorced,Yes,Rural,3.79,1.32,3G,Huawei,Yes,9.5,21.49,Yes,11,88,5.95,global_mobile
11884,India,63,Male,Engineer,PhD,13832.76,8.77,130,2.17,0.67,1.66,2.12,0.57,5.96,1.32,61.71,3.2,9.9,81.66,Married,Yes,Urban,0.55,1.69,3G,Other,No,9.5,31.86,No,14,69,89.93,global_mobile
11885,USA,52,Male,Manager,PhD,35708.86,4.32,116,1.11,0.23,1.05,0.88,2.48,7.83,0.04,80.87,7.0,1.7,59.81,In Relationship,No,Rural,0.0,1.62,5G,OnePlus,No,5.5,15.34,No,15,69,13.13,global_mobile
11886,Japan,60,Female,Manager,PhD,45524.27,7.6,72,2.91,1.86,2.13,1.43,1.87,6.25,0.34,47.53,9.0,8.1,72.72,Single,No,Rural,1.42,0.53,5G,OnePlus,Yes,7.5,34.73,No,12,101,66.39,global_mobile
11887,China,34,Male,Unemployed,,68223.79,6.78,71,1.36,1.26,0.43,1.45,3.54,5.78,1.01,33.92,0.6,3.5,13.15,Divorced,Yes,Urban,1.52,0.71,4G,Huawei,No,2.5,33.69,No,17,92,43.38,global_mobile
11888,Brazil,39,Female,Doctor,,14424.15,7.62,75,2.35,0.09,1.86,0.56,1.44,7.85,1.19,79.34,1.5,7.4,65.43,Single,Yes,Rural,2.19,0.89,WiFi,Xiaomi,No,9.5,27.77,Yes,20,55,14.33,global_mobile
11889,Japan,20,Male,Engineer,PhD,17686.73,6.24,71,2.7,0.0,2.65,1.18,1.56,6.28,0.96,28.02,7.5,0.9,25.38,Single,No,Rural,0.76,0.29,WiFi,Xiaomi,No,5.5,23.93,No,11,83,82.29,global_mobile
11890,Germany,60,Other,Salesperson,High School,19794.62,2.34,73,3.42,0.0,2.89,1.22,1.47,6.13,0.76,24.91,6.3,5.4,45.47,Married,No,Rural,1.01,0.25,WiFi,Xiaomi,No,5.5,19.74,Yes,14,60,34.03,global_mobile
11891,USA,56,Other,Engineer,PhD,34541.83,8.91,142,3.03,1.62,0.62,2.31,3.37,6.79,1.4,24.43,1.6,5.1,37.11,Single,Yes,Rural,0.98,0.81,3G,Xiaomi,Yes,5.5,11.62,No,8,91,54.36,global_mobile
11892,India,57,Other,Manager,,40545.8,7.39,84,1.32,1.28,2.87,1.44,1.8,6.03,0.96,77.73,6.0,0.8,41.25,Married,Yes,Rural,2.02,0.77,5G,Other,Yes,5.5,11.64,No,14,50,66.64,global_mobile
11893,Brazil,14,Female,Unemployed,PhD,26528.9,5.53,40,2.33,2.52,0.99,1.15,3.09,6.2,0.69,12.35,6.6,9.9,72.85,Divorced,No,Rural,0.15,1.37,4G,Apple,No,9.5,30.21,No,20,120,65.88,global_mobile
11894,Nigeria,37,Other,Manager,,32613.16,6.03,60,1.59,0.42,1.45,1.3,1.76,4.27,1.07,61.78,7.6,5.1,0.96,Married,Yes,Urban,1.29,0.9,WiFi,Huawei,Yes,9.5,17.96,Yes,14,103,23.46,global_mobile
11895,Russia,60,Male,Student,PhD,32739.08,5.47,112,2.54,0.97,2.95,1.62,3.69,5.15,1.04,95.31,8.7,4.2,11.09,Married,Yes,Rural,2.39,0.35,WiFi,Huawei,Yes,5.5,15.08,Yes,9,80,16.81,global_mobile
11896,Russia,49,Male,Student,Master's,26990.73,2.71,86,2.41,2.58,2.34,1.74,2.07,7.5,1.06,40.86,0.3,8.6,90.72,Married,Yes,Urban,0.94,1.17,3G,Samsung,Yes,7.5,31.78,Yes,12,79,8.04,global_mobile
11897,Russia,18,Female,Engineer,High School,0.0,8.28,88,3.45,1.46,1.79,1.87,2.05,6.61,0.93,54.56,3.5,4.5,46.05,Divorced,Yes,Urban,1.84,0.78,WiFi,Huawei,No,2.5,18.35,Yes,18,98,8.44,global_mobile
11898,Mexico,64,Other,Salesperson,Master's,36554.88,6.67,96,1.87,1.09,1.14,0.91,0.97,6.56,0.0,79.83,8.4,5.1,19.97,Divorced,No,Rural,1.7,0.85,5G,Xiaomi,Yes,5.5,24.38,No,12,60,27.56,global_mobile
11899,Brazil,31,Male,Engineer,Master's,40572.32,5.41,106,2.2,2.75,1.32,1.31,2.62,7.8,1.69,93.87,4.3,2.9,88.46,In Relationship,No,Rural,1.73,0.35,4G,Other,Yes,2.5,10.7,Yes,8,49,90.25,global_mobile
11900,Nigeria,29,Other,Salesperson,,31887.02,4.49,62,0.47,0.94,2.68,1.88,2.25,7.45,0.79,39.76,8.3,0.5,75.8,In Relationship,Yes,Urban,1.26,0.68,WiFi,OnePlus,Yes,2.5,39.43,Yes,12,113,85.59,global_mobile
11901,Germany,42,Female,Engineer,High School,19211.57,3.57,84,2.57,1.02,1.53,0.25,1.91,6.87,0.3,22.39,4.0,5.2,22.1,In Relationship,Yes,Urban,0.06,0.63,3G,Other,Yes,5.5,30.03,No,15,80,10.35,global_mobile
11902,Russia,53,Male,Artist,Master's,19639.47,5.53,59,2.37,1.72,2.26,1.23,1.61,5.38,1.12,29.45,7.3,3.6,56.28,Divorced,No,Rural,2.13,0.45,3G,Samsung,Yes,9.5,17.62,Yes,10,88,11.69,global_mobile
11903,India,41,Male,Doctor,Bachelor's,13496.24,6.48,100,1.55,2.14,1.28,2.1,0.67,8.32,2.16,37.61,9.1,8.3,88.99,In Relationship,Yes,Urban,0.71,0.65,4G,Huawei,No,5.5,25.32,Yes,17,66,46.36,global_mobile
11904,USA,48,Male,Teacher,Master's,34160.64,10.07,94,0.99,2.91,2.14,2.12,0.85,7.23,1.07,21.59,3.6,3.6,72.28,In Relationship,Yes,Urban,2.44,1.13,4G,Samsung,No,5.5,34.05,No,15,43,33.81,global_mobile
11905,Nigeria,63,Male,Engineer,PhD,36931.86,10.23,85,2.75,0.0,2.13,1.1,0.76,6.93,0.54,19.66,4.0,3.9,83.23,Divorced,No,Rural,1.66,0.54,WiFi,Samsung,No,5.5,40.5,No,9,80,12.91,global_mobile
11906,Brazil,69,Other,Artist,Master's,43060.21,6.37,65,2.11,1.34,1.25,0.98,1.53,6.55,2.29,29.3,4.3,4.0,90.8,Married,Yes,Urban,1.36,1.12,3G,Samsung,Yes,7.5,23.34,No,15,152,56.79,global_mobile
11907,Nigeria,19,Male,Manager,Bachelor's,16532.17,2.78,75,4.0,1.68,3.02,0.23,2.18,7.5,0.97,88.53,5.8,0.7,9.22,Single,No,Rural,2.09,0.52,WiFi,Apple,No,2.5,35.55,Yes,17,98,10.7,global_mobile
11908,Mexico,66,Male,Unemployed,PhD,35453.15,6.88,68,1.32,0.86,1.58,1.76,1.11,7.51,1.37,34.52,7.4,9.3,72.2,In Relationship,No,Rural,2.26,0.77,3G,Other,Yes,2.5,3.09,Yes,18,96,57.29,global_mobile
11909,Mexico,66,Other,Student,Master's,31761.15,7.69,38,3.46,1.48,0.58,1.25,1.7,6.12,1.04,37.03,9.7,5.5,98.6,Divorced,No,Urban,0.66,0.51,5G,Huawei,Yes,9.5,10.18,No,11,62,72.78,global_mobile
11910,Japan,39,Male,Student,Bachelor's,32397.7,5.82,92,2.16,1.98,2.84,1.79,2.11,6.13,1.37,63.14,2.8,7.7,9.18,Married,No,Urban,0.95,1.58,5G,OnePlus,Yes,2.5,14.48,Yes,19,84,96.04,global_mobile
11911,Brazil,64,Male,Doctor,High School,31001.22,7.72,13,1.14,0.67,1.93,2.01,1.77,5.45,1.62,30.59,0.7,2.2,34.82,Married,Yes,Rural,1.31,0.77,5G,OnePlus,No,2.5,23.9,Yes,18,104,52.09,global_mobile
11912,Brazil,61,Other,Teacher,High School,25081.3,8.07,60,3.67,0.2,0.0,2.4,2.23,5.37,1.42,85.19,1.9,5.4,92.23,Single,No,Urban,1.8,1.26,4G,OnePlus,Yes,5.5,11.14,Yes,16,130,26.2,global_mobile
11913,Japan,53,Male,Manager,Master's,21974.66,6.96,85,1.62,1.26,1.37,0.87,2.19,7.77,0.57,53.17,9.8,2.3,80.85,Divorced,Yes,Rural,1.95,0.37,4G,OnePlus,No,7.5,27.02,No,14,140,80.57,global_mobile
11914,UK,48,Other,Doctor,Master's,29422.55,8.83,43,2.19,0.0,2.81,1.19,0.89,7.01,1.1,50.06,3.3,1.7,88.09,Divorced,No,Urban,1.78,0.82,WiFi,Other,Yes,5.5,25.8,Yes,17,127,75.89,global_mobile
11915,China,38,Other,Manager,,61830.28,5.7,94,1.58,1.44,1.43,1.3,1.33,7.54,0.66,30.74,0.3,9.5,92.74,Divorced,Yes,Urban,1.9,1.01,5G,Xiaomi,No,5.5,28.61,Yes,12,104,52.36,global_mobile
11916,USA,22,Female,Engineer,,44473.18,5.16,101,1.6,2.07,0.95,1.04,1.86,6.02,0.92,60.83,5.4,7.6,35.29,Divorced,Yes,Urban,2.04,0.54,5G,Other,No,2.5,22.0,No,12,111,83.22,global_mobile
11917,Germany,19,Female,Student,Bachelor's,47118.84,7.84,88,3.47,2.2,2.0,1.13,1.67,5.14,1.67,11.01,5.5,2.6,34.35,In Relationship,No,Urban,0.64,0.7,4G,Other,Yes,5.5,37.71,Yes,17,96,58.04,global_mobile
11918,Mexico,13,Female,Student,Master's,28456.29,5.2,78,1.74,2.12,2.45,0.33,2.56,7.59,0.55,93.69,5.5,5.3,4.66,In Relationship,No,Rural,1.75,0.89,5G,Apple,No,2.5,23.54,No,9,109,12.35,global_mobile
11919,UK,58,Female,Manager,,32875.59,3.12,101,1.72,1.93,1.18,2.32,1.02,5.6,1.45,98.35,1.1,3.6,56.51,Single,No,Rural,2.77,1.64,3G,Apple,No,5.5,18.0,Yes,13,100,81.71,global_mobile
11920,Russia,24,Other,Manager,High School,52683.58,5.52,85,0.32,1.35,0.84,1.93,2.71,7.23,1.1,72.5,8.5,2.0,80.57,Married,No,Urban,1.09,0.0,5G,Huawei,No,5.5,32.48,No,10,37,74.67,global_mobile
11921,UK,25,Male,Teacher,Master's,24688.45,4.6,96,0.1,2.4,3.0,1.57,2.85,6.51,1.59,75.85,7.5,6.1,13.42,Divorced,Yes,Rural,2.39,0.48,3G,Other,No,7.5,17.49,Yes,8,66,34.66,global_mobile
11922,Brazil,44,Male,Teacher,PhD,22431.6,4.83,91,2.37,1.71,3.1,2.13,2.42,6.46,0.8,25.58,9.8,7.9,38.24,Married,No,Urban,0.0,0.49,5G,Other,No,5.5,19.66,No,16,77,86.41,global_mobile
11923,UK,47,Male,Artist,High School,39286.91,8.57,77,1.98,2.72,1.94,2.51,0.5,5.97,0.86,26.32,3.6,0.6,46.95,Divorced,No,Urban,0.0,1.51,5G,Other,No,9.5,0.82,No,19,60,54.6,global_mobile
11924,India,41,Female,Manager,,42294.08,5.98,113,2.08,2.72,3.55,0.88,2.16,6.67,0.83,88.43,8.2,9.0,17.79,Single,No,Urban,0.34,0.84,5G,Huawei,No,5.5,26.53,Yes,18,87,20.72,global_mobile
11925,Brazil,32,Other,Engineer,,24385.82,5.03,42,2.34,2.32,1.02,1.76,2.08,4.38,0.84,1.78,5.7,7.0,51.62,Single,Yes,Urban,1.44,0.71,WiFi,Samsung,Yes,7.5,16.25,Yes,15,100,19.0,global_mobile
11926,Mexico,44,Female,Unemployed,Bachelor's,49912.53,6.85,60,2.48,0.0,1.7,1.06,2.13,7.29,1.27,31.48,1.2,1.4,86.36,Single,No,Rural,1.38,0.01,3G,Huawei,Yes,2.5,33.26,Yes,14,133,92.05,global_mobile
11927,Germany,57,Other,Manager,Bachelor's,17783.71,2.93,96,0.72,0.78,1.69,1.15,0.42,7.06,0.68,44.82,3.5,7.0,12.04,In Relationship,Yes,Rural,1.52,0.79,5G,Other,Yes,7.5,25.11,Yes,10,116,91.37,global_mobile
11928,UK,45,Female,Engineer,Master's,31119.12,5.61,100,2.79,2.16,2.57,1.51,1.75,6.77,1.35,60.15,4.1,2.8,62.57,In Relationship,No,Urban,1.7,1.28,4G,Huawei,No,9.5,22.5,Yes,19,56,35.69,global_mobile
11929,UK,47,Female,Teacher,PhD,12661.48,6.07,52,2.66,2.33,3.12,2.15,1.69,6.26,1.4,50.78,5.0,2.7,42.81,In Relationship,Yes,Rural,1.31,0.61,WiFi,Huawei,Yes,9.5,15.53,Yes,16,58,31.75,global_mobile
11930,Brazil,43,Other,Salesperson,,32268.16,5.0,76,2.09,0.49,2.15,1.62,1.59,5.78,0.35,63.44,3.8,2.6,81.72,Divorced,No,Rural,1.45,1.18,WiFi,Other,No,2.5,33.29,No,20,94,60.95,global_mobile
11931,Brazil,55,Female,Manager,Master's,20033.12,2.38,71,2.8,1.16,1.63,0.84,3.23,7.48,0.61,10.57,6.3,7.6,45.65,Married,Yes,Urban,1.95,1.52,3G,Apple,Yes,7.5,39.22,No,17,104,9.8,global_mobile
11932,Mexico,37,Male,Engineer,High School,1929.09,10.3,109,1.22,1.0,3.34,2.16,2.92,7.16,1.97,62.65,4.3,1.8,66.62,Single,No,Urban,1.17,0.3,5G,Xiaomi,No,2.5,35.81,No,12,77,34.27,global_mobile
11933,Japan,12,Male,Student,High School,53068.74,7.9,106,0.71,0.78,3.43,1.21,4.12,6.39,0.42,23.51,8.3,5.3,4.49,In Relationship,No,Urban,2.73,0.67,3G,OnePlus,Yes,2.5,14.59,Yes,13,154,7.29,global_mobile
11934,Mexico,43,Male,Manager,Bachelor's,14375.9,4.87,31,0.11,0.17,3.66,1.23,0.46,7.46,0.95,70.93,4.0,7.2,35.62,Divorced,Yes,Rural,2.11,1.05,3G,Other,No,7.5,20.03,No,9,135,67.14,global_mobile
11935,Japan,19,Female,Salesperson,Bachelor's,35312.3,4.21,83,3.6,3.34,2.94,1.71,1.61,7.23,1.4,79.2,4.0,8.5,28.13,Single,Yes,Urban,2.49,0.14,4G,Huawei,No,7.5,3.93,No,10,136,87.22,global_mobile
11936,India,59,Male,Engineer,Bachelor's,24034.18,3.98,91,3.21,1.34,3.15,1.14,1.01,7.04,1.38,14.24,6.6,9.6,87.33,Married,No,Urban,2.12,1.13,4G,Other,No,5.5,25.95,No,15,110,42.65,global_mobile
11937,China,16,Male,Artist,,27495.29,8.9,72,2.0,1.12,1.77,0.94,5.08,6.26,0.65,27.35,7.7,1.5,91.59,Divorced,No,Rural,0.66,0.95,4G,Samsung,No,7.5,32.38,No,12,65,73.53,global_mobile
11938,USA,21,Other,Student,Bachelor's,8343.11,3.93,112,4.27,3.86,3.54,0.54,0.37,7.4,0.67,87.31,5.6,9.7,19.47,Divorced,Yes,Urban,2.13,0.44,5G,Huawei,No,2.5,10.18,No,10,179,41.76,global_mobile
11939,UK,21,Male,Engineer,Bachelor's,0.0,7.66,90,1.36,1.44,1.59,1.0,4.35,6.06,0.56,24.74,7.5,1.8,11.91,Divorced,Yes,Urban,2.67,0.89,4G,Other,No,5.5,19.2,No,8,88,32.38,global_mobile
11940,USA,60,Other,Teacher,PhD,22713.16,5.7,62,1.33,0.46,2.61,0.81,1.8,5.79,0.12,85.94,1.4,5.4,49.75,Single,Yes,Urban,3.3,1.33,3G,Samsung,No,5.5,31.97,Yes,14,80,81.75,global_mobile
11941,Japan,40,Other,Artist,Bachelor's,35999.41,6.56,101,3.18,1.8,2.13,1.92,2.94,8.47,0.79,61.34,1.9,6.1,24.86,Divorced,No,Urban,1.71,0.74,5G,Huawei,Yes,9.5,37.64,Yes,14,93,13.05,global_mobile
11942,Japan,62,Female,Manager,High School,26391.25,6.38,61,3.01,2.12,1.68,1.54,1.23,8.01,1.22,12.75,3.6,5.0,80.75,In Relationship,No,Rural,1.97,0.62,4G,OnePlus,No,9.5,41.33,Yes,13,94,73.37,global_mobile
11943,China,47,Male,Doctor,PhD,28286.26,3.82,86,0.83,0.89,1.25,2.02,1.44,6.7,0.98,54.69,5.1,8.3,11.72,Single,No,Urban,0.68,0.92,WiFi,OnePlus,No,7.5,52.86,No,18,72,54.66,global_mobile
11944,Nigeria,46,Female,Unemployed,,22675.38,2.71,49,1.16,0.63,0.91,1.23,2.89,8.37,0.63,56.62,4.8,9.5,65.54,Single,Yes,Urban,0.26,1.29,5G,Samsung,No,2.5,28.34,Yes,19,82,42.37,global_mobile
11945,Germany,29,Male,Manager,PhD,43081.37,9.24,105,3.01,1.22,2.0,1.14,1.0,7.05,1.61,23.3,4.8,7.6,97.29,In Relationship,No,Rural,0.35,1.1,4G,Huawei,Yes,9.5,31.44,No,12,109,34.37,global_mobile
11946,Japan,66,Male,Salesperson,Bachelor's,25025.29,6.97,13,0.82,1.65,2.31,1.42,2.5,8.09,0.8,84.76,5.7,5.1,75.23,Single,Yes,Urban,0.41,1.23,3G,Other,Yes,2.5,13.25,No,17,91,36.08,global_mobile
11947,Nigeria,16,Other,Salesperson,PhD,23000.59,7.16,97,1.16,0.0,1.17,0.94,1.51,6.22,1.08,18.82,2.3,2.7,9.24,Single,No,Urban,1.14,0.77,WiFi,OnePlus,Yes,5.5,0.0,Yes,9,74,99.28,global_mobile
11948,Mexico,59,Female,Artist,,9361.33,4.64,64,1.9,1.37,1.36,0.65,1.37,4.19,0.63,55.23,0.1,1.2,61.21,Single,No,Rural,1.42,0.0,5G,OnePlus,Yes,2.5,23.05,Yes,18,66,34.3,global_mobile
11949,India,42,Male,Student,High School,18461.28,3.05,70,3.02,0.0,1.89,1.41,3.58,6.0,0.29,60.98,4.6,0.6,5.75,Single,Yes,Urban,1.29,0.31,4G,Xiaomi,Yes,5.5,39.29,Yes,17,73,67.6,global_mobile
11950,Germany,55,Female,Salesperson,,8167.1,6.99,90,3.14,0.0,0.44,1.36,2.01,5.03,1.0,98.25,7.8,4.8,23.31,Single,Yes,Rural,2.46,0.42,4G,OnePlus,No,7.5,28.48,No,15,124,22.01,global_mobile
11951,Japan,58,Male,Student,,33161.68,6.48,68,2.51,1.04,2.14,1.79,3.33,6.61,0.72,74.0,1.1,0.4,75.19,In Relationship,Yes,Urban,1.27,0.25,4G,Xiaomi,No,5.5,33.83,Yes,14,98,39.2,global_mobile
11952,USA,50,Male,Doctor,Master's,39662.9,4.68,73,2.19,0.54,2.27,2.06,2.17,6.38,1.06,38.48,8.6,9.7,88.57,Single,Yes,Rural,0.22,0.46,3G,Apple,Yes,7.5,17.34,No,8,58,80.02,global_mobile
11953,Germany,14,Other,Unemployed,PhD,22830.57,1.82,82,2.46,2.34,0.77,1.26,1.88,6.05,0.42,35.91,4.2,2.1,75.1,Divorced,Yes,Rural,1.76,0.77,5G,Apple,No,9.5,21.42,No,14,75,35.11,global_mobile
11954,India,48,Other,Engineer,Master's,57835.47,6.43,72,3.26,2.52,3.17,2.09,0.24,7.62,1.25,20.81,7.3,9.5,16.91,In Relationship,No,Rural,2.09,0.23,3G,Samsung,No,7.5,25.1,Yes,13,64,3.29,global_mobile
11955,Mexico,57,Female,Student,High School,6676.99,9.46,87,2.7,1.7,4.06,2.38,0.19,5.66,1.47,70.0,5.0,1.4,75.14,Divorced,No,Rural,1.76,1.43,3G,Xiaomi,No,2.5,31.27,No,8,168,93.78,global_mobile
11956,Nigeria,20,Female,Doctor,Master's,44810.75,9.78,42,4.15,3.09,1.26,2.05,2.07,4.41,1.11,93.37,7.1,8.1,40.63,Single,Yes,Rural,2.1,1.02,4G,Xiaomi,Yes,7.5,28.3,Yes,9,122,54.74,global_mobile
11957,Japan,30,Female,Manager,PhD,38342.6,6.6,37,1.23,0.18,1.04,1.62,1.12,6.9,1.33,11.15,7.3,7.5,31.48,Divorced,No,Urban,1.66,0.33,5G,Xiaomi,Yes,7.5,40.58,No,20,123,40.45,global_mobile
11958,Japan,50,Male,Artist,Bachelor's,3873.23,3.75,134,4.48,0.33,2.56,1.26,1.71,5.56,0.67,98.27,8.6,0.5,90.38,Divorced,Yes,Urban,0.65,0.59,WiFi,Xiaomi,No,9.5,30.38,No,16,110,32.46,global_mobile
11959,USA,12,Female,Student,,17566.36,7.91,81,0.0,1.61,2.57,1.63,1.83,9.13,0.79,72.69,3.8,2.1,93.39,Divorced,Yes,Urban,2.65,1.25,WiFi,Xiaomi,Yes,2.5,25.81,No,11,153,27.12,global_mobile
11960,China,61,Other,Artist,Master's,28509.14,4.94,101,2.06,1.0,0.17,1.36,2.22,7.12,0.46,63.28,9.5,7.7,44.62,Married,Yes,Rural,1.59,0.0,3G,Other,Yes,5.5,19.62,Yes,16,71,69.93,global_mobile
11961,Brazil,69,Other,Unemployed,Bachelor's,55714.51,5.54,63,1.21,1.49,2.31,0.73,3.19,6.42,0.8,15.72,3.4,7.0,47.11,In Relationship,Yes,Urban,1.94,1.08,3G,Xiaomi,No,7.5,30.87,Yes,18,74,7.53,global_mobile
11962,India,35,Male,Salesperson,Bachelor's,38536.35,4.42,76,1.0,1.19,1.14,1.57,1.29,5.79,0.9,26.01,1.2,3.4,16.58,Divorced,Yes,Urban,1.54,0.9,3G,Huawei,Yes,2.5,29.56,No,19,127,24.35,global_mobile
11963,Germany,57,Female,Teacher,High School,14177.06,2.19,91,2.86,0.56,1.45,1.73,1.41,5.65,1.01,13.07,7.8,3.1,65.29,Divorced,No,Rural,0.97,0.74,5G,Samsung,No,5.5,24.51,No,18,97,33.94,global_mobile
11964,Mexico,65,Female,Manager,PhD,2674.59,8.4,68,2.56,2.19,0.95,0.97,0.02,5.75,1.46,35.21,7.4,1.0,47.08,Single,No,Rural,0.02,1.16,4G,Xiaomi,No,9.5,17.82,Yes,20,73,64.42,global_mobile
11965,Mexico,20,Other,Engineer,High School,19927.68,7.32,77,2.4,0.16,1.41,0.74,2.12,2.81,0.98,49.98,2.1,7.5,50.44,Divorced,Yes,Urban,1.77,0.83,5G,Xiaomi,Yes,2.5,32.11,No,9,125,87.6,global_mobile
11966,China,45,Other,Teacher,PhD,25741.12,12.87,74,2.24,2.51,2.25,1.2,2.09,5.35,0.13,50.65,9.4,5.1,84.75,Married,No,Urban,1.07,0.8,3G,Apple,Yes,7.5,5.17,No,20,106,34.62,global_mobile
11967,Brazil,47,Other,Doctor,,36623.21,5.59,89,1.92,0.0,1.82,1.05,2.5,6.29,1.51,62.72,4.0,5.2,94.96,In Relationship,No,Rural,1.46,0.29,3G,Huawei,Yes,9.5,23.59,Yes,17,101,23.11,global_mobile
11968,India,15,Female,Manager,Bachelor's,25784.99,6.2,91,1.89,1.46,2.62,1.85,2.58,7.83,0.72,50.74,8.6,4.1,9.13,In Relationship,Yes,Urban,0.4,0.11,WiFi,Other,No,2.5,29.92,No,18,102,54.7,global_mobile
11969,Germany,30,Other,Artist,Master's,17317.41,8.2,87,0.69,1.43,1.48,1.77,1.45,6.57,0.58,96.46,9.6,2.5,79.93,Divorced,Yes,Rural,1.45,0.95,WiFi,Samsung,Yes,7.5,23.82,No,10,67,37.89,global_mobile
11970,Russia,36,Other,Manager,PhD,21052.83,6.08,62,0.94,1.84,3.47,1.51,2.55,6.82,0.23,17.57,9.5,4.3,37.1,In Relationship,Yes,Urban,1.11,1.26,4G,Xiaomi,No,7.5,15.73,Yes,12,102,61.73,global_mobile
11971,Brazil,31,Male,Artist,High School,37167.42,6.31,43,2.21,0.54,2.38,2.13,1.52,8.86,0.1,92.31,3.1,3.6,36.45,Married,Yes,Urban,3.21,0.94,5G,Apple,Yes,7.5,14.55,Yes,11,104,40.02,global_mobile
11972,India,28,Other,Student,Master's,41324.03,5.73,75,1.14,1.74,2.62,1.21,2.31,7.21,1.89,83.18,8.6,3.0,36.84,Single,No,Rural,0.71,0.84,5G,Samsung,Yes,9.5,4.92,Yes,15,92,4.99,global_mobile
11973,China,52,Other,Unemployed,Bachelor's,21502.08,6.72,52,1.39,2.04,3.0,2.11,2.79,8.18,1.01,6.48,1.2,4.0,52.64,Single,No,Urban,2.42,0.71,4G,Other,No,9.5,42.03,Yes,9,96,88.56,global_mobile
11974,UK,60,Male,Student,PhD,30286.65,7.0,84,2.6,0.97,2.43,1.31,1.45,6.31,2.15,91.87,2.5,1.9,25.42,Divorced,Yes,Rural,2.29,1.36,5G,Samsung,Yes,7.5,24.49,Yes,11,104,80.09,global_mobile
11975,Russia,51,Male,Unemployed,High School,12358.9,6.04,101,2.11,2.05,1.43,0.91,1.71,6.35,1.3,4.25,6.8,2.9,42.18,In Relationship,No,Urban,1.26,0.71,WiFi,Apple,No,5.5,18.98,No,19,70,39.96,global_mobile
11976,Germany,40,Other,Engineer,Master's,27042.95,7.35,105,4.41,0.21,3.46,1.23,1.88,6.1,1.25,69.77,3.6,1.6,4.96,Single,Yes,Rural,1.61,0.73,WiFi,Xiaomi,Yes,5.5,28.09,No,11,84,16.79,global_mobile
11977,USA,30,Other,Student,,0.0,3.06,28,1.5,2.1,4.12,1.21,2.12,5.91,0.53,59.62,4.1,2.1,89.38,In Relationship,Yes,Rural,1.15,0.81,3G,Xiaomi,No,7.5,44.4,Yes,18,109,63.5,global_mobile
11978,Germany,70,Male,Salesperson,Master's,21814.84,2.76,115,3.37,4.29,3.11,1.28,2.15,8.16,0.56,65.72,7.8,3.0,50.95,Married,No,Urban,2.0,0.8,WiFi,OnePlus,No,7.5,36.1,No,18,96,43.03,global_mobile
11979,Japan,41,Female,Teacher,PhD,24256.62,3.94,83,1.41,2.74,2.48,1.35,1.84,8.09,1.37,55.3,3.3,4.8,72.03,Married,No,Rural,1.32,0.46,3G,OnePlus,Yes,7.5,27.09,Yes,12,102,15.47,global_mobile
11980,India,62,Male,Student,Bachelor's,20356.83,5.76,97,2.2,1.73,2.85,1.51,1.35,6.17,0.81,87.41,9.0,6.4,80.04,Divorced,Yes,Urban,0.77,1.05,WiFi,Xiaomi,No,2.5,11.5,No,19,119,18.15,global_mobile
11981,China,62,Male,Artist,PhD,60181.1,8.11,61,2.07,0.96,2.39,1.54,2.29,6.94,0.87,95.5,5.3,2.3,28.68,Married,No,Rural,3.23,0.68,4G,Huawei,No,5.5,33.13,No,11,77,61.67,global_mobile
11982,Mexico,27,Female,Teacher,High School,26272.23,1.36,61,2.87,2.7,2.1,1.69,2.09,8.73,0.6,20.42,1.1,9.6,96.44,In Relationship,No,Urban,1.0,0.36,5G,Samsung,No,2.5,22.26,Yes,12,134,11.92,global_mobile
11983,Brazil,54,Other,Engineer,High School,29514.62,3.17,91,2.52,1.74,0.18,1.47,2.47,7.13,0.43,3.41,4.1,4.4,11.01,Single,No,Urban,1.01,0.24,WiFi,Apple,No,9.5,32.97,No,20,170,19.85,global_mobile
11984,Nigeria,37,Male,Manager,Master's,35443.52,7.85,78,1.17,2.73,3.05,2.21,2.56,4.59,1.65,38.45,6.5,0.3,16.47,Divorced,Yes,Rural,1.16,0.97,5G,Other,No,9.5,12.14,Yes,9,138,82.03,global_mobile
11985,China,51,Other,Unemployed,PhD,14871.32,7.25,96,2.32,1.84,0.62,2.2,4.05,6.15,0.24,75.72,8.0,4.8,76.62,In Relationship,Yes,Urban,0.92,0.56,4G,OnePlus,No,2.5,35.92,No,8,117,30.51,global_mobile
11986,Mexico,60,Male,Salesperson,,15396.71,8.42,46,1.51,2.63,1.97,1.61,3.04,7.18,1.92,39.45,0.2,7.3,17.18,Married,No,Rural,1.03,0.0,4G,Xiaomi,Yes,2.5,39.44,Yes,19,99,66.96,global_mobile
11987,Germany,60,Female,Salesperson,Master's,30364.67,5.92,132,2.61,0.08,1.36,2.48,1.81,6.36,1.21,1.37,9.2,4.8,56.46,Married,Yes,Urban,0.94,0.44,WiFi,Xiaomi,Yes,9.5,37.06,No,17,94,79.13,global_mobile
11988,Brazil,35,Female,Artist,Master's,27478.95,10.67,124,3.27,0.42,2.41,2.01,2.35,5.89,1.47,18.03,5.1,0.2,48.71,Married,No,Urban,0.73,0.48,4G,Huawei,No,5.5,6.46,No,9,99,58.95,global_mobile
11989,Brazil,28,Female,Engineer,,23852.61,9.62,93,0.81,3.53,2.54,1.12,2.65,5.77,1.35,51.41,1.3,4.2,94.03,In Relationship,Yes,Urban,0.24,1.18,3G,Huawei,No,2.5,15.92,Yes,18,70,17.1,global_mobile
11990,Russia,64,Male,Doctor,,11877.05,8.22,63,1.35,1.06,1.93,1.08,1.84,5.36,0.4,22.21,2.6,4.7,73.34,Married,Yes,Urban,1.72,0.98,3G,Apple,No,5.5,15.1,No,20,107,1.87,global_mobile
11991,Germany,60,Other,Student,PhD,29527.16,8.45,74,1.86,2.5,1.29,0.64,2.62,5.62,0.72,49.77,0.2,8.6,97.78,Divorced,No,Rural,1.23,0.68,4G,Xiaomi,No,7.5,15.43,Yes,20,77,2.89,global_mobile
11992,USA,23,Female,Artist,High School,30136.0,7.05,92,2.24,0.0,1.37,1.4,2.73,5.92,1.01,65.34,2.4,7.0,62.23,In Relationship,Yes,Rural,0.57,1.38,WiFi,Samsung,No,9.5,25.57,No,16,106,41.04,global_mobile
11993,Nigeria,54,Male,Student,,16757.09,2.62,59,1.67,2.24,2.02,2.08,1.53,5.55,1.53,71.89,4.8,6.1,24.33,Single,No,Rural,1.42,1.1,WiFi,Xiaomi,No,2.5,36.11,Yes,17,94,10.28,global_mobile
11994,USA,59,Female,Teacher,High School,42856.62,7.91,100,1.74,1.85,0.81,1.77,1.54,5.4,1.59,87.51,6.1,9.6,44.3,Single,No,Urban,1.26,0.83,4G,Huawei,Yes,7.5,18.89,No,9,59,45.41,global_mobile
11995,USA,28,Other,Artist,PhD,50912.09,9.54,88,0.29,2.82,1.13,1.32,1.69,5.4,1.05,72.67,1.1,6.8,66.65,Single,No,Urban,1.73,1.03,4G,OnePlus,No,9.5,30.32,No,16,83,48.47,global_mobile
11996,USA,44,Male,Doctor,Master's,33023.95,7.87,88,1.13,1.46,2.16,0.47,1.37,5.27,1.14,55.77,9.0,1.1,3.88,Married,No,Rural,1.45,0.0,5G,Huawei,Yes,7.5,32.07,No,9,155,39.62,global_mobile
11997,UK,41,Male,Teacher,High School,36767.22,6.01,70,1.02,0.42,2.16,1.66,2.12,6.62,1.22,1.23,2.6,6.6,79.16,Single,No,Urban,1.92,1.69,5G,Apple,No,9.5,25.44,Yes,16,63,63.74,global_mobile
11998,UK,27,Male,Manager,,7618.94,9.24,93,2.41,0.45,2.59,1.43,2.87,6.2,1.53,34.05,4.6,9.3,19.38,Divorced,Yes,Urban,1.12,0.0,3G,Apple,No,9.5,22.24,Yes,13,60,3.15,global_mobile
11999,India,66,Other,Doctor,High School,24317.51,5.24,85,2.32,0.16,0.94,1.29,3.41,7.39,1.24,6.9,9.3,5.5,19.32,Single,Yes,Urban,3.03,0.72,4G,Samsung,Yes,7.5,23.46,No,18,137,10.86,global_mobile
12000,UK,14,Other,Engineer,Master's,48506.72,5.43,96,0.26,2.3,2.65,1.46,1.44,4.2,0.39,97.59,0.2,1.0,34.81,In Relationship,Yes,Urban,2.07,0.17,WiFi,Samsung,Yes,9.5,27.05,No,9,127,53.98,global_mobile
12001,Germany,20,Female,Salesperson,High School,46828.01,1.5,98,2.67,0.85,1.55,1.57,1.21,5.0,1.2,30.78,3.7,5.5,29.79,Single,No,Urban,1.18,0.26,4G,Samsung,Yes,9.5,17.3,No,12,71,55.43,global_mobile
12002,Nigeria,49,Female,Artist,PhD,21344.44,4.56,124,0.0,2.57,2.55,1.46,2.66,3.76,0.28,51.15,4.7,5.6,61.77,In Relationship,No,Urban,1.56,1.52,3G,Huawei,No,7.5,41.31,Yes,17,96,30.62,global_mobile
12003,USA,70,Female,Unemployed,,27844.91,6.65,67,1.92,0.91,0.0,1.92,1.78,5.72,0.0,82.27,8.7,6.5,6.97,Divorced,No,Urban,1.88,0.47,5G,OnePlus,No,9.5,24.07,No,20,61,81.06,global_mobile
12004,India,67,Other,Salesperson,PhD,44353.61,5.46,109,3.43,1.67,1.63,1.59,2.17,7.49,2.32,27.79,0.9,5.4,78.66,Single,Yes,Urban,0.55,0.67,WiFi,Samsung,No,2.5,35.76,No,9,76,76.45,global_mobile
12005,USA,64,Other,Artist,Master's,49576.25,5.68,72,2.04,0.3,1.71,0.91,0.45,5.75,0.99,37.79,1.4,2.3,50.19,Divorced,Yes,Urban,1.29,1.24,WiFi,Other,No,9.5,20.38,Yes,18,151,2.27,global_mobile
12006,USA,13,Female,Engineer,Master's,0.0,6.52,142,1.23,1.77,2.85,1.47,2.7,6.76,1.64,17.48,1.9,6.1,4.98,In Relationship,No,Urban,1.01,0.1,WiFi,Huawei,No,2.5,43.56,No,14,126,14.35,global_mobile
12007,India,42,Other,Artist,High School,10678.98,5.76,115,2.64,1.21,2.23,1.03,1.13,7.0,1.23,50.11,5.7,8.2,87.84,Divorced,No,Rural,0.66,0.14,5G,Huawei,No,5.5,23.38,No,18,165,23.06,global_mobile
12008,Japan,37,Other,Artist,,15481.65,4.95,111,3.13,2.96,3.78,0.44,2.46,6.13,1.33,59.44,9.7,9.9,6.45,Married,No,Rural,1.36,0.75,3G,OnePlus,No,7.5,18.47,Yes,16,140,22.81,global_mobile
12009,Nigeria,28,Male,Doctor,Master's,39021.6,6.93,86,2.54,1.23,2.87,1.74,1.98,7.67,0.55,8.3,5.1,2.8,18.82,Married,Yes,Urban,1.16,0.46,3G,Xiaomi,No,5.5,28.79,Yes,11,101,48.9,global_mobile
12010,Nigeria,44,Female,Unemployed,High School,20832.21,1.9,65,1.63,0.98,0.0,1.64,2.87,6.43,1.63,19.54,7.8,4.5,1.49,Single,No,Urban,2.28,0.9,3G,Xiaomi,Yes,2.5,31.78,No,12,67,25.92,global_mobile
12011,China,61,Other,Teacher,Master's,41630.81,6.62,37,2.2,0.72,3.69,0.79,1.53,6.41,2.14,90.41,3.3,8.9,18.14,Married,Yes,Urban,0.41,0.09,4G,Xiaomi,Yes,7.5,43.38,No,11,68,51.76,global_mobile
12012,Brazil,55,Male,Salesperson,High School,30901.14,5.75,85,2.26,2.09,2.22,1.26,1.07,5.84,1.12,40.51,8.8,5.0,90.99,Married,No,Urban,1.34,0.0,WiFi,Xiaomi,No,5.5,38.06,No,13,98,9.32,global_mobile
12013,Brazil,12,Female,Unemployed,,43883.36,7.52,30,2.37,2.12,2.79,1.26,2.98,5.6,1.42,82.96,3.6,5.1,33.36,In Relationship,Yes,Rural,0.48,0.79,WiFi,OnePlus,Yes,7.5,20.14,Yes,14,108,46.14,global_mobile
12014,Japan,67,Male,Engineer,High School,3564.97,3.99,42,2.6,1.36,3.44,0.44,1.0,5.91,1.15,14.87,1.3,5.5,61.07,Married,No,Rural,1.67,0.0,3G,Xiaomi,Yes,5.5,42.6,Yes,13,115,39.79,global_mobile
12015,China,28,Other,Doctor,Master's,16279.34,9.97,89,2.27,1.04,1.05,1.09,1.85,7.01,0.99,36.25,3.6,2.3,34.12,In Relationship,Yes,Urban,1.3,0.49,5G,Huawei,No,7.5,20.22,No,19,155,39.49,global_mobile
12016,Russia,36,Male,Doctor,High School,33161.94,7.65,49,1.21,2.43,1.42,1.86,1.45,6.44,1.17,64.23,4.8,2.5,3.71,Married,No,Rural,1.69,0.65,5G,Xiaomi,Yes,7.5,29.99,Yes,14,120,54.25,global_mobile
12017,India,38,Male,Teacher,Master's,20583.5,6.47,95,2.16,3.42,3.32,1.72,2.66,5.38,1.53,81.07,1.3,4.6,22.1,In Relationship,Yes,Rural,1.3,0.63,WiFi,Apple,No,2.5,17.88,No,10,128,6.57,global_mobile
12018,UK,68,Male,Engineer,Master's,22054.81,7.81,103,1.21,0.8,3.3,1.67,2.35,7.67,1.25,97.69,9.0,9.3,33.75,In Relationship,Yes,Urban,2.59,1.27,5G,Apple,No,7.5,19.07,Yes,15,136,11.11,global_mobile
12019,Germany,32,Female,Student,High School,45683.13,7.04,115,2.92,1.01,0.3,1.68,0.67,5.49,1.24,85.18,4.6,6.7,33.1,Married,Yes,Rural,1.08,0.42,3G,Apple,Yes,5.5,14.22,Yes,14,99,17.77,global_mobile
12020,UK,39,Other,Unemployed,PhD,15269.12,7.11,78,3.76,1.23,2.31,1.36,2.74,5.89,0.96,10.07,3.8,8.0,30.81,Divorced,No,Urban,2.06,0.67,WiFi,Samsung,Yes,7.5,34.27,No,18,39,72.99,global_mobile
12021,India,41,Female,Salesperson,,31126.57,5.32,95,2.26,0.95,4.07,2.07,2.15,6.35,0.4,20.7,4.6,0.3,41.0,In Relationship,No,Rural,1.66,0.4,5G,Apple,No,2.5,22.28,No,9,59,20.23,global_mobile
12022,Mexico,14,Female,Salesperson,Bachelor's,0.0,5.7,76,1.96,3.39,1.9,1.78,2.21,5.62,0.75,78.93,4.1,9.9,84.93,Single,No,Urban,0.78,0.83,5G,OnePlus,Yes,7.5,21.38,No,15,80,43.07,global_mobile
12023,Japan,29,Other,Teacher,Bachelor's,22557.77,8.96,100,1.95,1.37,1.86,2.03,1.0,7.93,1.11,87.73,8.2,7.0,43.58,Single,Yes,Urban,1.51,0.41,WiFi,Other,Yes,7.5,30.69,Yes,19,134,68.7,global_mobile
12024,Russia,19,Male,Artist,PhD,33935.47,3.95,113,3.01,1.54,1.67,2.47,0.71,7.01,2.0,15.01,9.4,3.5,90.83,In Relationship,Yes,Urban,0.34,0.13,3G,Huawei,No,5.5,29.68,No,9,101,6.22,global_mobile
12025,Germany,34,Female,Student,Bachelor's,47134.24,5.62,99,2.99,1.98,3.07,1.1,0.7,7.95,1.77,32.7,0.5,7.2,44.16,Married,No,Rural,0.83,0.0,5G,Apple,No,5.5,23.57,Yes,20,97,73.32,global_mobile
12026,Nigeria,56,Female,Engineer,High School,22900.21,3.5,94,2.01,0.85,0.32,1.27,2.63,6.44,1.21,65.38,7.6,0.1,12.83,Divorced,Yes,Urban,1.22,0.64,WiFi,Other,Yes,2.5,18.31,Yes,18,98,72.57,global_mobile
12027,USA,15,Other,Teacher,,50735.82,4.98,36,2.37,0.45,2.31,2.23,1.34,8.13,1.81,74.18,1.5,5.3,46.6,Married,Yes,Urban,0.67,1.12,5G,Apple,Yes,9.5,19.33,No,11,95,64.74,global_mobile
12028,UK,44,Male,Doctor,PhD,20962.65,4.87,42,1.0,0.7,2.15,2.41,3.33,4.65,1.42,54.92,1.6,9.2,39.96,Single,No,Urban,1.78,0.62,3G,Huawei,Yes,2.5,33.29,Yes,12,63,34.19,global_mobile
12029,Nigeria,28,Female,Engineer,,36051.51,5.05,60,4.75,1.64,0.64,2.29,2.59,7.56,0.46,76.91,8.7,8.1,66.05,Single,Yes,Urban,2.48,0.86,5G,Samsung,Yes,7.5,12.61,Yes,19,92,39.55,global_mobile
12030,India,61,Male,Manager,Master's,30756.66,4.64,95,1.37,2.77,1.35,1.59,2.46,6.55,0.96,29.35,4.0,1.2,70.57,Divorced,Yes,Urban,1.22,0.64,5G,Apple,Yes,7.5,26.19,Yes,8,98,93.48,global_mobile
12031,Nigeria,28,Other,Teacher,Master's,6649.62,7.46,84,1.69,1.29,1.74,1.71,2.31,5.37,1.27,20.23,4.8,5.4,26.5,Married,Yes,Rural,1.33,0.0,4G,OnePlus,Yes,9.5,19.74,Yes,18,120,81.17,global_mobile
12032,Brazil,53,Female,Unemployed,,37205.83,4.46,116,2.85,1.21,1.11,0.71,3.6,5.36,1.21,70.85,7.7,9.3,47.76,Married,Yes,Rural,2.4,0.5,5G,Other,Yes,9.5,25.59,Yes,12,61,74.0,global_mobile
12033,Brazil,64,Female,Doctor,,8072.22,7.22,34,0.77,0.2,0.94,2.16,3.41,6.0,1.17,40.21,9.3,0.1,92.94,Married,No,Rural,0.91,0.48,3G,Other,No,9.5,26.66,Yes,14,114,87.68,global_mobile
12034,China,35,Other,Doctor,PhD,30816.68,5.22,100,0.42,0.78,2.11,1.66,0.01,5.57,0.76,64.54,3.9,5.7,69.98,Married,Yes,Urban,2.02,0.96,5G,Huawei,Yes,7.5,13.38,No,20,84,44.27,global_mobile
12035,UK,34,Female,Doctor,Bachelor's,36916.07,5.53,45,2.24,1.14,2.82,1.17,0.91,7.22,0.89,27.95,2.6,8.1,16.02,Single,Yes,Rural,1.2,1.28,3G,Samsung,No,5.5,23.45,Yes,16,183,17.66,global_mobile
12036,UK,61,Other,Unemployed,,44437.65,5.51,90,2.84,2.37,3.13,1.5,2.94,6.61,0.99,36.24,6.7,2.9,19.9,In Relationship,No,Rural,2.01,0.46,4G,Huawei,Yes,9.5,18.71,Yes,15,107,81.1,global_mobile
12037,China,16,Male,Artist,High School,20548.29,6.31,31,1.39,1.75,1.82,0.93,0.4,6.71,1.95,2.06,1.6,9.4,82.4,Married,Yes,Rural,1.52,0.57,WiFi,Xiaomi,No,7.5,12.37,No,14,29,92.89,global_mobile
12038,Mexico,69,Other,Engineer,High School,14029.06,7.65,59,1.33,0.96,1.29,2.26,0.05,9.01,0.71,72.08,0.4,0.7,63.96,Divorced,No,Urban,1.22,1.13,5G,OnePlus,Yes,2.5,31.49,Yes,18,101,72.26,global_mobile
12039,Mexico,39,Female,Teacher,,8331.98,8.7,60,2.85,2.26,0.4,1.2,1.19,6.08,1.16,9.82,5.2,7.9,45.62,Divorced,No,Urban,3.46,1.62,5G,Huawei,Yes,9.5,27.13,No,13,176,81.99,global_mobile
12040,Germany,57,Other,Manager,High School,2547.98,7.71,108,1.12,1.18,0.0,1.68,2.4,7.32,1.09,93.77,6.4,8.3,97.62,Divorced,No,Rural,1.45,0.87,WiFi,Apple,Yes,7.5,15.37,No,10,114,67.46,global_mobile
12041,Mexico,52,Other,Teacher,Bachelor's,16166.65,2.69,128,2.87,2.67,1.55,2.05,2.94,7.35,1.39,34.83,0.1,2.5,60.16,In Relationship,No,Rural,2.34,1.73,4G,OnePlus,No,2.5,13.5,Yes,11,139,37.54,global_mobile
12042,Nigeria,17,Male,Artist,Master's,40181.27,2.25,99,2.54,1.87,4.49,1.99,0.0,7.13,1.61,82.82,1.3,2.9,1.04,Divorced,Yes,Urban,1.63,0.15,3G,Huawei,No,7.5,24.88,No,14,118,32.01,global_mobile
12043,Mexico,14,Other,Doctor,,23768.18,4.24,84,1.43,2.83,3.46,0.48,2.49,7.01,1.2,30.82,1.0,6.3,16.06,Single,Yes,Rural,2.17,1.11,3G,Apple,Yes,9.5,32.53,Yes,10,113,16.46,global_mobile
12044,China,14,Male,Doctor,Bachelor's,27640.97,3.73,43,3.31,2.53,1.28,2.35,3.3,6.8,0.41,37.11,5.3,5.3,82.98,Married,Yes,Urban,0.6,1.41,3G,Samsung,No,7.5,5.45,No,18,124,31.36,global_mobile
12045,Japan,51,Male,Unemployed,PhD,43253.2,5.03,107,1.63,0.0,2.11,1.02,1.63,7.5,1.31,23.57,8.5,6.3,56.33,Single,No,Rural,0.87,0.27,4G,Apple,No,9.5,23.03,No,11,130,71.38,global_mobile
12046,Germany,12,Male,Artist,PhD,27150.64,10.03,88,2.46,1.49,2.06,2.06,2.09,5.99,0.88,4.01,4.4,4.1,3.02,Married,No,Urban,1.58,0.39,WiFi,OnePlus,Yes,5.5,24.18,Yes,11,102,18.97,global_mobile
12047,China,53,Other,Manager,High School,13640.65,10.21,76,2.05,1.97,1.15,2.56,0.97,4.79,1.45,97.84,3.8,5.3,12.8,In Relationship,Yes,Urban,1.02,0.67,3G,Xiaomi,No,9.5,40.33,Yes,13,50,17.68,global_mobile
12048,China,23,Other,Manager,High School,0.0,6.71,97,2.33,2.0,0.65,1.35,2.78,8.12,0.94,61.14,0.5,7.6,49.3,In Relationship,No,Urban,0.89,0.39,3G,Samsung,No,9.5,33.98,No,8,85,68.92,global_mobile
12049,Russia,32,Female,Manager,Master's,0.0,4.49,106,0.96,0.38,1.78,2.97,0.92,6.37,1.91,94.6,4.4,2.2,94.7,Married,No,Urban,0.56,0.71,5G,Xiaomi,Yes,2.5,8.85,No,15,85,92.28,global_mobile
12050,UK,14,Other,Teacher,,39781.92,3.46,61,2.59,1.04,0.55,1.26,2.35,7.37,0.0,41.92,1.1,2.8,14.23,In Relationship,Yes,Urban,2.22,1.48,4G,Other,Yes,5.5,23.03,Yes,13,103,88.29,global_mobile
12051,UK,54,Female,Doctor,Bachelor's,17655.25,4.07,119,3.41,0.79,2.08,0.82,2.02,5.29,0.0,47.64,3.3,7.4,89.74,Married,No,Rural,0.93,0.4,4G,Other,Yes,9.5,16.8,No,20,69,41.95,global_mobile
12052,Nigeria,62,Female,Teacher,Master's,37324.75,6.34,79,1.44,1.23,1.38,1.97,1.03,5.7,2.46,60.98,5.4,6.0,45.57,Married,No,Rural,1.37,1.64,WiFi,Huawei,No,7.5,15.01,No,9,71,62.83,global_mobile
12053,Russia,13,Male,Artist,Master's,46806.89,5.11,107,1.95,1.29,0.58,1.57,1.18,5.18,1.79,4.79,8.1,5.8,42.07,Single,No,Rural,0.79,0.99,4G,Apple,Yes,7.5,21.58,No,20,58,22.21,global_mobile
12054,Russia,28,Female,Doctor,Master's,21517.27,5.17,89,3.23,0.0,0.09,1.48,1.23,5.91,1.21,8.8,4.6,5.0,75.07,Divorced,Yes,Urban,3.51,1.1,5G,Huawei,Yes,9.5,27.26,No,17,123,62.29,global_mobile
12055,China,33,Other,Unemployed,Bachelor's,0.0,4.2,96,0.72,2.71,1.7,1.55,1.51,7.48,0.13,14.23,0.8,8.4,37.84,Married,No,Rural,0.32,0.45,4G,Apple,No,7.5,27.83,Yes,13,110,58.93,global_mobile
12056,Japan,36,Male,Teacher,,25060.42,5.36,111,3.55,1.06,3.36,1.85,2.13,8.84,1.85,10.65,9.0,5.0,26.49,Married,Yes,Urban,1.7,1.29,3G,Xiaomi,No,5.5,19.27,Yes,14,170,33.07,global_mobile
12057,Japan,61,Female,Doctor,Master's,26991.74,5.65,36,2.28,1.46,3.28,1.69,0.61,6.26,1.23,58.18,4.9,1.4,76.33,Single,Yes,Rural,0.53,0.36,3G,Huawei,Yes,2.5,31.89,Yes,9,100,41.71,global_mobile
12058,Germany,18,Other,Doctor,,10349.09,7.99,49,5.03,2.31,2.34,2.28,3.15,9.33,1.11,81.13,9.0,5.6,56.13,Divorced,No,Urban,0.38,0.73,5G,Apple,Yes,9.5,2.12,Yes,12,161,98.17,global_mobile
12059,Nigeria,32,Other,Manager,Master's,37909.14,3.78,52,1.92,1.75,4.45,2.39,0.18,5.22,0.73,26.04,0.4,7.1,70.92,In Relationship,Yes,Urban,2.56,0.81,WiFi,Apple,Yes,7.5,31.43,Yes,17,129,46.33,global_mobile
12060,UK,55,Other,Unemployed,High School,27635.97,7.2,75,2.8,1.69,0.12,1.46,1.9,6.1,2.53,96.96,8.5,1.3,43.47,Single,Yes,Urban,2.03,1.28,4G,Huawei,No,7.5,19.16,No,18,83,74.37,global_mobile
12061,China,68,Female,Salesperson,High School,33391.21,3.36,65,2.92,1.85,0.89,0.98,2.15,8.27,1.29,32.11,1.9,5.8,46.59,Divorced,No,Urban,1.97,0.69,5G,Apple,No,5.5,21.02,Yes,12,174,43.73,global_mobile
12062,UK,69,Male,Unemployed,,33348.0,6.18,76,1.86,1.34,1.88,1.53,0.68,6.75,1.84,18.18,1.2,4.1,82.39,Divorced,No,Urban,2.39,0.27,WiFi,Xiaomi,No,5.5,21.34,No,12,73,17.47,global_mobile
12063,Japan,40,Female,Artist,Bachelor's,49433.97,7.98,48,1.64,1.78,3.12,1.66,3.51,5.81,0.41,36.67,9.0,0.1,79.99,Single,Yes,Rural,1.33,0.0,WiFi,Xiaomi,No,9.5,21.15,No,10,111,71.23,global_mobile
12064,USA,13,Male,Salesperson,High School,39940.07,5.17,66,1.46,1.17,1.19,0.31,0.97,6.61,1.02,47.54,6.4,9.9,27.39,In Relationship,Yes,Rural,3.22,0.4,4G,Xiaomi,Yes,5.5,14.05,No,10,120,49.88,global_mobile
12065,Mexico,19,Male,Salesperson,,8269.78,5.72,113,1.56,1.84,4.56,2.32,1.09,8.35,0.86,55.7,8.3,2.7,66.11,In Relationship,Yes,Rural,1.1,0.96,3G,Other,No,9.5,17.77,Yes,19,74,22.99,global_mobile
12066,Mexico,31,Female,Student,,39874.74,8.97,71,1.09,1.26,2.48,1.64,1.36,6.85,0.5,38.45,9.4,7.5,60.16,Single,Yes,Rural,1.92,1.13,5G,Other,Yes,7.5,18.35,Yes,10,192,65.62,global_mobile
12067,China,35,Male,Artist,Bachelor's,50166.35,5.23,126,2.94,0.0,0.32,1.62,3.07,6.53,1.05,56.51,0.5,3.2,33.93,Divorced,No,Rural,1.6,1.34,3G,Apple,Yes,2.5,17.94,No,20,152,73.37,global_mobile
12068,Mexico,55,Other,Doctor,PhD,68876.31,3.24,86,3.52,1.28,2.73,2.52,1.07,5.62,1.01,11.59,7.6,0.0,32.98,Single,No,Rural,0.63,0.1,WiFi,Xiaomi,No,9.5,20.01,No,11,55,85.86,global_mobile
12069,Nigeria,29,Male,Unemployed,,27992.56,3.03,122,3.75,1.93,2.6,1.14,1.1,6.26,0.81,5.75,7.7,2.1,22.63,Married,No,Urban,2.01,0.88,4G,Other,Yes,7.5,52.13,No,18,81,81.88,global_mobile
12070,USA,67,Female,Manager,Master's,34864.45,7.19,55,1.49,0.0,1.37,1.71,3.38,5.78,0.88,76.21,5.9,1.1,49.11,Married,Yes,Rural,1.22,0.38,5G,Huawei,Yes,5.5,28.77,Yes,15,83,12.26,global_mobile
12071,India,37,Other,Manager,High School,4625.64,6.71,89,1.54,0.12,2.41,2.36,1.79,7.81,0.34,77.16,5.3,7.1,75.7,Married,No,Rural,0.75,0.97,3G,Huawei,No,7.5,13.99,No,10,76,79.47,global_mobile
12072,China,56,Other,Teacher,PhD,58117.62,4.24,72,1.9,2.51,1.82,1.74,1.91,6.66,0.7,61.49,5.8,5.3,97.81,In Relationship,No,Rural,1.42,0.84,WiFi,Apple,No,7.5,42.24,No,11,122,26.59,global_mobile
12073,Japan,33,Other,Artist,High School,14749.58,5.91,92,1.7,0.13,2.0,1.07,1.29,6.02,0.86,40.16,7.0,5.6,44.24,Single,Yes,Rural,2.57,0.4,3G,Samsung,No,7.5,30.25,Yes,15,86,10.31,global_mobile
12074,Mexico,28,Other,Engineer,Bachelor's,62564.79,4.12,66,3.82,1.71,2.02,1.27,3.14,4.55,1.64,70.4,0.5,4.8,73.69,Married,No,Rural,1.99,0.36,3G,Huawei,Yes,7.5,15.66,Yes,17,65,51.98,global_mobile
12075,Mexico,31,Male,Artist,Master's,32609.85,6.99,76,2.55,1.02,3.13,1.57,0.95,6.88,0.95,91.13,8.9,2.4,66.93,Married,No,Urban,2.21,0.14,4G,OnePlus,No,9.5,39.82,Yes,9,104,55.63,global_mobile
12076,Japan,25,Male,Artist,High School,53516.58,8.5,55,0.28,1.33,3.08,1.1,0.86,5.97,1.53,59.03,7.0,2.9,7.97,In Relationship,Yes,Rural,1.63,0.77,WiFi,Samsung,No,2.5,16.21,No,12,116,45.72,global_mobile
12077,UK,40,Other,Doctor,,30482.25,5.92,76,1.06,0.43,1.59,1.38,1.78,5.91,0.69,40.06,5.3,4.5,34.9,In Relationship,No,Rural,0.87,0.71,3G,Samsung,No,5.5,44.04,Yes,19,125,22.2,global_mobile
12078,Russia,12,Female,Salesperson,Master's,23640.12,8.08,104,0.0,0.0,2.61,0.7,0.43,6.08,0.91,2.83,7.0,2.4,31.54,Divorced,No,Urban,1.61,0.71,3G,Samsung,No,2.5,28.16,Yes,14,70,49.25,global_mobile
12079,China,59,Female,Engineer,,35926.47,0.0,68,1.15,2.35,3.09,2.28,0.63,6.46,0.0,10.42,5.1,9.6,66.9,Divorced,Yes,Urban,1.27,1.36,3G,Huawei,No,5.5,15.0,No,18,114,85.05,global_mobile
12080,Mexico,28,Female,Engineer,,21996.82,6.7,56,1.91,2.38,3.06,1.14,1.94,7.05,0.74,72.64,6.7,5.1,43.44,Married,Yes,Rural,0.98,0.15,4G,Xiaomi,Yes,7.5,9.81,No,8,68,32.23,global_mobile
12081,India,57,Male,Manager,,38057.21,7.6,107,1.51,1.51,1.41,1.19,3.17,6.94,0.63,84.3,8.4,3.4,39.92,Single,No,Rural,3.64,1.2,4G,Xiaomi,Yes,5.5,42.27,Yes,18,55,37.23,global_mobile
12082,China,15,Other,Doctor,High School,42458.41,0.96,53,1.35,0.33,1.07,2.2,1.66,5.35,1.43,13.18,2.8,8.6,30.42,Single,Yes,Rural,3.28,1.45,3G,Huawei,Yes,2.5,32.57,Yes,11,68,34.09,global_mobile
12083,Japan,12,Male,Doctor,Master's,29684.28,7.16,84,0.62,1.75,0.85,1.81,3.55,6.03,0.07,33.16,1.0,0.9,46.75,In Relationship,No,Rural,0.78,0.45,3G,Apple,No,2.5,20.47,Yes,19,114,65.33,global_mobile
12084,USA,28,Male,Teacher,Bachelor's,60269.54,8.27,35,2.52,2.56,3.91,1.41,1.3,5.58,0.88,65.23,7.9,1.7,96.81,Divorced,No,Rural,0.96,0.41,WiFi,OnePlus,No,9.5,24.14,No,20,107,44.25,global_mobile
12085,UK,65,Other,Unemployed,,31076.32,9.06,64,1.22,1.64,1.6,1.62,2.3,6.39,0.86,64.69,1.5,0.3,43.02,Married,Yes,Urban,0.73,0.63,WiFi,OnePlus,No,7.5,21.32,Yes,14,130,32.93,global_mobile
12086,Japan,15,Other,Engineer,Master's,45390.61,7.66,29,2.21,2.28,2.87,2.37,1.14,7.27,0.44,27.91,6.2,6.3,44.41,Married,No,Rural,1.43,1.08,4G,Apple,No,7.5,24.35,Yes,14,101,72.73,global_mobile
12087,Germany,63,Female,Teacher,,32810.05,7.91,25,2.32,0.0,3.42,1.34,1.64,6.34,0.84,21.15,7.7,1.9,25.14,Married,Yes,Urban,0.0,0.1,5G,Xiaomi,Yes,7.5,45.12,Yes,10,61,40.48,global_mobile
12088,Nigeria,48,Other,Student,PhD,1626.17,6.54,140,1.73,2.55,1.18,1.2,2.06,5.47,1.51,62.63,0.5,5.7,83.39,In Relationship,Yes,Urban,3.18,0.73,5G,Apple,No,9.5,35.06,Yes,15,136,51.09,global_mobile
12089,Brazil,70,Female,Artist,,12914.61,10.71,74,0.0,2.07,2.39,1.88,2.33,5.2,0.56,23.8,5.7,5.0,98.48,In Relationship,Yes,Rural,1.62,1.43,4G,Apple,Yes,5.5,30.28,Yes,9,106,8.26,global_mobile
12090,Japan,13,Male,Student,,43809.37,6.62,60,1.3,1.41,2.0,1.48,2.01,8.28,0.95,3.65,4.9,4.7,49.37,Divorced,Yes,Urban,1.87,1.58,4G,Samsung,Yes,2.5,33.0,No,15,49,38.1,global_mobile
12091,Japan,43,Female,Artist,PhD,0.0,6.01,94,3.28,2.03,1.78,1.17,2.42,7.47,0.93,83.32,3.9,0.2,3.96,Single,Yes,Rural,0.0,0.13,3G,Xiaomi,Yes,2.5,30.8,Yes,19,118,61.43,global_mobile
12092,UK,67,Other,Manager,Bachelor's,35862.07,5.33,82,2.62,1.82,1.61,2.31,1.64,7.14,1.49,52.82,9.3,6.5,43.62,Divorced,No,Urban,0.0,1.18,3G,OnePlus,Yes,2.5,13.43,No,17,82,15.36,global_mobile
12093,Nigeria,47,Other,Teacher,Bachelor's,20997.39,5.37,45,2.07,3.29,2.57,1.56,2.32,6.32,1.2,9.29,3.1,6.4,73.71,Single,Yes,Urban,1.63,1.76,4G,Huawei,No,5.5,27.67,Yes,14,74,47.31,global_mobile
12094,Japan,31,Other,Salesperson,High School,40627.34,4.81,106,3.04,2.04,2.95,1.03,2.15,7.38,1.35,9.76,6.2,5.8,84.01,Married,Yes,Urban,3.07,1.56,3G,Samsung,No,9.5,33.68,No,17,91,1.08,global_mobile
12095,Mexico,65,Male,Doctor,High School,33381.6,5.15,64,2.09,0.0,1.81,1.79,2.91,7.17,1.53,55.27,2.2,8.6,97.49,In Relationship,Yes,Urban,1.66,0.6,3G,Samsung,Yes,7.5,32.43,No,11,93,52.05,global_mobile
12096,Japan,44,Other,Student,PhD,0.0,7.8,65,3.59,2.89,1.57,2.33,3.13,5.46,1.25,94.16,6.0,9.4,87.85,In Relationship,No,Rural,2.3,0.96,5G,OnePlus,No,7.5,22.74,No,8,69,70.26,global_mobile
12097,Germany,48,Male,Doctor,PhD,46881.9,8.63,51,1.85,0.81,1.25,1.81,3.3,6.04,1.71,48.74,0.4,0.6,99.75,Single,No,Rural,0.0,0.64,4G,Huawei,No,2.5,17.37,Yes,10,81,37.48,global_mobile
12098,China,26,Female,Salesperson,Master's,46622.54,4.19,88,2.93,2.0,2.64,1.18,2.75,6.54,0.63,56.37,5.2,8.9,34.96,Divorced,Yes,Rural,2.0,0.88,5G,Huawei,No,5.5,29.87,Yes,10,88,11.67,global_mobile
12099,India,45,Other,Salesperson,PhD,23662.28,6.27,68,2.73,1.82,0.61,1.18,2.68,7.45,0.43,40.57,2.2,7.3,14.44,Divorced,Yes,Urban,2.45,0.78,4G,OnePlus,Yes,5.5,30.28,Yes,8,83,25.34,global_mobile
12100,Japan,66,Male,Doctor,Bachelor's,29082.85,8.62,77,2.36,2.19,3.61,1.53,1.7,6.35,0.27,38.71,3.1,9.1,89.25,Married,No,Urban,1.38,0.54,4G,Other,No,9.5,25.47,No,15,44,8.36,global_mobile
12101,Brazil,62,Female,Artist,High School,38164.68,7.61,85,1.52,1.7,2.58,1.75,2.3,4.43,1.38,45.02,3.4,8.1,22.27,In Relationship,No,Rural,1.41,0.0,3G,Xiaomi,No,2.5,17.42,Yes,19,113,88.72,global_mobile
12102,India,14,Other,Manager,High School,31939.31,4.95,64,2.35,1.3,1.22,2.04,2.21,6.62,0.87,30.03,0.3,7.5,62.4,Single,No,Urban,1.98,1.15,3G,Huawei,No,9.5,14.32,Yes,12,125,7.22,global_mobile
12103,Mexico,53,Male,Unemployed,High School,30111.82,6.14,61,0.0,2.08,2.98,1.77,3.5,6.29,1.28,16.17,3.7,2.9,74.43,Married,Yes,Urban,0.7,1.02,WiFi,Other,No,9.5,15.65,No,11,87,12.65,global_mobile
12104,Brazil,19,Male,Doctor,High School,20921.34,8.88,47,1.55,2.03,0.79,1.79,1.79,6.76,0.91,95.23,1.9,8.9,4.02,Single,No,Rural,0.94,1.37,WiFi,Other,Yes,9.5,10.22,No,9,107,49.56,global_mobile
12105,China,34,Male,Engineer,PhD,14909.54,4.0,61,1.74,1.48,2.12,1.78,2.25,7.74,1.51,22.22,2.6,4.9,64.89,In Relationship,No,Urban,1.15,0.9,5G,Other,Yes,7.5,20.42,No,19,60,93.71,global_mobile
12106,Russia,49,Female,Teacher,High School,32109.62,8.31,64,2.75,1.42,1.02,1.88,2.84,7.52,1.5,29.12,9.3,6.4,32.47,In Relationship,Yes,Rural,2.1,1.27,5G,Other,Yes,2.5,45.56,Yes,8,130,76.15,global_mobile
12107,Russia,37,Other,Doctor,High School,24460.62,5.0,58,1.9,2.56,1.54,0.89,2.73,6.45,2.19,80.65,2.7,2.2,56.79,Divorced,No,Rural,1.36,0.61,5G,Huawei,Yes,9.5,22.31,Yes,15,49,90.81,global_mobile
12108,Mexico,36,Female,Student,Master's,13771.03,4.46,70,2.3,3.82,1.4,1.3,1.68,5.39,0.95,47.76,6.8,6.5,15.45,Single,Yes,Rural,2.42,1.22,3G,Samsung,Yes,7.5,32.71,Yes,8,86,7.85,global_mobile
12109,Germany,66,Male,Unemployed,,49740.16,5.76,34,2.39,1.5,2.08,1.92,1.99,7.21,1.31,70.88,3.8,1.3,32.53,In Relationship,Yes,Rural,1.65,0.94,3G,Samsung,No,2.5,18.25,Yes,10,99,68.45,global_mobile
12110,UK,70,Male,Engineer,Bachelor's,31284.76,7.45,116,3.22,1.01,2.89,1.02,1.63,7.84,0.91,85.8,2.6,3.4,21.89,In Relationship,Yes,Urban,1.79,1.43,4G,OnePlus,No,7.5,28.23,No,15,115,8.02,global_mobile
12111,Brazil,42,Female,Doctor,High School,59343.68,5.86,51,2.26,0.0,2.45,1.74,0.68,5.7,0.59,90.93,1.7,3.5,17.59,Single,Yes,Rural,2.64,1.06,WiFi,Other,No,5.5,20.63,No,16,91,87.75,global_mobile
12112,China,59,Male,Manager,PhD,30856.62,6.31,82,3.26,0.76,2.35,0.93,1.44,6.81,1.5,81.39,4.6,5.6,69.45,Married,Yes,Rural,2.55,0.34,4G,Xiaomi,No,5.5,37.1,No,14,107,29.28,global_mobile
12113,Mexico,63,Female,Salesperson,High School,23975.18,7.23,96,0.0,0.0,1.65,1.92,1.28,5.62,0.77,66.57,4.1,1.6,62.1,Married,No,Urban,1.58,0.58,WiFi,Xiaomi,No,5.5,15.94,No,20,48,1.01,global_mobile
12114,Mexico,35,Male,Engineer,High School,26639.88,6.56,108,2.48,1.91,2.27,2.21,1.17,6.75,0.84,23.79,2.9,3.2,96.06,Divorced,No,Urban,0.75,1.87,3G,Samsung,No,2.5,26.79,No,8,111,90.43,global_mobile
12115,India,20,Male,Manager,High School,27563.96,7.7,100,1.98,2.47,1.86,1.58,3.86,7.42,0.62,88.73,3.1,8.6,66.3,Married,No,Urban,0.88,0.55,WiFi,OnePlus,Yes,7.5,24.87,No,20,112,48.39,global_mobile
12116,India,61,Male,Artist,Bachelor's,48958.66,7.4,72,2.45,1.43,0.53,0.65,2.59,6.28,0.67,80.41,3.5,8.0,97.85,Single,Yes,Urban,2.13,0.18,3G,Samsung,Yes,2.5,19.41,No,13,122,14.73,global_mobile
12117,China,36,Female,Teacher,Master's,17181.11,7.8,39,1.82,3.01,1.57,1.41,2.8,4.9,0.43,70.88,6.4,8.9,81.99,Married,No,Rural,0.93,0.89,4G,OnePlus,No,5.5,26.81,No,17,81,1.19,global_mobile
12118,Nigeria,22,Other,Artist,PhD,37500.82,9.54,71,2.01,0.85,3.36,1.82,1.63,6.09,1.23,61.02,5.0,5.0,51.37,In Relationship,Yes,Urban,0.72,0.09,WiFi,Xiaomi,No,5.5,16.56,No,9,132,0.17,global_mobile
12119,Germany,65,Other,Engineer,Bachelor's,44611.33,6.48,96,0.0,1.47,0.74,1.63,0.59,6.23,0.78,23.93,1.1,2.3,63.71,Single,No,Rural,1.44,1.69,3G,OnePlus,Yes,5.5,18.79,No,9,111,88.19,global_mobile
12120,Mexico,49,Other,Unemployed,High School,41139.32,2.37,65,1.65,1.75,2.68,1.2,1.97,5.4,1.09,3.85,8.3,2.3,42.73,Divorced,No,Urban,0.54,0.59,WiFi,Apple,Yes,2.5,22.64,No,11,135,61.41,global_mobile
12121,Mexico,56,Male,Teacher,Bachelor's,11370.89,5.25,74,1.41,2.32,1.72,0.69,1.05,8.26,0.57,33.3,5.7,1.4,77.46,Divorced,Yes,Urban,1.56,0.05,4G,Other,Yes,5.5,45.17,Yes,8,101,85.37,global_mobile
12122,USA,62,Other,Unemployed,Master's,51638.69,5.93,79,1.16,3.27,1.44,1.57,2.86,5.56,1.03,73.73,5.7,6.4,14.06,Divorced,No,Urban,1.82,1.33,4G,Apple,Yes,9.5,28.53,No,17,113,15.12,global_mobile
12123,UK,63,Female,Student,Bachelor's,3211.56,7.93,69,1.66,0.0,1.55,1.15,2.06,4.61,0.42,71.87,5.6,2.9,79.1,Single,Yes,Urban,0.38,1.3,WiFi,OnePlus,Yes,2.5,32.79,Yes,13,147,56.53,global_mobile
12124,Japan,45,Female,Doctor,PhD,27188.92,3.24,83,2.96,0.57,0.8,2.38,2.71,7.98,0.52,73.56,1.4,0.9,86.57,Divorced,Yes,Rural,2.07,0.23,3G,Apple,Yes,9.5,25.5,No,10,117,90.17,global_mobile
12125,Japan,52,Male,Unemployed,High School,46962.8,2.48,11,2.29,1.44,2.69,1.66,1.79,6.26,0.78,23.79,0.6,2.1,0.21,Divorced,Yes,Urban,2.3,1.02,4G,Apple,Yes,7.5,22.56,Yes,19,83,99.94,global_mobile
12126,China,59,Other,Doctor,,22209.1,4.42,80,0.74,2.75,2.29,2.15,2.41,5.17,0.49,80.88,7.6,6.0,58.21,In Relationship,No,Urban,0.99,0.46,4G,OnePlus,Yes,9.5,12.73,Yes,13,113,76.47,global_mobile
12127,Brazil,36,Female,Unemployed,Bachelor's,40666.39,7.79,102,3.22,2.39,1.07,0.62,2.27,6.23,0.96,4.98,7.6,4.3,18.77,In Relationship,Yes,Urban,1.43,0.34,WiFi,Xiaomi,No,7.5,29.7,No,10,114,11.47,global_mobile
12128,Russia,32,Male,Salesperson,PhD,35054.29,6.64,61,2.23,0.77,3.36,1.67,2.21,7.31,1.14,68.61,0.9,7.5,84.78,Single,Yes,Urban,3.25,0.0,4G,Samsung,No,2.5,31.77,No,11,97,14.77,global_mobile
12129,Nigeria,55,Female,Salesperson,Bachelor's,24417.9,7.96,74,3.2,1.04,3.04,0.19,2.36,5.81,1.12,70.61,0.8,6.2,55.91,In Relationship,Yes,Rural,0.4,1.38,4G,Samsung,Yes,2.5,27.13,No,8,101,73.89,global_mobile
12130,Nigeria,17,Other,Manager,Bachelor's,35869.94,6.18,74,1.13,1.88,2.18,1.15,1.89,6.12,1.19,61.16,4.5,1.3,27.57,Single,No,Urban,0.59,1.4,WiFi,Xiaomi,Yes,2.5,28.71,No,12,148,83.45,global_mobile
12131,Japan,66,Other,Teacher,,42105.47,9.43,99,1.26,0.14,2.15,1.42,2.66,6.23,0.18,44.41,1.1,4.6,29.41,Single,No,Urban,1.25,0.85,3G,Xiaomi,Yes,2.5,20.87,No,11,81,92.91,global_mobile
12132,Germany,28,Male,Teacher,PhD,59315.62,4.26,103,0.33,0.45,1.56,1.45,2.13,8.82,1.63,28.88,7.6,5.6,22.68,Single,No,Rural,0.53,0.03,WiFi,Huawei,No,7.5,17.85,No,11,92,48.49,global_mobile
12133,Brazil,23,Male,Engineer,,35280.04,6.16,62,2.7,2.64,1.58,2.5,0.26,6.09,0.84,53.39,8.0,1.6,65.79,In Relationship,Yes,Urban,2.34,0.95,4G,Other,Yes,2.5,29.28,No,19,121,64.37,global_mobile
12134,Brazil,41,Male,Salesperson,Bachelor's,31625.1,1.39,72,1.97,0.0,3.82,1.47,1.53,6.26,0.3,96.97,8.9,5.2,28.66,In Relationship,No,Rural,0.93,1.72,5G,Other,No,2.5,17.63,Yes,18,108,40.98,global_mobile
12135,USA,56,Female,Student,Master's,9214.08,7.49,73,2.26,2.71,0.66,1.19,0.26,7.92,1.03,52.33,7.7,7.6,2.34,Divorced,Yes,Rural,1.24,0.44,3G,Huawei,No,7.5,23.7,No,15,101,53.76,global_mobile
12136,Germany,37,Female,Student,Bachelor's,43473.11,6.19,46,1.41,1.11,2.19,2.5,2.64,5.13,0.0,7.86,9.4,8.1,20.88,Single,No,Rural,1.3,0.08,WiFi,Xiaomi,No,5.5,26.43,No,10,85,73.2,global_mobile
12137,USA,35,Female,Artist,,42042.45,4.92,102,1.08,0.0,0.23,1.53,1.33,6.66,0.84,70.29,5.2,5.8,95.79,Married,Yes,Urban,1.38,1.91,5G,Apple,No,5.5,43.74,Yes,8,108,46.81,global_mobile
12138,Mexico,24,Other,Salesperson,Master's,28262.61,4.56,30,2.19,1.8,4.13,1.6,2.3,7.16,1.59,90.41,1.5,4.3,23.1,In Relationship,Yes,Rural,0.0,0.68,4G,Samsung,No,5.5,38.91,No,12,101,55.17,global_mobile
12139,Germany,63,Male,Engineer,,51802.53,7.75,75,1.54,2.01,0.0,1.07,0.44,7.39,1.57,40.89,1.9,2.7,74.87,Married,No,Rural,0.0,0.66,3G,OnePlus,No,7.5,0.0,Yes,20,74,47.23,global_mobile
12140,India,18,Other,Artist,Master's,30035.08,5.79,65,2.4,1.64,1.73,1.47,0.36,6.03,1.2,17.73,4.2,4.6,30.16,In Relationship,Yes,Rural,0.89,0.58,5G,Samsung,No,5.5,19.91,No,15,143,25.32,global_mobile
12141,UK,50,Female,Artist,High School,0.0,6.33,82,1.96,0.53,2.96,1.85,1.36,5.81,0.98,69.17,3.0,4.6,44.52,Single,Yes,Urban,1.99,0.65,4G,Samsung,Yes,9.5,18.82,Yes,13,116,52.85,global_mobile
12142,UK,51,Female,Student,Master's,36222.8,6.5,71,0.31,1.29,2.25,1.29,2.22,6.46,1.81,19.73,5.3,9.2,12.87,Married,No,Rural,1.99,0.76,4G,Apple,Yes,2.5,33.54,No,19,129,73.93,global_mobile
12143,UK,19,Male,Engineer,High School,37475.55,9.16,86,0.0,3.53,2.91,0.97,0.43,7.57,0.49,44.18,3.9,8.0,82.77,Divorced,No,Urban,1.97,0.75,5G,Huawei,Yes,7.5,10.58,Yes,20,154,18.2,global_mobile
12144,India,67,Male,Doctor,Bachelor's,11067.51,4.84,78,1.7,1.14,0.75,1.63,0.99,5.44,1.34,11.41,3.9,7.6,46.09,Married,Yes,Rural,0.46,0.78,WiFi,Other,No,5.5,22.58,Yes,16,102,99.69,global_mobile
12145,Germany,44,Other,Salesperson,High School,7438.72,8.09,104,2.38,1.35,1.6,1.42,1.49,7.31,0.95,6.15,1.8,4.4,8.96,In Relationship,Yes,Urban,1.31,0.53,4G,Other,No,9.5,22.11,No,11,122,75.76,global_mobile
12146,Mexico,54,Female,Unemployed,Master's,61651.31,7.49,114,1.58,0.48,1.77,2.36,1.24,6.48,1.12,99.02,4.4,5.0,61.19,Divorced,No,Rural,0.71,0.59,5G,Other,No,7.5,28.49,No,14,88,32.4,global_mobile
12147,UK,17,Other,Teacher,PhD,38411.2,6.99,46,1.76,2.4,2.04,0.26,1.54,6.81,1.1,1.27,1.8,8.2,86.08,Single,Yes,Urban,0.69,0.65,5G,Other,No,9.5,23.58,No,13,149,6.06,global_mobile
12148,China,59,Other,Salesperson,High School,29546.35,7.81,137,2.15,0.73,2.37,2.58,2.15,6.13,1.4,50.97,4.5,8.3,85.43,In Relationship,No,Urban,0.73,1.67,WiFi,Samsung,Yes,9.5,26.07,Yes,10,75,85.48,global_mobile
12149,India,61,Male,Teacher,,18741.45,8.19,58,1.15,1.79,2.22,1.74,2.42,6.8,1.53,60.55,8.9,3.0,84.66,Single,No,Rural,1.67,0.0,4G,Samsung,Yes,2.5,39.8,No,15,63,36.11,global_mobile
12150,Japan,28,Male,Manager,Bachelor's,71858.51,5.66,73,2.76,1.02,0.41,1.72,0.0,4.99,0.42,12.6,6.9,9.9,51.02,Married,Yes,Rural,1.05,0.82,3G,Other,Yes,2.5,13.66,Yes,16,95,48.27,global_mobile
12151,USA,39,Female,Doctor,PhD,38174.85,8.53,116,2.68,1.71,2.19,1.0,1.37,6.56,0.84,62.97,3.2,4.6,94.86,In Relationship,No,Rural,2.58,0.84,4G,OnePlus,Yes,9.5,9.54,Yes,13,112,4.17,global_mobile
12152,India,20,Other,Manager,PhD,41381.73,7.12,17,1.7,1.64,1.07,2.26,1.87,5.65,1.44,87.37,1.5,8.4,24.94,Single,Yes,Rural,0.64,1.35,4G,Apple,Yes,7.5,20.9,No,15,134,76.46,global_mobile
12153,Mexico,23,Other,Manager,,19147.7,6.19,76,1.47,1.79,0.66,1.29,1.14,7.57,1.29,9.83,1.4,1.8,74.18,Married,No,Urban,2.47,0.88,4G,Xiaomi,No,2.5,32.37,No,15,90,62.06,global_mobile
12154,Japan,51,Male,Teacher,Bachelor's,25610.41,6.74,67,3.26,1.48,2.27,1.62,1.81,6.31,1.19,1.79,6.1,8.3,90.89,Married,No,Rural,1.7,1.19,4G,Xiaomi,No,9.5,32.23,No,16,47,81.11,global_mobile
12155,China,40,Male,Salesperson,High School,11193.73,5.73,95,3.55,3.51,0.17,1.71,0.48,5.63,1.78,17.82,7.4,3.5,55.88,Divorced,Yes,Urban,1.76,0.71,3G,Xiaomi,No,2.5,20.18,No,20,126,40.95,global_mobile
12156,Nigeria,45,Male,Engineer,High School,9874.08,0.0,92,1.72,1.46,1.55,0.09,1.66,5.88,1.53,92.49,3.5,7.0,18.49,Single,No,Urban,0.73,0.58,3G,Other,No,9.5,17.81,Yes,17,103,95.14,global_mobile
12157,Japan,13,Other,Engineer,,24429.3,7.63,110,2.63,2.25,1.63,1.67,2.07,8.09,0.72,16.91,3.8,8.3,39.96,Single,No,Rural,2.36,0.32,5G,Huawei,No,2.5,16.42,No,10,128,66.52,global_mobile
12158,India,57,Male,Teacher,,26363.05,6.12,105,2.88,0.7,0.63,2.18,2.28,6.11,1.05,58.89,9.6,3.5,85.33,Married,Yes,Urban,1.26,1.05,4G,Apple,Yes,2.5,32.81,No,10,143,49.95,global_mobile
12159,India,48,Male,Engineer,,38924.0,9.2,76,1.6,0.0,1.42,2.08,2.51,6.73,1.31,54.75,5.1,1.4,93.34,In Relationship,No,Urban,1.27,0.55,WiFi,Huawei,No,5.5,18.68,Yes,12,48,47.52,global_mobile
12160,USA,61,Female,Unemployed,,4865.41,9.93,116,1.28,2.41,2.65,1.21,2.92,5.31,1.2,14.25,7.9,9.9,7.8,In Relationship,No,Urban,1.66,0.84,3G,OnePlus,No,2.5,25.13,Yes,19,61,54.13,global_mobile
12161,Germany,65,Male,Salesperson,Bachelor's,39334.99,6.85,88,2.09,0.38,1.34,1.9,2.1,5.63,1.64,15.34,2.5,9.8,31.3,In Relationship,Yes,Rural,2.27,1.14,4G,OnePlus,No,7.5,20.74,No,13,50,64.75,global_mobile
12162,Brazil,36,Male,Engineer,Bachelor's,27407.47,4.42,82,2.38,1.41,1.86,0.99,2.04,5.41,0.55,84.0,0.3,8.4,57.94,Single,Yes,Rural,1.75,0.05,WiFi,Samsung,No,5.5,24.22,No,12,91,4.78,global_mobile
12163,Brazil,65,Female,Artist,High School,51802.36,6.75,52,1.45,2.12,2.72,0.94,0.95,4.74,0.48,10.25,5.5,9.7,81.3,In Relationship,No,Rural,0.67,1.03,WiFi,Other,Yes,9.5,22.11,Yes,8,40,85.03,global_mobile
12164,Brazil,19,Female,Engineer,High School,8536.87,4.77,43,0.22,1.01,0.14,0.9,2.23,6.74,0.79,59.72,9.8,0.3,93.48,Married,Yes,Rural,1.66,0.72,5G,Xiaomi,No,7.5,41.18,Yes,17,103,46.1,global_mobile
12165,Russia,37,Male,Unemployed,PhD,15842.72,4.41,52,2.77,1.97,2.4,1.27,2.51,6.45,0.89,97.09,0.1,9.9,46.06,Divorced,No,Urban,1.56,0.27,3G,Huawei,No,5.5,13.2,Yes,14,102,43.36,global_mobile
12166,Germany,26,Female,Artist,Master's,25110.15,2.43,102,1.12,4.0,2.49,1.26,1.5,7.18,1.39,80.25,4.9,7.4,14.14,In Relationship,No,Urban,2.01,0.53,3G,Other,Yes,5.5,30.64,No,12,117,2.19,global_mobile
12167,USA,43,Male,Engineer,High School,34905.73,3.27,52,2.07,2.16,0.71,1.73,3.63,7.06,0.55,28.47,2.2,2.8,84.01,Married,No,Rural,1.54,1.19,5G,Huawei,Yes,9.5,29.09,No,10,67,54.66,global_mobile
12168,Brazil,36,Male,Student,,24248.32,4.41,93,0.34,0.51,1.01,1.3,2.81,5.44,0.04,83.33,7.6,2.8,56.95,Single,Yes,Urban,0.83,0.33,4G,Apple,No,7.5,31.71,No,17,91,29.74,global_mobile
12169,Germany,64,Male,Teacher,,14210.04,7.25,37,3.33,1.7,3.42,1.49,1.62,5.37,1.42,3.01,9.8,0.4,22.62,Married,Yes,Urban,3.7,1.04,4G,Other,No,2.5,19.69,No,13,110,23.42,global_mobile
12170,Nigeria,27,Other,Manager,,0.0,7.32,50,1.43,0.99,2.23,1.49,2.61,6.36,0.45,40.36,4.7,6.2,16.08,Divorced,No,Urban,1.2,1.56,3G,Apple,No,5.5,20.23,Yes,17,99,66.55,global_mobile
12171,Mexico,69,Male,Student,Master's,45313.69,6.74,96,2.22,1.82,1.47,2.1,1.9,5.61,1.97,13.1,1.3,5.0,50.87,In Relationship,Yes,Urban,3.05,0.3,4G,Huawei,No,9.5,16.56,Yes,18,92,1.45,global_mobile
12172,China,49,Female,Teacher,,37927.06,8.1,72,2.39,1.15,1.78,2.67,2.32,6.72,0.78,73.6,4.8,7.6,34.45,Single,Yes,Rural,1.16,1.4,5G,Other,No,9.5,7.71,Yes,19,118,27.2,global_mobile
12173,Russia,31,Other,Doctor,Bachelor's,20300.34,5.24,63,0.0,0.72,2.02,0.97,3.85,5.7,1.44,36.83,3.7,4.5,75.26,In Relationship,Yes,Urban,2.96,0.68,3G,Apple,Yes,7.5,25.14,Yes,20,135,46.97,global_mobile
12174,China,32,Other,Doctor,,0.0,7.83,84,0.93,2.01,1.11,1.67,1.9,5.73,1.19,3.21,1.2,4.7,94.21,Married,No,Rural,1.43,1.01,5G,Other,Yes,5.5,34.52,No,13,104,49.51,global_mobile
12175,USA,15,Male,Salesperson,Master's,33357.62,6.41,79,0.09,1.2,0.49,2.02,2.15,7.2,1.62,29.11,8.2,8.0,61.52,Divorced,Yes,Rural,2.01,1.45,5G,Xiaomi,No,7.5,26.72,No,20,31,80.48,global_mobile
12176,Brazil,62,Male,Engineer,Master's,46777.45,5.42,96,2.37,0.38,2.29,0.76,3.32,6.57,0.83,26.85,9.8,1.3,27.61,In Relationship,No,Urban,2.08,2.1,3G,Other,Yes,9.5,34.52,Yes,14,129,82.23,global_mobile
12177,Nigeria,69,Male,Engineer,Master's,35228.49,4.16,69,0.34,0.1,1.41,0.92,2.52,8.35,1.42,78.14,2.4,1.5,2.8,Married,Yes,Urban,1.56,0.63,5G,Samsung,Yes,7.5,15.25,No,17,57,5.86,global_mobile
12178,India,56,Other,Salesperson,,33319.58,2.97,73,2.05,2.78,1.92,1.07,2.57,8.2,1.67,28.25,6.5,2.8,90.87,Divorced,Yes,Urban,1.28,0.81,4G,Other,No,7.5,30.38,No,12,139,54.53,global_mobile
12179,Japan,59,Male,Unemployed,,37268.27,8.12,53,2.59,2.22,3.16,0.88,1.52,5.81,0.85,58.73,9.0,9.0,92.0,Single,No,Urban,0.74,0.75,4G,OnePlus,No,7.5,12.41,No,12,66,51.89,global_mobile
12180,India,25,Other,Unemployed,,35692.64,4.43,62,2.8,2.18,3.31,2.45,2.31,6.34,1.04,54.68,3.1,8.9,24.95,Divorced,Yes,Rural,1.96,0.63,5G,Huawei,Yes,5.5,25.62,Yes,11,136,3.46,global_mobile
12181,Nigeria,61,Female,Artist,,42620.72,4.17,70,2.95,2.42,1.72,0.39,1.85,5.09,1.7,41.0,6.2,8.3,29.28,Divorced,Yes,Urban,1.76,0.67,WiFi,Apple,Yes,7.5,21.38,Yes,8,123,47.42,global_mobile
12182,Brazil,69,Other,Teacher,High School,24923.74,5.62,106,3.19,2.3,1.45,2.0,2.14,5.78,0.38,57.47,1.1,7.5,8.46,Divorced,No,Rural,0.22,0.0,WiFi,Xiaomi,Yes,5.5,20.05,Yes,14,59,93.03,global_mobile
12183,Germany,47,Male,Teacher,Bachelor's,0.0,4.83,49,2.25,2.51,3.65,1.09,1.92,6.23,0.54,69.34,0.0,9.8,74.8,Married,No,Urban,1.1,0.66,4G,OnePlus,No,9.5,35.46,No,8,54,71.88,global_mobile
12184,India,68,Other,Student,PhD,39240.41,6.5,79,2.04,1.28,3.51,1.37,2.11,6.42,1.87,33.39,3.0,8.2,19.33,Divorced,No,Urban,1.84,0.41,4G,Other,Yes,9.5,38.92,Yes,16,82,99.61,global_mobile
12185,UK,16,Male,Student,Master's,0.0,1.92,2,0.91,2.79,0.75,1.33,0.98,6.84,0.38,2.25,1.1,4.4,11.67,Single,No,Rural,1.39,1.35,3G,Huawei,No,5.5,26.37,No,8,90,16.7,global_mobile
12186,UK,67,Other,Student,,40343.72,8.73,74,4.2,0.43,1.75,1.23,1.5,5.54,1.64,21.06,5.0,2.9,37.18,In Relationship,Yes,Rural,1.12,0.71,5G,Xiaomi,Yes,2.5,40.19,No,13,101,93.79,global_mobile
12187,Germany,26,Male,Engineer,Master's,56601.81,10.77,98,0.39,1.84,0.71,1.36,0.96,6.04,1.07,1.28,0.4,6.6,89.55,Single,No,Rural,0.0,0.71,WiFi,Xiaomi,Yes,9.5,33.61,No,11,117,25.21,global_mobile
12188,Japan,19,Female,Teacher,PhD,40526.55,3.31,76,2.22,2.37,2.44,1.62,2.75,5.64,0.0,38.36,9.8,0.2,64.91,Single,Yes,Urban,0.45,1.15,4G,Xiaomi,No,7.5,29.24,No,9,114,40.8,global_mobile
12189,Mexico,59,Female,Student,PhD,20579.98,5.71,39,1.35,1.76,1.56,1.51,1.66,5.6,1.17,30.14,2.7,3.0,18.98,In Relationship,Yes,Urban,0.93,0.88,3G,OnePlus,No,7.5,18.07,No,9,65,57.91,global_mobile
12190,Brazil,47,Other,Salesperson,High School,46627.26,6.21,85,1.78,4.68,3.24,0.86,1.34,6.33,0.0,63.97,6.0,2.8,11.96,Married,Yes,Rural,1.23,0.39,3G,Apple,No,9.5,43.6,No,15,40,13.03,global_mobile
12191,Russia,39,Male,Manager,,17255.68,8.59,8,0.46,1.65,3.39,1.59,1.03,7.95,0.74,18.07,1.9,9.1,53.13,Single,No,Rural,1.78,1.33,WiFi,Apple,Yes,5.5,30.76,No,19,123,32.57,global_mobile
12192,Brazil,12,Other,Salesperson,,9583.14,5.97,68,0.59,1.75,0.0,1.62,1.98,4.98,0.77,18.55,8.3,8.7,8.89,Divorced,No,Rural,1.41,1.14,WiFi,Apple,No,7.5,24.77,Yes,20,116,25.95,global_mobile
12193,Brazil,50,Male,Engineer,PhD,865.99,8.9,50,1.12,2.03,3.49,1.85,2.65,6.68,0.6,62.43,9.2,9.2,68.28,Married,No,Rural,2.03,1.77,4G,Apple,No,5.5,26.3,Yes,15,98,52.72,global_mobile
12194,Japan,39,Other,Unemployed,Master's,48614.69,4.95,117,2.38,1.84,2.64,1.02,0.98,4.8,1.13,80.81,7.6,4.4,79.19,Married,No,Urban,1.96,0.78,5G,Apple,Yes,9.5,26.16,Yes,11,84,98.45,global_mobile
12195,China,39,Female,Salesperson,,39870.2,7.76,88,2.06,2.15,3.58,1.84,1.94,7.18,1.14,4.88,5.6,9.1,39.81,Married,No,Urban,1.45,1.0,WiFi,OnePlus,Yes,2.5,14.2,Yes,18,73,74.32,global_mobile
12196,Brazil,43,Female,Artist,PhD,1734.23,4.68,137,2.2,3.67,1.76,1.16,1.77,6.51,1.07,96.46,2.6,5.4,96.79,Divorced,No,Urban,1.09,1.17,5G,OnePlus,Yes,9.5,16.16,No,16,86,71.67,global_mobile
12197,USA,38,Other,Artist,High School,46454.99,7.7,99,2.54,1.06,2.32,1.26,2.78,6.55,1.2,64.23,5.0,9.7,69.42,In Relationship,No,Urban,1.16,0.92,3G,Huawei,No,2.5,17.07,Yes,16,128,13.35,global_mobile
12198,China,50,Female,Manager,,20146.94,4.05,77,2.87,1.68,0.16,2.22,3.71,5.8,1.38,4.83,1.3,7.4,82.95,Married,Yes,Urban,0.72,0.8,5G,Other,Yes,2.5,19.71,Yes,20,97,54.04,global_mobile
12199,Mexico,68,Male,Engineer,High School,18253.82,4.72,96,2.23,1.3,2.89,1.61,1.88,5.79,0.58,85.37,9.7,2.4,0.15,Divorced,Yes,Urban,2.33,1.69,4G,Other,Yes,7.5,21.02,Yes,9,90,20.01,global_mobile
12200,UK,70,Other,Artist,Master's,14743.09,5.32,33,1.96,0.0,2.32,1.0,3.5,6.84,1.81,32.7,7.0,8.2,8.95,Married,Yes,Urban,0.2,0.83,3G,OnePlus,No,5.5,34.27,Yes,12,110,66.35,global_mobile
12201,USA,43,Other,Student,PhD,20459.98,4.53,95,2.06,0.55,2.15,1.91,2.03,6.86,0.94,38.69,9.4,2.9,70.15,In Relationship,Yes,Rural,2.46,1.98,4G,Other,Yes,9.5,7.29,No,18,91,10.41,global_mobile
12202,Brazil,13,Female,Salesperson,PhD,27409.45,6.6,36,2.2,1.02,0.98,2.54,1.95,5.54,1.77,15.74,3.5,8.0,83.72,Married,Yes,Urban,1.74,1.21,3G,OnePlus,No,9.5,24.33,No,8,80,3.41,global_mobile
12203,India,66,Male,Teacher,PhD,45020.6,3.44,104,1.87,1.13,3.75,0.99,1.78,5.67,0.59,52.62,1.1,0.3,72.25,Divorced,No,Urban,2.25,0.31,3G,OnePlus,No,7.5,10.1,No,20,26,24.22,global_mobile
12204,Russia,29,Female,Artist,Bachelor's,19080.09,5.01,72,0.34,2.15,0.54,1.2,1.79,7.22,0.0,45.38,0.5,3.2,57.17,Married,Yes,Urban,1.96,0.39,WiFi,Other,Yes,5.5,27.97,No,11,118,81.79,global_mobile
12205,Nigeria,15,Male,Student,Bachelor's,21331.34,6.55,75,0.76,3.67,3.43,1.74,1.98,7.89,0.72,52.36,5.0,2.5,91.81,Divorced,Yes,Urban,1.14,0.87,5G,OnePlus,No,7.5,12.74,No,8,95,13.32,global_mobile
12206,Mexico,52,Other,Student,Bachelor's,49227.45,7.52,66,0.0,3.34,2.1,2.25,1.61,6.65,1.43,61.37,9.0,0.6,71.49,In Relationship,No,Rural,1.42,1.38,3G,OnePlus,Yes,9.5,34.88,Yes,11,152,72.34,global_mobile
12207,UK,28,Male,Salesperson,,32453.0,9.75,77,0.57,0.63,0.7,0.59,0.51,7.05,1.07,51.03,5.1,7.5,1.35,In Relationship,No,Urban,1.92,0.63,5G,Samsung,No,5.5,24.03,No,20,76,19.18,global_mobile
12208,India,28,Other,Doctor,Bachelor's,5504.11,4.61,63,4.1,1.66,2.64,1.51,2.28,7.14,0.9,73.62,3.7,9.6,56.5,Divorced,Yes,Rural,1.14,0.1,3G,Huawei,Yes,5.5,37.73,Yes,12,114,62.93,global_mobile
12209,Japan,36,Female,Teacher,PhD,25086.82,5.91,61,3.43,0.57,1.66,0.96,1.99,6.22,1.11,9.75,1.5,7.9,50.59,Divorced,Yes,Urban,0.0,1.1,3G,OnePlus,Yes,2.5,26.83,No,11,105,26.35,global_mobile
12210,UK,61,Male,Doctor,PhD,55706.86,3.38,85,3.28,0.55,1.48,1.17,1.96,6.87,1.25,16.69,5.5,0.7,60.38,In Relationship,No,Rural,2.99,0.9,5G,Other,No,7.5,31.25,Yes,17,82,34.93,global_mobile
12211,Russia,14,Male,Teacher,PhD,26821.17,8.24,104,2.58,2.44,2.71,1.91,1.18,5.74,1.16,28.51,3.3,2.9,51.82,Married,No,Rural,1.46,1.12,3G,Huawei,Yes,2.5,41.92,Yes,14,59,8.22,global_mobile
12212,USA,65,Female,Engineer,Master's,14380.87,8.49,72,1.45,1.18,2.42,1.09,2.59,7.32,1.64,3.37,0.8,8.5,90.18,Single,Yes,Urban,2.47,1.32,3G,Samsung,Yes,5.5,44.44,No,9,86,42.57,global_mobile
12213,India,51,Female,Salesperson,High School,26171.55,6.19,66,1.2,3.81,2.09,1.71,2.58,7.14,0.31,39.07,9.6,3.5,79.69,Divorced,No,Urban,1.64,1.59,3G,Samsung,No,9.5,21.88,No,19,169,21.83,global_mobile
12214,China,46,Other,Teacher,,7912.32,1.3,60,1.13,0.8,1.16,1.97,0.89,6.82,0.26,90.44,3.4,8.9,61.59,In Relationship,Yes,Rural,2.04,0.35,3G,Samsung,Yes,2.5,10.58,No,11,56,19.98,global_mobile
12215,Nigeria,67,Male,Salesperson,,23657.84,4.63,101,3.22,1.91,0.14,1.68,3.25,6.76,0.81,45.8,8.5,7.8,20.05,Married,No,Rural,1.7,0.78,4G,Huawei,No,9.5,30.24,No,15,96,43.69,global_mobile
12216,Nigeria,33,Male,Teacher,PhD,55578.77,5.3,130,0.8,1.84,1.76,2.63,0.99,5.55,1.38,52.94,0.4,2.0,7.83,Divorced,Yes,Rural,2.34,0.54,WiFi,Other,No,2.5,24.28,Yes,13,63,71.84,global_mobile
12217,Germany,58,Female,Salesperson,High School,9361.76,3.0,129,2.53,1.74,2.61,0.8,2.1,5.97,0.91,66.5,0.9,8.9,9.46,Divorced,Yes,Rural,1.01,0.08,5G,Apple,No,2.5,26.17,Yes,20,56,45.17,global_mobile
12218,UK,20,Female,Doctor,High School,37662.59,11.77,118,1.94,0.95,1.45,1.23,3.38,7.2,1.42,69.06,6.7,0.4,59.22,In Relationship,No,Urban,2.59,0.52,3G,Samsung,Yes,9.5,20.25,Yes,18,98,26.67,global_mobile
12219,Germany,12,Female,Artist,Master's,38892.79,5.36,56,1.99,1.39,1.98,2.05,2.48,8.12,0.93,77.06,2.8,0.5,10.5,In Relationship,No,Urban,0.0,0.81,4G,Samsung,No,9.5,26.5,No,20,105,71.14,global_mobile
12220,Mexico,68,Other,Unemployed,Bachelor's,57909.5,4.59,30,1.58,1.13,0.0,1.44,1.71,5.94,0.5,36.0,4.6,3.1,90.71,Married,No,Rural,1.52,1.32,5G,Apple,Yes,7.5,6.28,Yes,19,85,29.73,global_mobile
12221,Brazil,51,Female,Engineer,Master's,18873.52,3.05,78,3.28,2.04,3.86,1.22,2.83,7.1,0.07,43.36,7.0,5.0,6.13,Divorced,No,Rural,0.36,0.36,3G,Xiaomi,Yes,5.5,23.1,No,20,134,76.47,global_mobile
12222,Japan,31,Female,Manager,High School,16132.89,7.41,93,1.68,1.76,3.08,2.13,1.78,7.63,0.71,19.98,2.8,0.2,2.69,Married,Yes,Rural,1.4,1.16,WiFi,Huawei,Yes,9.5,37.37,No,15,109,54.58,global_mobile
12223,Japan,49,Male,Salesperson,High School,20279.83,6.7,78,1.63,2.74,1.63,1.8,2.8,7.62,1.37,39.46,5.2,2.8,20.49,Divorced,Yes,Rural,2.54,1.72,WiFi,OnePlus,Yes,7.5,16.35,No,16,150,34.81,global_mobile
12224,China,41,Male,Doctor,High School,36472.63,2.65,95,2.54,0.32,0.81,0.48,2.48,6.43,1.08,79.07,5.2,3.4,52.85,Single,No,Urban,2.4,0.17,5G,OnePlus,Yes,2.5,24.19,Yes,17,33,6.8,global_mobile
12225,USA,26,Male,Engineer,High School,35314.35,5.05,108,2.8,2.14,1.05,0.71,1.51,6.68,1.43,43.74,9.7,8.9,12.88,Married,Yes,Rural,1.39,0.56,4G,Other,Yes,5.5,23.43,No,9,33,27.86,global_mobile
12226,Mexico,50,Other,Salesperson,High School,18052.25,7.24,112,3.05,0.31,2.18,1.63,0.47,5.81,0.8,1.26,4.4,1.3,39.29,Divorced,No,Urban,1.37,1.0,WiFi,Huawei,Yes,2.5,23.76,No,9,59,87.21,global_mobile
12227,Japan,54,Male,Manager,PhD,39049.03,5.55,76,3.15,2.23,3.41,2.56,1.59,6.58,1.25,33.3,8.7,5.2,66.45,In Relationship,Yes,Rural,1.26,1.69,WiFi,Xiaomi,Yes,9.5,37.13,No,16,94,27.04,global_mobile
12228,UK,44,Other,Unemployed,Master's,46871.63,5.09,90,0.0,1.58,1.27,1.31,2.11,5.84,0.74,56.61,3.1,2.1,85.51,Married,Yes,Urban,1.9,1.31,4G,Huawei,Yes,7.5,24.73,Yes,8,94,93.49,global_mobile
12229,UK,48,Female,Manager,,53591.51,1.97,55,2.06,1.05,0.57,1.31,1.62,6.63,1.22,80.69,9.8,1.9,93.64,Divorced,No,Rural,2.16,0.0,3G,Samsung,Yes,7.5,25.53,Yes,20,109,95.86,global_mobile
12230,Germany,55,Other,Manager,,35569.89,7.1,58,4.42,0.49,3.56,0.94,3.49,4.11,1.29,11.52,9.1,6.9,7.88,Divorced,No,Urban,2.44,0.54,5G,Samsung,No,9.5,31.53,Yes,9,87,0.15,global_mobile
12231,Germany,18,Other,Teacher,Master's,33839.94,6.63,65,3.22,1.33,2.51,1.9,2.73,4.89,0.0,18.74,5.5,3.8,15.83,Divorced,Yes,Rural,1.49,1.42,3G,Xiaomi,No,9.5,13.24,Yes,9,101,44.08,global_mobile
12232,Russia,33,Male,Engineer,High School,0.0,5.75,75,0.87,3.3,2.66,1.99,2.91,6.98,0.96,50.51,0.5,5.4,15.59,In Relationship,Yes,Rural,0.52,0.94,5G,Apple,No,2.5,19.84,Yes,12,66,19.99,global_mobile
12233,India,29,Male,Doctor,PhD,45144.62,5.56,64,2.97,0.58,1.07,0.51,1.04,6.06,1.02,0.52,4.7,5.7,15.13,Married,No,Urban,1.47,1.35,3G,OnePlus,Yes,5.5,20.99,Yes,14,75,76.5,global_mobile
12234,Russia,69,Male,Doctor,Master's,17917.33,7.29,67,2.22,0.23,1.91,1.36,2.25,7.49,0.3,51.76,1.3,1.3,54.04,Divorced,Yes,Rural,1.09,0.0,3G,Other,No,2.5,40.01,No,12,62,13.16,global_mobile
12235,Japan,30,Male,Teacher,PhD,3671.88,5.94,106,4.45,1.1,1.47,2.07,1.61,7.67,1.85,18.54,4.2,6.4,19.98,In Relationship,Yes,Urban,3.19,0.3,3G,OnePlus,Yes,9.5,16.52,No,10,81,56.98,global_mobile
12236,Nigeria,27,Female,Student,Master's,10554.95,5.99,74,1.72,1.26,2.82,1.76,1.68,6.68,0.92,51.63,2.5,6.7,78.22,Divorced,No,Urban,0.19,0.0,4G,Apple,Yes,7.5,29.09,No,14,0,13.19,global_mobile
12237,China,58,Female,Doctor,PhD,8799.69,4.56,101,1.65,1.34,2.28,1.6,1.88,6.44,1.05,8.22,4.9,9.2,6.44,Married,Yes,Rural,2.75,1.11,5G,Apple,No,9.5,14.52,No,18,123,74.1,global_mobile
12238,Germany,44,Other,Engineer,Master's,76372.58,5.84,91,1.59,0.0,2.54,1.96,2.46,6.99,0.73,94.52,8.7,4.7,0.32,Divorced,No,Rural,1.5,0.91,4G,Other,Yes,2.5,44.2,Yes,15,121,70.19,global_mobile
12239,USA,56,Other,Doctor,High School,0.0,8.19,61,2.03,1.35,0.0,0.88,1.67,5.36,1.52,11.28,8.1,2.7,4.93,Divorced,No,Urban,1.77,1.19,4G,OnePlus,Yes,9.5,13.71,No,16,84,84.46,global_mobile
12240,Nigeria,16,Female,Salesperson,PhD,28893.66,5.92,39,1.33,0.0,1.14,1.4,1.07,6.56,1.45,18.09,6.5,3.7,28.66,Married,No,Urban,2.35,0.89,4G,Apple,No,9.5,1.78,Yes,8,77,8.54,global_mobile
12241,Germany,33,Male,Manager,Bachelor's,9016.31,4.92,27,3.66,3.92,1.2,2.18,1.18,6.94,0.3,68.87,3.3,4.6,3.45,Divorced,Yes,Urban,1.49,1.7,WiFi,OnePlus,Yes,2.5,26.09,Yes,17,95,40.42,global_mobile
12242,India,42,Male,Student,Bachelor's,32218.91,6.44,45,3.89,3.98,0.61,2.1,2.67,6.07,1.0,13.84,5.9,8.8,19.95,Married,Yes,Urban,0.21,0.95,WiFi,Huawei,No,9.5,16.81,Yes,8,48,53.41,global_mobile
12243,Mexico,41,Female,Artist,Bachelor's,46141.75,6.65,73,2.37,2.76,1.34,1.94,1.71,7.39,1.54,22.74,5.2,2.1,26.24,Married,No,Rural,2.17,1.27,5G,Other,No,7.5,10.54,No,11,146,44.59,global_mobile
12244,UK,65,Male,Unemployed,,37915.98,5.27,109,2.17,1.77,0.13,1.63,2.11,7.45,0.82,8.33,7.5,9.4,28.58,In Relationship,No,Rural,2.33,1.51,WiFi,Xiaomi,Yes,9.5,38.94,Yes,15,131,62.06,global_mobile
12245,Russia,40,Male,Engineer,Bachelor's,19914.05,6.74,44,0.21,0.05,3.79,1.78,3.24,7.36,1.39,58.56,4.7,5.7,80.61,Single,Yes,Rural,0.0,0.13,WiFi,Apple,No,9.5,31.34,No,15,78,5.66,global_mobile
12246,UK,42,Male,Manager,High School,22707.39,5.31,110,2.47,1.01,0.54,0.59,0.56,7.66,0.95,0.0,6.6,5.0,5.65,Married,No,Rural,2.35,0.0,4G,Other,No,9.5,14.97,Yes,10,126,95.09,global_mobile
12247,Nigeria,58,Male,Manager,High School,30823.72,5.45,25,3.1,1.47,3.28,1.24,1.1,6.66,0.77,25.93,0.4,0.6,83.72,Divorced,No,Rural,0.59,0.88,3G,Apple,No,9.5,26.2,No,13,156,62.68,global_mobile
12248,USA,24,Male,Doctor,,46379.67,6.52,57,1.7,2.28,2.13,1.34,2.63,6.86,1.56,65.67,7.4,2.2,10.71,In Relationship,Yes,Urban,2.87,1.4,5G,OnePlus,Yes,7.5,13.71,Yes,11,98,25.52,global_mobile
12249,Brazil,27,Male,Artist,Master's,16603.37,9.91,67,2.26,0.0,1.65,1.7,0.07,7.46,0.61,21.93,0.4,2.5,50.64,In Relationship,Yes,Rural,1.61,0.52,3G,Other,Yes,9.5,33.24,Yes,9,110,87.75,global_mobile
12250,Nigeria,50,Male,Teacher,PhD,37730.18,5.88,51,2.15,1.31,1.31,1.04,2.52,6.39,1.52,40.19,3.6,6.3,10.47,Divorced,Yes,Rural,0.54,0.55,5G,OnePlus,No,7.5,24.5,Yes,10,75,66.4,global_mobile
12251,Brazil,58,Female,Unemployed,,41164.76,4.02,84,1.66,2.83,3.21,0.98,2.58,7.81,0.94,78.46,9.6,3.6,18.44,Married,Yes,Rural,2.7,1.46,5G,Huawei,No,9.5,12.07,Yes,15,91,68.39,global_mobile
12252,Nigeria,40,Other,Teacher,High School,19143.66,9.78,79,1.72,2.07,0.61,1.11,2.26,8.12,0.35,97.1,1.9,3.8,93.42,In Relationship,No,Urban,0.85,0.0,WiFi,OnePlus,Yes,9.5,26.56,No,12,117,76.38,global_mobile
12253,UK,35,Other,Artist,Bachelor's,44347.4,4.69,97,2.02,0.66,1.87,1.94,0.77,6.71,0.77,82.22,7.2,2.1,34.54,Married,Yes,Rural,2.39,0.21,3G,Other,Yes,9.5,5.28,No,14,87,79.31,global_mobile
12254,India,59,Female,Manager,PhD,38669.04,3.36,65,2.4,0.0,1.01,0.91,2.22,7.37,0.72,21.13,7.7,7.3,41.99,Married,Yes,Urban,2.01,0.65,4G,Huawei,Yes,5.5,27.54,Yes,20,67,41.21,global_mobile
12255,China,50,Female,Doctor,Master's,39266.84,3.64,83,4.37,1.31,2.09,2.56,2.73,6.07,1.21,27.08,7.0,1.5,95.8,Single,No,Rural,1.28,0.74,5G,OnePlus,Yes,9.5,30.01,Yes,20,60,11.67,global_mobile
12256,Japan,18,Female,Teacher,Bachelor's,34508.35,5.82,84,1.96,2.82,0.71,0.81,2.12,6.11,0.39,86.37,2.7,2.4,85.82,In Relationship,Yes,Urban,0.63,0.85,3G,OnePlus,No,7.5,17.96,Yes,10,120,46.64,global_mobile
12257,USA,40,Female,Unemployed,Master's,60102.63,6.28,110,2.44,0.83,1.57,1.64,2.35,5.19,0.07,17.37,7.9,5.8,31.3,Single,No,Rural,0.99,0.0,5G,Huawei,No,5.5,27.83,No,17,121,3.44,global_mobile
12258,Japan,42,Female,Manager,PhD,12253.37,5.16,94,2.16,1.78,1.63,1.41,2.42,7.21,0.44,45.31,0.8,5.6,44.53,Divorced,Yes,Rural,0.45,0.66,WiFi,Xiaomi,No,9.5,22.5,Yes,15,72,13.64,global_mobile
12259,India,69,Female,Salesperson,,0.0,8.48,61,2.25,1.08,2.07,2.07,0.75,8.24,1.47,0.68,7.2,6.4,0.54,In Relationship,No,Urban,1.99,0.21,4G,Apple,No,7.5,21.86,No,9,64,4.21,global_mobile
12260,Japan,57,Male,Teacher,,54822.79,7.87,51,3.34,2.39,2.56,1.86,2.81,5.07,1.21,24.8,8.7,2.9,60.03,Divorced,Yes,Rural,1.02,0.72,5G,Apple,No,2.5,25.83,No,15,85,51.59,global_mobile
12261,Brazil,28,Female,Manager,Master's,2900.25,8.47,78,2.47,1.11,1.73,1.42,2.99,7.1,0.75,79.88,1.0,9.7,26.95,In Relationship,No,Urban,0.69,0.0,WiFi,Other,Yes,2.5,33.52,No,18,105,70.09,global_mobile
12262,Nigeria,28,Female,Salesperson,Master's,0.0,3.21,86,2.51,0.0,2.51,1.21,3.27,9.17,0.46,4.5,9.3,3.9,12.53,Married,No,Rural,1.25,0.45,5G,Apple,Yes,9.5,23.43,Yes,8,110,54.42,global_mobile
12263,Nigeria,42,Male,Manager,,33330.87,5.76,90,2.26,0.15,1.88,1.79,0.71,6.41,2.17,11.8,2.1,2.2,24.49,Divorced,Yes,Urban,0.97,0.53,3G,Huawei,No,9.5,35.12,No,18,110,96.9,global_mobile
12264,Mexico,70,Other,Teacher,PhD,45699.24,6.61,77,2.29,2.72,2.78,2.14,3.08,6.66,1.26,1.16,9.2,1.6,88.48,Married,Yes,Rural,1.69,0.0,5G,OnePlus,No,2.5,16.05,No,13,137,15.82,global_mobile
12265,Germany,36,Other,Manager,,35892.84,8.64,92,2.69,1.84,2.94,2.13,2.28,7.5,1.27,11.73,4.9,6.4,21.53,In Relationship,No,Rural,1.14,1.19,4G,Samsung,Yes,5.5,25.5,No,15,65,73.31,global_mobile
12266,USA,27,Other,Engineer,Bachelor's,1440.34,7.07,40,0.75,0.0,2.27,1.3,1.71,7.3,1.14,38.38,8.9,8.0,19.66,In Relationship,Yes,Rural,0.83,0.2,WiFi,OnePlus,No,9.5,7.72,Yes,18,119,19.45,global_mobile
12267,Nigeria,14,Other,Engineer,Bachelor's,45004.14,5.01,69,2.01,1.87,3.53,0.92,3.16,4.74,0.67,9.1,5.4,7.7,90.2,In Relationship,No,Rural,1.96,0.93,3G,Xiaomi,No,9.5,25.57,Yes,13,107,47.44,global_mobile
12268,Japan,36,Male,Teacher,PhD,10870.11,6.11,81,3.15,1.63,4.29,1.27,1.11,5.88,0.56,33.74,2.8,8.2,42.33,Married,No,Urban,1.01,0.35,5G,Xiaomi,No,2.5,37.56,Yes,18,63,62.26,global_mobile
12269,Mexico,57,Male,Manager,High School,17889.02,5.42,91,2.82,1.59,4.12,1.31,1.53,6.31,1.09,5.42,7.4,4.4,27.09,Married,No,Urban,3.84,0.39,5G,Samsung,No,5.5,32.02,Yes,19,85,26.27,global_mobile
12270,USA,27,Female,Artist,Bachelor's,24315.25,5.31,52,3.85,0.12,2.24,1.04,0.4,7.28,1.13,62.08,3.0,1.2,98.79,Single,No,Rural,0.68,0.51,5G,Apple,No,5.5,10.08,No,14,68,66.87,global_mobile
12271,Japan,49,Other,Doctor,Master's,22960.71,5.26,76,2.56,2.27,3.32,1.17,1.47,7.14,0.45,61.61,9.0,0.4,84.22,Single,No,Urban,1.31,0.16,5G,Huawei,Yes,2.5,28.57,No,16,68,51.1,global_mobile
12272,Brazil,55,Female,Doctor,Bachelor's,14059.39,4.95,48,1.83,1.17,1.51,1.38,2.71,6.02,0.67,3.93,9.6,9.0,15.8,Single,No,Rural,1.91,1.58,3G,Huawei,No,5.5,18.61,No,19,97,75.13,global_mobile
12273,Mexico,62,Other,Teacher,Bachelor's,0.0,8.71,80,1.55,2.36,2.78,1.11,1.14,7.9,0.0,23.36,1.2,5.3,69.12,Divorced,Yes,Rural,2.11,0.57,4G,Samsung,Yes,2.5,15.68,No,14,66,33.54,global_mobile
12274,Nigeria,40,Other,Salesperson,High School,17983.05,4.12,101,0.7,2.75,2.02,1.21,1.6,7.89,0.49,5.77,5.7,4.8,11.31,In Relationship,No,Rural,1.39,0.96,4G,Huawei,No,2.5,25.4,No,15,88,56.1,global_mobile
12275,Russia,29,Female,Salesperson,High School,50604.62,5.0,68,1.28,1.36,1.67,1.51,3.18,6.04,0.97,93.2,4.3,0.2,99.73,Married,No,Urban,1.36,0.11,3G,Other,No,5.5,38.01,Yes,18,80,12.56,global_mobile
12276,Mexico,30,Other,Engineer,,46197.88,2.59,113,2.02,0.0,2.4,1.0,3.29,6.49,0.66,52.47,8.0,3.2,50.11,Single,No,Rural,1.66,0.42,5G,Samsung,No,7.5,29.93,No,20,49,13.88,global_mobile
12277,USA,45,Male,Student,Master's,39190.3,7.51,43,2.9,2.94,1.95,1.6,0.75,6.7,0.54,67.44,2.1,9.1,84.52,Divorced,Yes,Rural,0.52,1.87,WiFi,Apple,Yes,9.5,20.72,No,15,105,60.55,global_mobile
12278,USA,58,Other,Artist,,7334.74,6.61,98,2.11,0.49,1.19,0.73,2.63,5.0,1.13,62.05,2.1,9.7,22.11,Divorced,No,Rural,1.15,0.82,3G,OnePlus,Yes,5.5,28.87,Yes,12,97,17.2,global_mobile
12279,Russia,32,Other,Unemployed,,4653.19,5.93,44,2.18,1.25,1.31,1.62,2.35,7.34,0.39,7.5,3.6,5.3,19.18,Married,Yes,Urban,0.9,0.22,5G,Xiaomi,No,9.5,31.4,No,8,110,97.86,global_mobile
12280,Russia,48,Female,Teacher,,37439.6,5.51,89,0.28,0.09,1.22,0.98,1.24,6.07,0.54,55.45,6.9,7.2,39.29,Divorced,No,Urban,0.9,0.71,4G,Other,No,5.5,40.49,No,11,51,50.4,global_mobile
12281,Nigeria,65,Male,Artist,High School,32457.8,5.0,115,0.66,0.71,1.33,1.75,1.31,7.35,1.69,98.18,4.4,3.3,63.37,Married,Yes,Rural,1.24,1.8,4G,Apple,No,9.5,6.99,No,9,126,48.98,global_mobile
12282,UK,25,Female,Teacher,Bachelor's,16069.2,8.16,119,2.28,2.11,2.89,1.71,3.53,7.37,0.71,92.6,2.3,8.3,27.47,Divorced,No,Rural,1.84,0.0,3G,Other,No,5.5,13.43,Yes,20,90,38.38,global_mobile
12283,Mexico,33,Male,Engineer,PhD,29261.43,9.15,59,2.4,0.5,2.49,1.79,2.84,7.71,1.23,8.11,0.5,10.0,37.77,Married,No,Rural,2.23,1.21,4G,Samsung,No,2.5,28.68,Yes,15,104,17.59,global_mobile
12284,India,23,Male,Doctor,Bachelor's,39506.12,5.11,107,2.39,1.32,0.0,0.68,1.13,8.25,0.0,95.16,9.2,4.5,1.54,In Relationship,No,Rural,2.1,1.4,4G,Other,Yes,9.5,38.41,Yes,15,98,65.06,global_mobile
12285,India,12,Other,Engineer,Bachelor's,20170.3,4.48,115,3.09,3.05,1.5,2.0,1.94,5.54,1.62,68.79,0.5,1.0,36.29,Married,No,Urban,1.92,0.06,4G,Other,No,5.5,12.34,Yes,14,115,79.51,global_mobile
12286,USA,35,Male,Engineer,,35555.46,6.74,49,1.99,1.88,0.41,1.98,1.31,5.57,1.21,83.27,2.4,8.3,31.39,Divorced,No,Rural,1.11,0.89,5G,Other,Yes,2.5,34.14,Yes,11,146,7.42,global_mobile
12287,Brazil,45,Other,Unemployed,,4359.5,7.3,69,0.76,3.15,1.46,1.51,2.67,6.5,0.35,8.66,0.3,9.8,85.09,Single,No,Urban,1.79,0.49,5G,Xiaomi,No,5.5,2.53,No,18,136,44.44,global_mobile
12288,UK,40,Other,Artist,Master's,6578.38,6.25,92,1.17,2.02,1.54,1.7,3.3,5.06,1.34,80.46,0.9,8.2,17.81,Single,No,Urban,0.5,0.98,4G,Xiaomi,Yes,7.5,16.02,No,15,109,97.73,global_mobile
12289,China,45,Male,Unemployed,,26762.25,5.98,97,2.71,0.39,0.0,0.64,0.59,6.44,0.89,32.3,2.8,9.7,76.59,In Relationship,No,Urban,1.07,0.87,WiFi,Other,No,2.5,16.7,No,20,120,89.89,global_mobile
12290,UK,65,Other,Artist,,35238.85,4.86,112,2.02,1.27,2.72,1.16,2.13,5.39,0.37,2.24,2.8,7.2,42.2,Divorced,No,Rural,0.76,0.45,3G,Other,Yes,9.5,18.94,Yes,11,104,66.35,global_mobile
12291,Nigeria,55,Female,Unemployed,PhD,33616.03,7.36,108,2.57,0.2,2.14,1.84,1.98,6.54,1.37,74.91,4.3,7.0,42.26,Married,No,Rural,0.34,0.89,5G,Samsung,No,5.5,10.59,Yes,9,78,96.25,global_mobile
12292,Japan,27,Female,Student,Master's,10100.13,4.1,141,3.86,2.55,1.97,0.51,2.75,4.18,1.33,23.35,7.9,8.6,48.09,Married,No,Urban,1.87,0.01,3G,Samsung,No,2.5,15.58,Yes,14,130,61.2,global_mobile
12293,USA,53,Female,Unemployed,Bachelor's,10405.44,6.22,65,1.93,2.34,0.99,1.64,2.63,6.72,0.89,53.9,7.2,8.0,61.24,Married,Yes,Urban,0.19,1.07,3G,OnePlus,No,7.5,5.16,Yes,15,60,49.42,global_mobile
12294,Mexico,14,Male,Engineer,,34234.16,4.17,108,1.71,2.0,2.78,1.17,3.58,5.34,1.26,28.84,3.5,4.0,95.89,Divorced,Yes,Urban,0.38,0.73,4G,Huawei,No,5.5,20.6,No,17,76,7.14,global_mobile
12295,USA,63,Other,Salesperson,PhD,27645.16,5.58,94,0.86,0.96,3.53,1.54,2.88,5.17,1.27,53.34,5.4,3.3,77.23,Single,Yes,Rural,1.28,0.03,WiFi,Huawei,Yes,2.5,30.24,Yes,9,91,80.34,global_mobile
12296,UK,22,Male,Artist,Master's,33505.69,7.26,83,1.59,1.18,1.87,1.82,1.95,6.72,1.18,63.18,9.3,3.5,54.77,Single,Yes,Rural,1.22,0.87,5G,Apple,Yes,5.5,13.1,Yes,12,130,17.28,global_mobile
12297,UK,22,Male,Teacher,,32123.5,4.91,53,1.67,1.69,1.39,0.42,1.14,8.2,2.03,92.04,6.7,1.0,52.11,In Relationship,Yes,Rural,0.85,1.08,WiFi,Other,Yes,7.5,43.07,No,9,118,25.4,global_mobile
12298,Russia,15,Female,Doctor,High School,45634.21,8.77,79,2.9,1.87,0.42,1.38,1.26,6.86,1.36,53.1,6.3,0.3,96.06,Single,No,Rural,2.49,0.53,WiFi,OnePlus,Yes,9.5,20.49,No,10,46,11.08,global_mobile
12299,China,63,Male,Salesperson,,60776.35,2.11,78,3.13,3.65,0.0,0.65,1.15,7.56,0.86,85.08,2.3,6.6,15.87,Single,Yes,Rural,1.53,1.43,WiFi,Huawei,No,5.5,27.95,Yes,14,107,20.16,global_mobile
12300,India,57,Female,Engineer,,39765.53,4.55,119,2.05,2.04,2.34,1.98,1.72,7.6,0.62,48.22,3.4,7.0,33.96,Single,No,Rural,2.0,0.53,4G,Samsung,Yes,9.5,27.79,No,10,100,9.51,global_mobile
12301,India,43,Other,Student,Master's,50097.82,5.99,97,1.46,2.91,1.17,2.05,3.47,6.64,0.52,70.46,2.2,6.9,28.87,Married,Yes,Urban,1.79,1.42,WiFi,OnePlus,No,7.5,2.19,Yes,17,117,26.19,global_mobile
12302,China,45,Male,Salesperson,High School,48566.97,8.07,121,1.15,2.99,1.54,1.72,2.25,5.03,1.21,2.8,5.1,6.5,4.98,Single,Yes,Urban,1.18,1.94,3G,Samsung,No,2.5,25.37,Yes,10,107,40.02,global_mobile
12303,Japan,49,Other,Engineer,Bachelor's,36860.65,3.88,106,2.58,2.71,1.86,2.19,1.04,7.7,0.62,78.86,3.9,9.7,54.81,In Relationship,No,Rural,1.15,0.0,WiFi,Samsung,No,7.5,4.72,No,17,125,31.17,global_mobile
12304,Russia,66,Other,Artist,Bachelor's,27665.6,5.31,72,1.56,1.77,1.52,2.05,2.53,6.72,0.62,67.46,9.3,6.7,18.07,In Relationship,No,Urban,1.24,0.31,3G,Other,No,5.5,32.46,No,11,159,8.7,global_mobile
12305,Russia,14,Male,Doctor,PhD,42292.73,9.57,87,1.75,2.02,2.1,1.29,2.03,5.55,0.7,91.55,5.7,4.0,4.53,Single,Yes,Rural,1.26,1.54,3G,OnePlus,Yes,7.5,21.09,Yes,19,68,9.99,global_mobile
12306,Mexico,36,Female,Manager,,47088.82,7.81,99,0.5,2.09,2.6,1.92,1.49,7.37,1.87,80.43,9.9,4.6,48.92,In Relationship,No,Urban,1.02,1.18,5G,Huawei,No,7.5,15.36,Yes,9,42,90.55,global_mobile
12307,Brazil,64,Other,Student,Master's,13219.07,7.76,80,4.15,1.43,1.81,1.08,1.75,5.94,1.1,12.85,0.8,8.6,94.53,Married,Yes,Urban,0.06,1.42,4G,Apple,No,5.5,25.34,No,10,84,50.11,global_mobile
12308,Japan,26,Male,Teacher,Master's,8600.62,6.9,60,3.53,1.79,1.4,0.83,1.84,4.6,1.23,64.65,4.3,2.9,41.11,In Relationship,No,Urban,2.04,0.52,3G,Other,Yes,7.5,24.88,Yes,20,47,74.09,global_mobile
12309,UK,46,Female,Salesperson,PhD,41144.5,4.56,64,2.57,1.7,1.22,0.63,1.48,8.62,0.48,77.24,5.9,5.8,50.94,Divorced,No,Rural,1.72,0.48,4G,Other,Yes,9.5,10.72,No,14,134,81.38,global_mobile
12310,Nigeria,30,Male,Unemployed,High School,20375.7,7.08,107,1.57,1.1,0.08,1.86,2.01,6.46,0.75,26.7,9.3,6.3,66.13,Single,No,Rural,0.78,1.13,WiFi,Xiaomi,No,7.5,30.62,Yes,20,131,76.37,global_mobile
12311,Russia,53,Male,Doctor,High School,28784.76,7.08,131,2.61,0.74,1.21,1.43,1.77,6.56,1.5,30.38,1.2,3.3,18.28,Divorced,No,Rural,1.22,1.49,4G,OnePlus,No,9.5,21.73,Yes,8,118,11.16,global_mobile
12312,Russia,40,Female,Salesperson,PhD,45527.65,8.37,125,2.37,1.97,2.48,1.15,1.86,6.21,1.73,33.43,7.5,2.3,64.57,In Relationship,No,Urban,3.75,0.97,3G,Huawei,Yes,2.5,7.01,Yes,13,50,79.51,global_mobile
12313,China,63,Female,Artist,Bachelor's,23625.71,4.26,69,0.75,2.49,0.91,1.59,2.65,6.84,1.95,66.75,6.1,5.1,30.19,Married,No,Urban,2.65,0.51,WiFi,Samsung,Yes,2.5,33.19,No,18,124,44.66,global_mobile
12314,Nigeria,14,Female,Unemployed,Master's,4291.7,4.36,73,0.77,1.0,2.88,1.23,2.36,7.6,1.37,63.52,8.3,6.4,33.87,Married,No,Rural,1.06,1.17,5G,Apple,Yes,5.5,33.16,No,16,101,11.01,global_mobile
12315,India,43,Male,Unemployed,Master's,21558.6,8.96,97,2.05,1.66,3.07,1.31,0.1,6.1,1.47,34.31,7.6,0.6,40.08,Divorced,No,Urban,0.67,0.73,WiFi,Apple,Yes,2.5,27.05,Yes,13,59,18.54,global_mobile
12316,USA,43,Male,Student,High School,26092.9,5.11,97,1.76,1.32,0.44,1.64,1.85,7.22,0.6,21.31,1.5,0.5,26.28,Divorced,Yes,Urban,1.47,0.46,4G,Samsung,Yes,9.5,39.29,Yes,11,139,5.93,global_mobile
12317,USA,21,Female,Student,,33750.12,7.07,73,1.14,1.72,1.87,0.74,2.68,5.5,1.52,88.92,5.8,2.8,35.74,Divorced,No,Rural,1.73,0.95,3G,Huawei,Yes,5.5,21.11,Yes,12,103,33.98,global_mobile
12318,Mexico,27,Other,Student,PhD,13064.81,9.59,97,0.8,1.58,3.04,1.34,2.24,6.24,0.75,98.86,0.0,0.4,91.36,Single,No,Urban,2.56,1.04,5G,Samsung,No,2.5,26.11,No,8,141,7.98,global_mobile
12319,India,29,Male,Student,High School,29366.85,0.0,102,3.55,1.12,2.4,1.11,2.92,7.59,1.41,1.29,9.8,9.2,13.12,In Relationship,Yes,Urban,1.0,0.3,WiFi,Xiaomi,No,5.5,26.23,Yes,8,156,84.84,global_mobile
12320,UK,42,Male,Engineer,,22802.51,4.95,75,1.08,0.28,1.18,1.22,3.7,5.83,1.58,34.85,8.6,8.9,8.23,In Relationship,No,Rural,0.66,0.21,4G,Samsung,Yes,5.5,1.49,Yes,20,103,20.18,global_mobile
12321,Nigeria,26,Male,Artist,PhD,17809.32,9.29,67,0.75,1.03,2.41,1.87,2.67,5.97,0.4,26.63,5.3,4.2,38.0,Single,No,Rural,0.31,1.0,WiFi,Other,Yes,2.5,24.94,No,16,106,81.34,global_mobile
12322,Mexico,66,Other,Engineer,,25918.6,5.68,57,1.29,0.37,3.21,1.64,1.57,6.4,1.05,55.07,7.0,4.9,48.37,In Relationship,Yes,Rural,1.49,0.74,3G,OnePlus,No,5.5,15.34,Yes,12,66,15.46,global_mobile
12323,Japan,62,Male,Manager,High School,12042.97,5.86,86,0.58,1.19,0.25,1.53,0.76,4.15,0.87,45.5,2.7,8.9,92.19,In Relationship,Yes,Urban,0.44,0.42,5G,OnePlus,No,7.5,30.87,No,14,83,76.42,global_mobile
12324,UK,62,Other,Unemployed,Bachelor's,27966.62,2.14,84,2.61,0.36,1.85,0.95,1.19,6.46,1.46,91.33,7.2,9.4,67.35,Divorced,No,Urban,0.92,1.35,5G,Xiaomi,No,7.5,31.37,Yes,10,93,30.85,global_mobile
12325,Mexico,65,Female,Engineer,High School,20100.74,6.77,25,2.21,0.0,0.21,1.56,1.34,7.22,1.12,56.91,0.4,8.2,38.06,In Relationship,No,Rural,0.99,1.47,4G,Samsung,Yes,7.5,18.73,No,8,89,21.7,global_mobile
12326,Nigeria,69,Other,Artist,,27230.47,5.11,72,1.74,1.46,1.81,1.22,1.69,7.58,1.35,45.23,1.2,0.0,3.05,In Relationship,No,Rural,0.96,0.38,5G,Apple,Yes,2.5,22.63,No,8,141,5.41,global_mobile
12327,Brazil,12,Other,Manager,Master's,46096.09,9.35,75,2.0,1.72,2.71,0.77,1.68,7.12,1.22,70.85,5.0,9.4,1.94,In Relationship,No,Urban,0.0,1.18,3G,Other,Yes,7.5,9.93,Yes,8,96,91.15,global_mobile
12328,USA,69,Female,Salesperson,Bachelor's,14208.71,5.45,107,2.71,0.48,1.25,2.03,2.51,5.71,0.63,96.91,2.8,3.5,30.19,Married,Yes,Urban,2.28,0.0,WiFi,Xiaomi,Yes,7.5,6.2,Yes,15,111,14.77,global_mobile
12329,Germany,20,Other,Manager,PhD,24833.03,4.01,99,1.49,0.67,0.49,1.38,2.48,6.45,1.14,9.12,4.8,1.8,0.29,In Relationship,No,Urban,1.05,0.75,4G,OnePlus,No,7.5,14.72,No,17,70,13.38,global_mobile
12330,Germany,39,Male,Teacher,,39737.56,7.19,73,3.08,0.06,1.32,1.8,1.56,6.33,1.18,18.96,9.3,9.4,78.21,Divorced,No,Rural,1.67,0.11,4G,Xiaomi,Yes,5.5,34.61,Yes,15,104,25.47,global_mobile
12331,Russia,24,Other,Salesperson,PhD,49999.28,2.38,104,1.76,0.95,3.42,1.89,1.95,10.32,0.42,7.74,0.8,5.2,72.04,Married,Yes,Rural,2.33,1.12,WiFi,Huawei,No,2.5,18.41,No,16,121,56.85,global_mobile
12332,Germany,26,Male,Manager,High School,20153.51,7.14,84,1.49,1.7,3.12,0.93,3.11,6.89,1.04,59.15,0.3,6.9,11.02,Married,No,Rural,1.37,0.54,WiFi,Samsung,Yes,5.5,32.02,No,18,136,81.91,global_mobile
12333,Brazil,68,Female,Manager,Bachelor's,27577.3,3.11,94,0.64,1.71,1.8,1.26,1.43,7.78,1.24,98.05,1.1,9.6,45.97,Divorced,Yes,Urban,2.0,1.45,3G,Apple,No,7.5,35.84,No,16,111,27.18,global_mobile
12334,USA,36,Male,Student,Master's,54837.05,4.35,87,1.62,2.31,0.35,1.47,1.04,7.74,1.38,20.55,8.6,8.8,39.89,Divorced,Yes,Urban,2.39,0.47,4G,OnePlus,Yes,2.5,7.9,Yes,8,94,72.87,global_mobile
12335,Nigeria,38,Female,Engineer,PhD,25747.86,7.45,74,4.38,2.46,2.93,2.14,0.96,7.88,1.91,31.49,0.9,0.6,90.82,In Relationship,No,Urban,1.22,0.25,3G,Other,Yes,2.5,30.25,No,14,125,37.06,global_mobile
12336,Nigeria,56,Other,Unemployed,Bachelor's,39597.61,5.83,80,1.44,1.96,0.79,2.14,2.84,6.98,0.97,28.3,1.7,2.6,54.34,Single,No,Rural,1.88,0.66,5G,Samsung,No,9.5,19.55,Yes,12,20,20.84,global_mobile
12337,Nigeria,54,Female,Unemployed,,37965.09,4.73,82,1.51,2.72,0.69,1.61,2.62,6.6,0.44,59.21,6.6,2.5,87.06,Single,Yes,Rural,1.57,1.33,WiFi,Xiaomi,No,7.5,20.14,Yes,18,168,75.93,global_mobile
12338,Brazil,68,Male,Artist,Bachelor's,26839.85,5.23,88,2.48,3.2,2.75,1.79,0.66,6.29,1.46,59.4,5.7,7.2,33.98,Single,No,Rural,1.66,0.94,WiFi,Other,No,2.5,19.92,Yes,17,94,65.89,global_mobile
12339,Russia,46,Male,Manager,,46420.21,3.36,89,1.59,2.14,0.26,1.54,1.22,6.41,1.75,30.09,1.8,7.7,29.35,Single,Yes,Urban,1.37,0.04,4G,Xiaomi,No,5.5,14.91,Yes,16,155,80.88,global_mobile
12340,Brazil,70,Male,Manager,,54195.1,5.1,47,1.96,1.11,2.38,1.74,1.19,6.43,1.15,74.0,7.5,2.9,19.81,Divorced,No,Urban,0.13,0.42,WiFi,Huawei,Yes,2.5,32.37,No,17,87,31.3,global_mobile
12341,UK,47,Female,Unemployed,PhD,26006.11,4.94,72,2.89,2.22,1.09,1.69,3.13,7.73,0.87,47.79,8.5,6.6,38.82,Single,Yes,Rural,1.12,1.29,WiFi,Samsung,No,7.5,22.33,Yes,14,115,19.12,global_mobile
12342,Nigeria,20,Male,Student,High School,49369.74,5.32,88,2.21,2.68,2.73,1.82,2.26,6.14,1.4,6.78,8.6,4.5,73.18,Married,Yes,Urban,1.16,0.15,3G,Xiaomi,Yes,5.5,18.67,Yes,13,145,40.15,global_mobile
12343,Mexico,46,Female,Manager,PhD,6867.79,7.22,117,2.16,1.84,1.89,1.01,1.54,7.14,1.7,73.82,2.1,0.2,75.03,Single,No,Urban,1.66,1.12,5G,OnePlus,Yes,5.5,14.05,No,17,106,69.54,global_mobile
12344,Japan,45,Male,Unemployed,,41547.65,10.34,129,0.18,1.54,2.81,1.3,2.01,5.85,0.88,46.29,4.0,3.0,88.72,Divorced,Yes,Urban,2.17,0.0,3G,Huawei,No,7.5,37.95,No,18,41,96.54,global_mobile
12345,Nigeria,64,Other,Unemployed,Master's,56031.31,6.19,14,3.22,0.44,2.36,1.1,3.53,4.8,0.94,43.17,1.3,2.6,33.72,Married,Yes,Rural,1.04,0.91,4G,OnePlus,No,2.5,22.7,Yes,11,124,1.79,global_mobile
12346,Russia,47,Other,Artist,Master's,16053.96,9.35,87,3.25,0.61,0.43,0.9,2.68,6.46,1.94,55.84,8.9,1.1,70.66,Married,Yes,Urban,1.56,1.3,3G,Samsung,Yes,7.5,29.87,Yes,16,90,84.22,global_mobile
12347,Brazil,24,Other,Engineer,Bachelor's,31845.39,3.11,59,0.48,0.09,0.26,1.63,1.08,5.83,1.58,16.09,4.1,7.3,34.62,Married,No,Urban,0.39,0.94,WiFi,Other,Yes,5.5,13.48,No,20,81,28.19,global_mobile
12348,India,38,Female,Salesperson,PhD,63829.4,5.56,45,1.76,2.81,0.0,2.24,2.68,7.6,0.69,82.92,8.6,8.4,99.16,In Relationship,No,Rural,1.52,0.65,WiFi,Huawei,No,5.5,41.24,Yes,10,50,79.9,global_mobile
12349,UK,33,Other,Manager,Bachelor's,8071.95,1.27,133,1.47,0.84,2.07,1.89,2.04,6.01,1.17,52.97,5.7,6.8,57.47,In Relationship,Yes,Rural,1.21,1.13,5G,Samsung,Yes,5.5,13.62,No,13,96,99.27,global_mobile
12350,Brazil,23,Female,Salesperson,Master's,52664.25,9.38,45,1.55,2.45,2.67,0.93,2.51,5.96,1.12,70.61,0.3,5.0,75.24,Divorced,Yes,Rural,0.62,1.23,4G,Other,No,5.5,23.54,No,15,150,52.07,global_mobile
12351,Mexico,69,Male,Student,High School,14996.61,3.73,36,3.63,0.79,1.22,1.31,1.95,5.38,0.47,63.31,0.6,2.8,98.89,In Relationship,No,Urban,1.65,0.76,WiFi,Samsung,Yes,9.5,25.88,Yes,15,128,12.87,global_mobile
12352,Mexico,14,Other,Unemployed,,26001.14,6.65,112,1.56,0.98,2.31,1.95,3.06,3.84,1.08,11.98,0.3,4.0,26.2,Divorced,No,Urban,0.22,1.25,WiFi,Huawei,Yes,9.5,28.8,Yes,10,73,92.31,global_mobile
12353,UK,60,Male,Manager,PhD,0.0,8.59,134,0.98,0.98,1.9,1.69,1.08,6.36,0.74,11.26,5.8,5.7,34.2,Married,No,Urban,2.52,0.62,4G,Huawei,Yes,7.5,23.85,No,20,48,15.99,global_mobile
12354,Nigeria,45,Male,Artist,High School,26337.92,5.63,98,1.32,1.35,2.46,0.97,1.71,6.68,1.1,0.57,8.7,6.4,35.87,In Relationship,Yes,Urban,1.34,0.71,WiFi,Huawei,No,5.5,33.29,Yes,14,94,24.55,global_mobile
12355,USA,24,Male,Manager,PhD,44449.19,5.06,39,2.95,1.33,3.24,1.55,1.83,7.89,1.39,3.48,2.2,1.2,88.03,Married,No,Rural,1.62,0.39,WiFi,Xiaomi,Yes,5.5,31.86,No,16,83,96.97,global_mobile
12356,Japan,61,Male,Artist,Master's,61315.04,5.68,84,2.36,1.93,2.93,1.36,1.22,6.65,1.58,99.43,8.5,2.4,11.14,Single,Yes,Rural,0.0,1.17,3G,Samsung,Yes,2.5,25.61,No,12,105,12.49,global_mobile
12357,Mexico,65,Male,Teacher,Master's,6689.48,8.76,71,3.27,1.63,1.38,1.54,3.8,8.24,1.7,6.77,4.1,0.8,93.74,Divorced,No,Urban,0.31,0.16,3G,Samsung,No,2.5,21.84,Yes,12,107,2.53,global_mobile
12358,USA,29,Female,Teacher,High School,36250.75,5.6,73,3.15,1.7,1.45,1.58,2.56,7.3,1.85,77.17,1.6,5.2,78.86,Married,No,Urban,1.95,1.45,3G,OnePlus,Yes,2.5,26.5,Yes,10,90,68.31,global_mobile
12359,Japan,42,Male,Artist,Bachelor's,26294.4,6.35,119,0.82,1.42,1.52,1.3,1.56,7.58,0.54,66.48,3.7,8.2,51.52,Divorced,Yes,Urban,2.42,1.21,5G,OnePlus,No,5.5,20.61,Yes,20,85,70.74,global_mobile
12360,Nigeria,15,Female,Teacher,PhD,0.0,9.16,128,1.99,1.94,1.58,2.19,2.56,6.26,1.57,10.51,6.7,7.2,79.56,Married,Yes,Rural,1.52,1.21,3G,Samsung,No,5.5,13.97,No,12,124,70.53,global_mobile
12361,India,53,Male,Engineer,PhD,26400.26,3.86,74,2.1,0.0,0.68,1.52,1.71,6.76,0.88,88.4,9.9,6.9,8.71,Single,Yes,Urban,1.43,0.17,5G,Xiaomi,No,7.5,24.46,No,12,37,0.38,global_mobile
12362,USA,58,Other,Doctor,High School,40659.69,8.36,45,2.05,2.01,3.76,1.48,2.01,5.71,0.96,65.86,1.4,6.2,48.37,Divorced,Yes,Urban,2.12,1.0,5G,OnePlus,Yes,9.5,16.01,Yes,17,89,28.58,global_mobile
12363,India,36,Other,Unemployed,Master's,11492.29,4.12,42,1.7,1.61,0.76,1.83,0.96,6.91,1.65,60.28,3.7,8.6,14.98,In Relationship,No,Rural,1.47,0.0,4G,Samsung,Yes,5.5,22.6,Yes,11,90,81.32,global_mobile
12364,Germany,18,Male,Unemployed,High School,42104.56,4.87,134,1.59,2.19,1.51,1.07,0.48,7.6,1.42,89.13,8.2,5.1,24.88,Divorced,No,Urban,0.46,0.98,3G,Huawei,Yes,9.5,16.84,No,9,150,29.31,global_mobile
12365,Russia,62,Male,Student,High School,54356.01,6.01,78,3.84,1.84,3.23,0.76,1.26,6.35,1.06,58.6,4.2,3.2,36.99,Single,No,Urban,1.28,1.27,4G,Xiaomi,Yes,5.5,22.57,Yes,11,69,8.98,global_mobile
12366,Nigeria,29,Other,Engineer,,44820.68,6.69,96,2.28,1.54,0.69,1.07,1.8,6.76,0.7,7.93,2.9,4.5,95.07,In Relationship,No,Urban,1.79,0.0,WiFi,Other,No,9.5,17.24,No,16,82,76.8,global_mobile
12367,Mexico,62,Female,Teacher,Bachelor's,50539.06,6.97,85,2.04,1.73,3.02,1.87,2.1,6.91,0.64,53.8,5.3,8.3,96.64,Married,Yes,Rural,2.03,0.74,WiFi,Apple,Yes,2.5,30.89,Yes,15,63,3.31,global_mobile
12368,Brazil,37,Female,Unemployed,,3265.01,7.11,75,4.26,1.84,2.28,0.97,2.8,5.77,0.66,57.74,1.6,1.5,56.21,Divorced,No,Rural,0.52,0.98,3G,Huawei,No,2.5,14.38,No,19,125,86.36,global_mobile
12369,USA,48,Female,Doctor,,50382.73,5.52,47,1.28,0.8,0.7,1.86,3.66,6.59,1.28,76.11,2.2,7.5,75.09,Single,Yes,Urban,0.09,0.78,4G,OnePlus,No,5.5,7.95,Yes,16,93,75.77,global_mobile
12370,Germany,25,Other,Doctor,High School,27914.31,2.51,144,2.14,1.92,0.77,2.02,1.73,4.33,0.62,35.5,4.1,7.5,67.45,Married,Yes,Urban,0.23,0.35,5G,Apple,No,2.5,23.32,No,9,77,35.72,global_mobile
12371,UK,69,Male,Teacher,,34454.03,4.84,64,1.82,1.31,0.7,1.45,3.53,7.31,1.52,87.49,2.5,4.2,28.37,Divorced,No,Urban,0.58,1.73,3G,Xiaomi,No,2.5,21.62,Yes,16,110,89.49,global_mobile
12372,Mexico,39,Female,Salesperson,PhD,35994.65,4.48,105,3.53,1.55,2.03,1.34,1.66,8.75,0.22,13.15,3.8,6.5,24.74,Married,No,Urban,2.24,0.85,5G,Other,No,9.5,16.67,No,8,112,15.4,global_mobile
12373,Nigeria,67,Female,Salesperson,Master's,5839.26,0.76,97,2.06,2.49,2.49,1.34,2.07,7.08,0.6,8.49,9.0,5.8,91.95,In Relationship,Yes,Rural,1.59,0.35,3G,Other,No,2.5,27.7,No,9,155,88.96,global_mobile
12374,Mexico,26,Male,Manager,Bachelor's,40445.0,8.02,50,0.15,1.25,3.17,2.65,1.86,5.91,1.23,44.1,8.8,0.9,9.15,Married,Yes,Urban,1.91,1.01,WiFi,Samsung,Yes,2.5,38.6,Yes,14,102,24.97,global_mobile
12375,Russia,49,Male,Unemployed,High School,6006.13,7.28,45,1.74,1.03,3.05,1.4,1.0,5.36,1.34,97.63,3.3,2.6,99.38,Married,Yes,Urban,1.9,0.65,4G,Xiaomi,Yes,5.5,14.46,No,20,114,91.32,global_mobile
12376,China,52,Male,Teacher,PhD,32106.67,6.72,46,2.63,2.35,0.99,1.68,2.17,8.3,1.53,56.89,4.8,1.0,21.05,Married,No,Urban,0.96,0.43,5G,Other,Yes,5.5,35.22,Yes,12,141,79.37,global_mobile
12377,UK,53,Other,Artist,PhD,0.0,2.92,43,2.79,3.22,2.05,2.45,2.63,7.18,0.71,21.11,3.8,3.3,95.57,Married,No,Urban,0.0,0.27,3G,Apple,Yes,9.5,22.03,Yes,8,90,96.81,global_mobile
12378,UK,18,Male,Salesperson,Bachelor's,9273.63,6.53,98,2.34,0.9,1.7,1.61,2.04,8.05,0.42,5.21,6.6,1.2,29.5,In Relationship,Yes,Urban,1.28,2.08,WiFi,Huawei,Yes,9.5,9.75,No,17,102,62.17,global_mobile
12379,Japan,28,Male,Student,,20611.56,6.07,85,2.56,0.51,1.0,1.43,3.39,6.18,1.43,32.32,3.6,8.6,61.79,Married,Yes,Urban,1.09,0.49,4G,Huawei,Yes,9.5,23.11,No,16,163,38.55,global_mobile
12380,UK,22,Other,Manager,High School,32995.6,7.15,83,1.37,0.91,2.98,1.72,1.33,5.49,2.08,56.8,9.2,9.8,59.2,Single,Yes,Urban,2.09,0.78,5G,Other,Yes,7.5,29.51,Yes,16,98,76.28,global_mobile
12381,Brazil,26,Female,Unemployed,PhD,41375.07,4.32,70,1.75,0.68,0.78,1.75,1.61,6.52,1.1,33.46,9.5,3.8,22.13,Married,No,Rural,1.12,0.0,WiFi,OnePlus,Yes,2.5,22.65,No,10,128,25.79,global_mobile
12382,Mexico,49,Male,Artist,Bachelor's,35128.49,3.14,64,1.93,2.05,3.18,1.3,2.05,7.13,1.31,60.21,4.9,9.1,92.32,In Relationship,No,Rural,2.25,0.75,4G,Samsung,No,9.5,46.68,Yes,20,115,78.75,global_mobile
12383,Nigeria,37,Male,Teacher,High School,30041.95,8.43,77,2.13,2.45,1.58,1.79,1.46,6.76,0.74,5.11,4.6,1.5,10.57,Single,Yes,Rural,3.44,1.29,5G,Huawei,No,2.5,37.57,No,13,133,51.29,global_mobile
12384,Russia,19,Other,Salesperson,PhD,52282.51,4.09,103,1.21,0.4,2.4,1.04,1.3,5.96,0.8,10.24,5.1,7.6,90.8,Married,No,Rural,1.37,0.67,4G,Apple,No,7.5,34.52,No,13,69,31.87,global_mobile
12385,USA,41,Female,Doctor,Master's,52080.34,6.49,128,1.92,0.38,4.25,1.78,2.61,5.46,0.63,55.3,8.0,8.1,52.93,Single,No,Urban,2.99,0.0,4G,OnePlus,No,2.5,15.65,No,10,63,96.14,global_mobile
12386,UK,34,Other,Engineer,High School,19460.73,7.4,65,1.32,2.54,2.94,1.88,1.32,6.3,0.87,39.1,3.3,6.0,71.25,Divorced,No,Urban,0.06,1.36,5G,Other,No,5.5,13.27,No,17,97,52.48,global_mobile
12387,Germany,51,Female,Salesperson,Master's,21055.53,7.79,80,0.94,2.49,1.03,1.63,2.0,7.75,1.91,8.57,1.3,5.8,23.44,Married,No,Rural,0.84,1.08,5G,OnePlus,No,2.5,31.69,No,17,55,23.52,global_mobile
12388,Mexico,52,Other,Doctor,PhD,43518.46,6.13,118,3.14,0.17,2.75,2.42,2.06,5.78,1.45,6.67,7.0,5.1,24.14,In Relationship,No,Rural,1.82,0.05,5G,Xiaomi,No,9.5,13.96,Yes,11,166,68.04,global_mobile
12389,Russia,65,Other,Engineer,,33911.33,7.05,94,0.13,1.28,2.47,1.2,2.27,7.86,0.75,68.37,7.6,9.5,2.99,Divorced,Yes,Urban,0.97,0.81,4G,Other,Yes,2.5,40.57,Yes,11,119,12.06,global_mobile
12390,Germany,61,Other,Manager,,58788.72,7.02,74,1.0,0.77,2.65,1.42,1.88,6.88,1.13,57.87,5.3,2.6,5.42,Single,Yes,Rural,1.32,0.57,4G,Xiaomi,Yes,7.5,43.21,Yes,20,151,21.46,global_mobile
12391,India,58,Other,Doctor,Bachelor's,26279.12,3.1,53,0.01,0.97,2.58,1.86,2.22,6.23,1.25,66.97,8.8,7.5,67.26,In Relationship,Yes,Rural,2.42,0.86,3G,Apple,Yes,5.5,40.22,Yes,13,131,48.93,global_mobile
12392,India,35,Other,Artist,Bachelor's,16200.56,7.78,45,4.41,1.34,2.97,2.2,2.85,5.87,1.16,41.78,9.2,7.0,3.18,Single,No,Rural,2.96,0.12,4G,Samsung,No,9.5,26.77,No,9,83,33.5,global_mobile
12393,Brazil,27,Female,Doctor,High School,27078.88,5.66,58,1.7,1.21,1.2,1.97,1.7,7.76,0.63,12.94,1.6,3.0,98.45,Single,No,Urban,1.66,0.69,5G,Huawei,Yes,5.5,15.25,No,15,113,42.19,global_mobile
12394,Germany,60,Male,Unemployed,PhD,19420.47,6.2,45,0.56,0.0,2.17,1.01,0.33,6.39,0.38,94.13,8.7,4.5,40.59,Divorced,Yes,Rural,2.09,0.0,5G,Apple,No,7.5,14.35,Yes,10,140,67.48,global_mobile
12395,UK,42,Other,Unemployed,,13798.0,7.78,158,2.62,4.54,0.77,2.56,3.33,6.4,1.56,43.49,5.9,6.1,83.43,Married,No,Rural,1.27,0.6,3G,OnePlus,No,5.5,11.57,No,16,111,86.36,global_mobile
12396,Brazil,33,Other,Teacher,High School,570.08,5.66,61,1.17,1.11,1.75,0.41,4.32,6.16,1.59,44.51,3.5,5.1,55.73,Married,No,Rural,1.27,1.4,WiFi,Apple,Yes,9.5,27.02,Yes,9,123,67.7,global_mobile
12397,Brazil,57,Male,Unemployed,,2013.26,9.28,24,1.72,2.0,2.04,0.96,1.5,6.77,0.77,69.46,2.2,2.5,71.87,Married,Yes,Rural,2.23,0.86,WiFi,Apple,Yes,5.5,22.2,No,9,99,78.86,global_mobile
12398,Germany,36,Other,Artist,High School,31446.59,6.33,91,3.21,2.9,2.34,1.09,1.55,7.82,0.3,57.21,2.9,9.7,76.1,Married,No,Rural,0.55,0.76,5G,Other,Yes,2.5,14.72,Yes,10,109,33.8,global_mobile
12399,UK,27,Female,Unemployed,Bachelor's,39597.8,5.87,92,2.3,3.79,2.57,2.04,1.65,3.88,0.56,27.48,6.8,5.9,61.74,Married,Yes,Urban,1.13,0.99,5G,Other,Yes,2.5,23.67,Yes,11,69,14.27,global_mobile
12400,Germany,23,Male,Unemployed,PhD,7595.14,4.88,115,3.08,0.0,1.58,1.61,3.82,7.38,1.11,43.75,6.1,10.0,45.54,Divorced,Yes,Rural,2.27,2.26,3G,Samsung,No,5.5,22.96,No,19,105,43.55,global_mobile
12401,Brazil,50,Male,Doctor,Bachelor's,18759.21,6.32,63,3.32,1.62,1.42,1.06,2.05,5.74,1.39,86.81,9.4,9.4,4.8,Divorced,No,Urban,1.08,1.09,WiFi,Other,No,5.5,33.08,Yes,10,132,48.58,global_mobile
12402,Nigeria,13,Male,Engineer,,69561.77,7.12,77,1.56,2.38,2.79,1.4,0.39,6.38,1.17,78.13,9.7,1.4,19.47,Married,No,Urban,1.23,0.84,5G,OnePlus,Yes,5.5,26.23,Yes,8,133,48.44,global_mobile
12403,China,52,Other,Student,PhD,0.0,6.45,54,2.06,2.07,1.61,1.6,2.64,6.23,1.08,20.06,6.9,5.7,18.65,Single,Yes,Rural,0.92,0.85,3G,Apple,No,5.5,26.34,Yes,11,98,3.29,global_mobile
12404,Mexico,69,Other,Manager,,22367.63,9.6,105,0.26,1.58,0.44,2.12,1.43,5.08,1.38,87.18,7.2,1.4,58.75,Divorced,No,Rural,1.58,1.08,3G,Apple,No,9.5,24.49,No,17,128,6.61,global_mobile
12405,India,56,Male,Artist,,7229.82,5.99,74,2.76,2.73,1.53,1.78,1.41,7.73,0.24,22.57,7.4,6.0,25.9,Divorced,No,Rural,0.56,0.77,5G,Samsung,No,7.5,31.92,No,12,83,84.04,global_mobile
12406,USA,32,Female,Doctor,Master's,25589.72,6.44,95,2.97,1.04,2.61,1.43,3.21,7.77,0.85,49.61,3.4,2.8,1.92,Divorced,No,Urban,2.77,0.69,WiFi,Other,No,7.5,40.07,No,19,125,57.38,global_mobile
12407,Brazil,46,Female,Salesperson,,24983.96,7.43,84,2.14,2.85,2.98,2.01,2.77,5.1,1.12,12.18,6.9,1.9,2.99,In Relationship,No,Rural,1.2,0.52,4G,Other,No,2.5,28.21,No,12,71,95.87,global_mobile
12408,Brazil,31,Female,Unemployed,Bachelor's,33125.48,6.57,84,0.86,2.19,1.25,0.4,2.09,6.21,0.57,92.25,4.1,1.4,62.69,Married,Yes,Rural,2.09,1.67,4G,Samsung,No,7.5,9.92,No,15,117,21.54,global_mobile
12409,Japan,38,Male,Unemployed,Master's,45164.09,7.21,49,1.94,0.85,0.15,1.07,1.02,7.09,0.92,92.07,6.2,3.4,84.05,Divorced,No,Rural,0.0,0.44,WiFi,Other,Yes,9.5,39.18,Yes,13,137,74.42,global_mobile
12410,USA,61,Other,Student,High School,19420.51,4.51,85,1.79,1.29,3.35,1.65,0.0,5.0,0.41,83.03,0.8,3.5,29.25,Married,Yes,Rural,0.72,0.7,WiFi,OnePlus,Yes,5.5,44.66,No,9,110,81.15,global_mobile
12411,Russia,28,Female,Engineer,PhD,28605.58,3.6,112,2.41,2.75,1.2,2.32,0.96,5.24,1.16,20.18,6.8,7.8,83.66,Single,No,Rural,0.08,0.95,3G,Samsung,Yes,9.5,13.77,No,9,128,15.53,global_mobile
12412,Brazil,36,Male,Artist,Bachelor's,0.0,5.37,61,0.81,0.4,2.48,2.16,1.5,5.85,0.81,61.38,1.7,0.7,34.35,Divorced,No,Rural,1.54,0.69,5G,Apple,No,2.5,29.59,No,11,78,21.93,global_mobile
12413,Japan,55,Other,Unemployed,Bachelor's,14791.99,3.01,82,3.5,1.66,1.68,0.93,1.53,5.57,1.31,79.09,6.3,0.3,82.96,Married,Yes,Rural,2.95,0.26,3G,Huawei,Yes,2.5,28.44,Yes,9,103,2.3,global_mobile
12414,China,14,Female,Unemployed,Bachelor's,15957.59,5.01,103,1.41,2.0,2.85,1.47,1.05,6.94,0.75,86.8,9.2,8.8,36.23,Divorced,Yes,Rural,1.3,0.53,3G,Huawei,No,2.5,14.7,No,18,91,3.3,global_mobile
12415,China,50,Female,Student,Master's,6725.93,7.79,61,2.74,1.83,0.96,2.42,1.44,6.91,0.87,38.65,2.1,9.2,84.24,Single,Yes,Urban,1.62,1.44,5G,Samsung,Yes,7.5,17.98,No,14,86,67.45,global_mobile
12416,India,32,Other,Salesperson,Bachelor's,20359.61,3.9,66,1.24,2.73,2.2,1.95,3.34,7.61,0.69,88.85,7.6,9.7,54.79,In Relationship,No,Urban,0.0,0.24,3G,Apple,No,2.5,12.33,Yes,14,75,81.68,global_mobile
12417,Japan,57,Female,Teacher,High School,37221.96,6.4,70,2.25,1.05,2.68,1.2,2.36,8.51,1.1,12.03,8.5,2.4,14.8,Married,No,Rural,0.0,0.6,5G,Huawei,No,9.5,42.83,No,10,59,97.78,global_mobile
12418,Japan,64,Female,Artist,Master's,40532.04,5.09,84,1.6,2.41,2.1,1.74,2.27,8.39,1.35,48.8,7.9,6.5,99.5,Married,Yes,Rural,1.71,1.63,4G,Samsung,No,2.5,13.84,Yes,16,126,77.16,global_mobile
12419,Brazil,59,Female,Salesperson,PhD,35836.38,5.49,86,1.28,0.0,2.58,0.94,1.56,8.16,0.89,54.71,3.0,0.9,19.73,Married,Yes,Urban,2.03,0.76,WiFi,Huawei,Yes,9.5,14.09,No,18,33,65.6,global_mobile
12420,Nigeria,66,Female,Artist,Bachelor's,26042.14,3.22,49,2.26,0.0,0.23,1.9,2.44,7.42,0.87,87.98,5.2,8.9,64.55,Single,No,Rural,2.51,0.66,WiFi,Xiaomi,No,5.5,25.95,Yes,10,89,91.38,global_mobile
12421,UK,13,Female,Teacher,,11243.15,2.39,44,2.46,1.34,2.48,1.8,1.56,6.16,0.6,63.56,0.3,9.1,66.79,In Relationship,Yes,Rural,0.07,0.82,4G,Apple,No,2.5,27.7,Yes,20,56,85.51,global_mobile
12422,Russia,44,Male,Student,Master's,37159.13,6.57,81,2.29,0.0,0.88,0.64,2.42,6.08,0.72,34.46,2.1,3.6,61.27,Married,Yes,Rural,0.81,0.44,5G,OnePlus,No,7.5,32.98,No,8,84,28.69,global_mobile
12423,UK,68,Other,Doctor,High School,28254.68,4.16,79,1.59,0.0,1.08,1.97,2.12,8.21,0.91,57.02,5.7,3.9,22.96,Married,Yes,Rural,1.77,1.63,3G,Apple,No,9.5,22.74,Yes,14,115,3.8,global_mobile
12424,India,58,Female,Unemployed,PhD,64610.68,8.92,101,2.99,0.68,0.73,1.12,2.81,4.62,1.27,70.53,4.2,1.5,69.03,Single,No,Urban,1.95,1.58,WiFi,Other,No,2.5,19.04,Yes,12,114,69.51,global_mobile
12425,Japan,34,Male,Doctor,Bachelor's,21327.48,6.84,110,1.53,0.45,0.92,1.03,1.88,6.98,1.55,73.96,3.9,5.2,36.33,Married,No,Rural,2.03,0.68,WiFi,Huawei,No,5.5,24.14,Yes,12,66,91.38,global_mobile
12426,Brazil,64,Male,Salesperson,PhD,51497.74,4.38,81,1.61,2.94,3.87,1.02,0.37,6.06,1.04,67.15,1.8,2.3,0.69,Divorced,Yes,Rural,1.4,1.49,WiFi,Xiaomi,Yes,2.5,15.45,No,8,86,77.58,global_mobile
12427,China,40,Female,Doctor,,4453.61,6.44,109,1.54,1.55,2.5,2.53,1.81,6.66,1.08,48.46,5.1,6.3,99.8,Divorced,No,Urban,1.96,1.59,4G,Huawei,No,7.5,2.25,No,13,99,69.58,global_mobile
12428,Brazil,51,Other,Manager,PhD,15759.41,7.51,90,3.01,2.71,2.45,1.89,2.15,6.55,1.34,37.8,9.6,3.7,62.59,Married,No,Rural,2.81,1.34,5G,Samsung,No,2.5,25.32,No,17,122,99.01,global_mobile
12429,USA,23,Other,Artist,Master's,26295.66,8.04,56,0.99,0.91,1.17,1.3,2.18,7.32,0.98,50.63,9.6,2.7,91.35,Divorced,Yes,Rural,2.06,1.11,3G,Apple,No,7.5,23.34,No,8,113,18.24,global_mobile
12430,Germany,57,Other,Manager,PhD,0.0,4.3,66,3.66,0.44,2.44,1.74,3.12,7.58,2.43,63.92,5.8,7.4,7.47,In Relationship,No,Rural,2.15,0.18,4G,Huawei,Yes,9.5,23.37,Yes,15,65,23.19,global_mobile
12431,Japan,28,Female,Engineer,,56282.6,5.99,60,1.96,3.21,1.3,2.33,2.23,6.14,1.59,50.2,7.1,6.9,65.75,In Relationship,Yes,Urban,1.37,1.3,WiFi,Apple,Yes,5.5,43.07,No,16,97,76.08,global_mobile
12432,UK,42,Female,Doctor,High School,1009.0,3.54,69,2.37,1.07,2.43,1.11,2.53,6.36,0.55,3.19,4.8,1.8,36.61,Divorced,Yes,Urban,1.14,1.51,5G,Apple,Yes,2.5,30.07,No,14,80,51.64,global_mobile
12433,China,67,Male,Unemployed,Master's,1757.34,4.72,102,2.76,2.43,3.61,2.47,2.03,5.15,0.18,1.07,5.4,6.9,90.26,Divorced,No,Urban,2.31,0.83,3G,OnePlus,Yes,5.5,0.0,Yes,19,50,3.63,global_mobile
12434,Nigeria,30,Other,Unemployed,Bachelor's,31279.08,3.13,58,1.05,1.88,2.72,2.22,1.36,4.44,1.11,72.55,7.3,4.0,6.32,Divorced,Yes,Urban,1.52,0.55,5G,OnePlus,Yes,7.5,30.98,Yes,14,154,90.25,global_mobile
12435,UK,24,Female,Unemployed,High School,20943.74,5.48,60,2.61,2.14,2.23,0.82,1.25,6.58,0.27,86.07,9.7,0.9,13.51,Divorced,No,Urban,2.04,0.7,5G,Apple,No,2.5,22.89,Yes,19,139,79.86,global_mobile
12436,Germany,38,Male,Artist,Bachelor's,28442.06,2.99,79,1.74,0.0,2.09,1.03,2.41,6.5,1.13,41.17,7.0,5.3,60.74,Single,No,Rural,0.92,1.74,4G,Huawei,Yes,7.5,14.6,Yes,15,151,97.8,global_mobile
12437,Russia,23,Male,Salesperson,Bachelor's,22164.59,8.92,57,2.5,1.94,1.2,2.27,0.42,6.59,1.89,26.77,0.4,9.8,77.66,Divorced,No,Urban,1.93,0.0,4G,Other,No,5.5,33.8,Yes,14,123,51.37,global_mobile
12438,Germany,23,Other,Teacher,Master's,32581.36,5.46,76,2.27,1.11,1.93,1.44,2.44,6.48,0.81,37.26,6.1,9.6,95.16,Divorced,No,Rural,1.45,1.9,4G,Xiaomi,Yes,2.5,42.44,No,18,68,75.82,global_mobile
12439,Germany,55,Other,Artist,Bachelor's,13797.17,4.24,96,3.43,1.19,2.93,2.04,2.13,5.19,1.24,11.31,2.0,5.0,77.67,Married,Yes,Rural,2.2,1.05,4G,OnePlus,No,5.5,13.32,Yes,17,118,65.56,global_mobile
12440,USA,55,Female,Doctor,High School,27980.56,5.11,50,0.63,1.0,0.68,0.79,1.9,6.78,1.2,71.86,0.9,3.9,45.85,Married,No,Urban,1.65,0.72,3G,Apple,No,2.5,30.47,No,11,80,9.14,global_mobile
12441,USA,61,Other,Artist,Bachelor's,48534.23,6.02,52,3.17,1.06,1.03,1.25,3.63,6.78,1.14,14.86,7.4,6.5,45.43,Divorced,No,Rural,2.05,1.37,4G,Apple,No,9.5,28.46,Yes,13,61,8.05,global_mobile
12442,China,64,Other,Student,PhD,28335.36,8.88,116,2.34,3.03,1.33,1.83,1.79,6.82,1.12,99.79,2.6,3.0,83.63,Single,No,Rural,1.76,1.54,WiFi,Other,No,2.5,20.15,Yes,13,65,88.74,global_mobile
12443,USA,59,Male,Doctor,,33120.03,7.58,86,2.79,0.91,1.25,2.06,3.03,6.39,0.51,4.74,5.4,3.7,76.0,Single,No,Urban,1.05,0.37,4G,OnePlus,Yes,2.5,32.3,Yes,12,98,41.38,global_mobile
12444,China,37,Male,Unemployed,Master's,28172.26,8.11,37,3.71,0.2,2.63,1.65,2.5,5.37,1.29,34.67,0.8,5.0,46.06,Single,Yes,Rural,1.5,0.7,4G,Huawei,Yes,9.5,32.46,Yes,16,55,89.13,global_mobile
12445,UK,60,Male,Doctor,Bachelor's,22576.41,8.17,87,1.08,0.3,2.14,1.42,1.27,6.0,1.52,95.26,0.5,1.4,73.66,Single,Yes,Urban,0.91,0.9,5G,OnePlus,Yes,7.5,14.66,No,19,127,4.8,global_mobile
12446,Russia,54,Male,Unemployed,High School,50921.08,8.96,68,2.57,1.48,2.38,0.85,2.99,5.79,0.73,36.48,5.9,6.3,0.86,Divorced,Yes,Urban,0.0,0.25,5G,Other,Yes,9.5,33.52,Yes,13,136,87.52,global_mobile
12447,China,26,Female,Salesperson,PhD,10681.51,9.69,100,0.84,2.57,4.96,1.16,0.99,6.29,1.89,58.35,8.8,0.6,64.2,In Relationship,Yes,Urban,1.42,1.72,5G,Huawei,No,9.5,15.76,No,19,123,32.49,global_mobile
12448,Russia,37,Female,Unemployed,Master's,42709.23,3.6,66,2.6,0.0,1.56,1.36,0.04,6.91,1.87,1.29,9.9,5.8,28.6,Married,Yes,Urban,1.52,1.3,WiFi,Xiaomi,No,9.5,23.72,No,17,75,47.98,global_mobile
12449,China,28,Female,Student,Bachelor's,21471.97,6.52,42,3.08,0.9,1.42,2.31,3.49,6.61,0.54,63.03,4.8,1.5,19.93,In Relationship,No,Urban,0.66,0.28,4G,Samsung,No,7.5,32.22,Yes,9,70,58.81,global_mobile
12450,Japan,58,Female,Unemployed,,29625.36,3.44,79,3.14,0.43,2.28,1.4,1.52,7.26,0.65,29.26,0.5,0.4,73.5,In Relationship,No,Rural,1.24,0.97,4G,Samsung,No,2.5,34.65,No,19,46,99.11,global_mobile
12451,Japan,51,Female,Doctor,High School,37973.28,3.61,63,0.95,0.45,2.09,1.27,0.0,5.63,1.3,80.88,2.8,7.5,97.79,In Relationship,Yes,Urban,2.23,0.98,4G,Samsung,Yes,2.5,34.83,No,16,113,38.91,global_mobile
12452,USA,59,Female,Salesperson,PhD,27702.94,7.89,46,1.82,1.59,0.41,1.18,1.65,6.86,0.25,81.24,7.6,3.3,10.44,Single,No,Urban,1.12,1.25,3G,Other,Yes,9.5,17.16,Yes,8,106,45.74,global_mobile
12453,Mexico,22,Male,Manager,Master's,31978.37,2.57,83,4.54,1.01,4.54,0.44,2.36,7.21,1.46,11.04,8.3,2.7,51.63,Divorced,Yes,Urban,1.49,0.46,5G,Huawei,No,9.5,27.05,Yes,10,117,10.11,global_mobile
12454,Nigeria,20,Male,Salesperson,,7762.28,6.56,90,3.28,2.93,2.73,1.62,2.91,4.79,0.88,88.45,7.8,5.8,42.0,In Relationship,No,Rural,0.33,1.11,5G,Other,No,7.5,20.24,No,11,125,58.93,global_mobile
12455,USA,53,Female,Artist,,53232.88,5.58,89,1.65,1.29,2.04,2.13,1.73,7.62,1.02,68.59,5.6,8.0,14.84,Divorced,Yes,Rural,0.89,1.34,4G,Other,No,9.5,17.82,Yes,13,71,42.78,global_mobile
12456,Russia,46,Other,Doctor,High School,26570.21,5.12,82,2.74,1.27,2.42,1.15,1.72,6.37,1.19,88.26,7.3,7.2,72.73,Married,No,Rural,2.08,0.02,5G,OnePlus,Yes,7.5,16.84,No,12,101,33.42,global_mobile
12457,USA,19,Female,Salesperson,,55379.71,7.54,57,1.81,1.71,1.76,1.14,1.96,6.69,1.26,39.94,5.6,0.5,53.79,Married,No,Rural,1.43,0.28,4G,Huawei,Yes,5.5,38.48,Yes,12,86,72.11,global_mobile
12458,USA,67,Male,Manager,High School,43144.02,5.08,52,2.01,2.24,1.44,1.55,0.93,5.76,0.51,35.24,4.6,1.4,52.6,In Relationship,Yes,Urban,0.0,1.61,5G,Samsung,Yes,2.5,15.97,Yes,15,91,61.89,global_mobile
12459,China,25,Other,Teacher,Master's,39990.86,3.25,68,2.42,0.0,2.06,2.35,2.87,6.51,0.81,32.72,2.9,0.0,94.35,Divorced,Yes,Urban,2.87,1.67,3G,Apple,No,9.5,10.48,No,8,111,61.78,global_mobile
12460,China,31,Female,Artist,,40350.21,2.92,124,1.3,1.66,2.76,1.56,0.0,7.15,0.0,57.44,0.7,1.0,61.67,Single,Yes,Rural,1.13,1.02,WiFi,Apple,No,5.5,38.65,No,17,103,27.37,global_mobile
12461,Nigeria,19,Other,Salesperson,High School,10897.67,9.07,83,0.2,0.53,3.46,1.93,1.05,5.08,1.64,91.27,2.2,1.7,54.52,In Relationship,No,Urban,1.73,1.42,4G,Samsung,No,5.5,7.02,Yes,11,111,44.48,global_mobile
12462,Mexico,47,Male,Manager,Bachelor's,11227.45,6.6,103,2.06,2.05,1.33,1.02,0.88,6.73,1.3,52.25,0.8,9.5,18.06,In Relationship,Yes,Urban,2.2,0.63,WiFi,Huawei,Yes,2.5,31.8,Yes,17,110,88.09,global_mobile
12463,Germany,35,Female,Teacher,Master's,54307.1,8.45,103,3.32,1.72,2.43,0.82,1.1,5.83,0.93,64.33,6.2,9.0,89.64,Single,Yes,Rural,0.4,0.35,WiFi,OnePlus,No,9.5,25.94,Yes,9,114,45.2,global_mobile
12464,Germany,13,Female,Salesperson,PhD,50249.32,7.51,104,3.34,2.15,2.4,0.56,0.65,7.74,0.02,61.59,8.6,7.1,35.26,Single,No,Rural,0.79,0.73,3G,OnePlus,Yes,7.5,34.71,Yes,10,92,24.57,global_mobile
12465,India,65,Female,Unemployed,High School,44618.6,6.26,93,1.73,2.72,1.67,0.89,2.76,4.05,0.79,16.55,5.6,8.8,46.24,Married,No,Urban,1.09,0.13,4G,Apple,No,2.5,28.52,Yes,11,60,56.17,global_mobile
12466,Nigeria,24,Male,Student,PhD,18131.48,4.73,82,0.19,1.32,0.0,0.96,2.0,6.51,0.42,96.61,3.8,1.5,94.87,In Relationship,No,Urban,0.46,0.72,3G,Other,No,9.5,26.6,Yes,13,51,29.63,global_mobile
12467,UK,27,Other,Engineer,High School,38487.42,7.15,61,2.8,1.5,2.7,0.97,1.98,7.01,1.96,36.75,4.7,6.9,67.27,Single,Yes,Rural,2.54,0.8,WiFi,Samsung,Yes,9.5,35.18,No,12,78,40.7,global_mobile
12468,Nigeria,45,Other,Manager,PhD,28408.81,3.36,88,1.09,0.56,1.93,1.15,1.15,6.22,1.16,82.09,1.4,7.7,55.79,In Relationship,Yes,Urban,1.25,0.94,WiFi,Samsung,Yes,7.5,25.55,No,14,80,19.31,global_mobile
12469,Mexico,28,Male,Doctor,Bachelor's,40155.06,8.47,89,0.65,0.85,2.97,1.89,0.8,6.29,1.27,9.03,1.2,3.9,56.74,Divorced,No,Urban,1.05,0.88,5G,Apple,Yes,7.5,29.25,No,20,116,77.03,global_mobile
12470,Germany,48,Other,Student,PhD,41738.03,4.54,69,3.59,0.25,0.69,1.03,2.27,7.34,1.19,39.33,1.1,4.5,13.46,Married,Yes,Rural,0.81,0.67,4G,Xiaomi,Yes,5.5,39.72,No,9,86,38.71,global_mobile
12471,USA,36,Other,Doctor,PhD,44739.3,1.92,107,2.16,1.7,2.22,1.08,0.88,6.44,1.17,87.39,5.7,4.0,25.84,In Relationship,Yes,Urban,0.8,0.93,WiFi,Other,Yes,2.5,17.18,No,18,63,34.66,global_mobile
12472,Japan,52,Other,Doctor,,60616.98,6.87,116,2.16,0.0,1.99,0.34,3.65,6.56,1.21,0.5,2.1,5.3,27.82,Divorced,Yes,Rural,0.0,1.93,4G,OnePlus,Yes,9.5,11.25,Yes,10,93,52.15,global_mobile
12473,Russia,45,Other,Salesperson,PhD,35376.7,7.57,100,1.55,1.75,2.57,1.03,3.06,6.2,1.76,79.52,3.7,7.7,65.25,Single,No,Urban,1.76,1.2,4G,Apple,Yes,9.5,13.89,Yes,19,114,8.5,global_mobile
12474,Russia,17,Other,Teacher,PhD,19821.36,7.72,65,1.52,2.63,2.63,1.57,2.43,6.31,0.54,2.63,3.6,7.4,49.92,Married,Yes,Urban,2.04,0.5,WiFi,Other,Yes,2.5,27.13,Yes,8,127,36.8,global_mobile
12475,Japan,43,Female,Teacher,Bachelor's,48526.13,7.46,72,2.93,2.25,0.56,1.33,1.04,6.97,0.38,62.5,4.3,9.2,44.51,Married,Yes,Urban,1.45,0.54,WiFi,Other,No,7.5,16.13,No,13,112,36.98,global_mobile
12476,India,67,Female,Doctor,,6154.06,10.18,75,1.32,0.36,2.03,1.72,1.77,6.02,0.9,70.84,8.4,1.6,88.07,Divorced,Yes,Urban,1.16,0.0,WiFi,Xiaomi,No,2.5,26.5,Yes,18,66,39.15,global_mobile
12477,Russia,29,Other,Student,PhD,31326.12,8.82,51,2.42,2.63,2.66,1.54,2.98,8.05,0.64,63.51,9.3,2.3,88.14,In Relationship,No,Rural,1.29,0.6,WiFi,Huawei,Yes,5.5,31.35,Yes,10,21,58.45,global_mobile
12478,Mexico,16,Other,Doctor,,7268.43,4.43,81,0.53,1.6,1.94,1.31,2.42,6.31,1.48,87.33,9.7,1.4,81.19,Divorced,No,Urban,1.23,0.58,3G,OnePlus,No,5.5,38.36,No,18,127,36.82,global_mobile
12479,China,45,Female,Student,High School,36494.48,7.46,91,1.18,3.97,1.39,1.38,0.0,6.12,0.92,59.66,1.9,9.0,75.27,In Relationship,No,Urban,2.04,0.78,4G,Xiaomi,No,7.5,17.75,Yes,9,81,98.1,global_mobile
12480,USA,13,Other,Doctor,PhD,24278.26,6.29,53,1.79,2.33,1.19,1.99,2.99,7.16,0.25,77.17,4.4,2.6,76.2,Married,Yes,Urban,2.1,0.66,3G,Apple,No,7.5,17.69,Yes,17,122,3.98,global_mobile
12481,Russia,28,Other,Artist,Bachelor's,51681.73,4.39,107,4.05,0.56,0.65,1.15,3.8,7.25,0.82,24.58,6.3,4.4,25.47,Single,No,Rural,1.14,0.94,WiFi,Samsung,Yes,7.5,12.54,No,14,110,76.14,global_mobile
12482,Japan,67,Male,Teacher,,33885.15,5.2,118,1.56,2.17,1.76,1.27,1.21,6.63,0.93,90.68,2.8,9.0,19.18,Single,Yes,Rural,2.44,0.28,5G,OnePlus,Yes,9.5,14.14,Yes,9,92,31.22,global_mobile
12483,Mexico,38,Other,Salesperson,Master's,31242.95,6.33,78,2.12,1.24,0.45,0.63,1.31,7.39,1.7,66.6,9.1,5.4,39.75,Divorced,No,Rural,2.01,0.95,WiFi,Apple,Yes,7.5,35.18,Yes,14,86,10.22,global_mobile
12484,China,39,Female,Unemployed,,22749.68,4.48,82,2.52,0.56,1.17,1.32,3.19,6.67,0.94,46.23,2.5,5.3,92.58,Married,No,Rural,0.68,0.4,3G,Apple,No,7.5,22.86,No,10,124,9.67,global_mobile
12485,UK,41,Female,Unemployed,High School,31226.62,7.98,50,3.26,0.0,3.02,1.06,1.17,7.63,1.74,39.92,9.7,5.2,59.38,Married,No,Rural,0.51,0.51,5G,Xiaomi,Yes,7.5,40.08,No,14,96,42.48,global_mobile
12486,Germany,16,Other,Manager,Bachelor's,17299.89,5.91,78,1.43,0.91,3.6,1.54,1.0,5.5,0.29,29.89,7.5,5.2,20.31,Married,No,Urban,3.03,0.26,5G,Apple,No,5.5,15.22,No,15,105,64.72,global_mobile
12487,China,26,Other,Salesperson,PhD,30394.73,6.69,83,1.57,2.38,0.34,1.59,1.86,6.07,0.38,2.06,8.7,3.1,23.38,Married,Yes,Rural,2.54,0.59,4G,Xiaomi,No,9.5,39.65,No,16,64,31.39,global_mobile
12488,Brazil,27,Other,Teacher,,14374.3,8.77,113,2.72,3.1,2.98,1.29,1.33,5.27,1.78,40.51,3.5,3.6,24.37,In Relationship,Yes,Urban,2.26,1.05,4G,Xiaomi,Yes,2.5,37.11,No,9,118,36.46,global_mobile
12489,India,18,Other,Salesperson,Bachelor's,15462.08,3.27,67,2.53,1.21,2.31,1.52,3.14,6.84,1.29,31.11,4.4,3.3,64.46,Married,No,Urban,1.52,0.83,3G,Xiaomi,No,2.5,39.35,No,19,106,13.28,global_mobile
12490,Japan,43,Male,Artist,PhD,19150.63,3.93,84,3.08,2.03,3.08,1.05,2.57,6.95,1.62,18.16,9.1,8.1,54.69,In Relationship,Yes,Rural,1.34,0.08,3G,OnePlus,No,9.5,24.37,No,14,132,36.6,global_mobile
12491,Germany,51,Female,Artist,Master's,23954.76,2.65,133,2.39,3.22,2.4,2.44,1.5,6.42,0.89,79.61,8.7,4.7,89.82,In Relationship,No,Urban,1.36,0.28,5G,Apple,Yes,2.5,7.87,Yes,16,93,15.51,global_mobile
12492,Germany,31,Other,Student,High School,29993.14,7.63,111,2.63,2.43,2.33,0.8,1.38,7.53,0.84,90.48,1.0,1.9,10.66,In Relationship,Yes,Rural,2.75,0.49,WiFi,OnePlus,No,2.5,12.32,Yes,19,162,6.54,global_mobile
12493,Mexico,50,Female,Doctor,PhD,35206.64,4.22,84,2.84,1.09,2.1,1.29,3.92,4.32,0.24,26.95,3.6,1.6,71.11,Divorced,Yes,Rural,0.79,0.85,4G,Other,Yes,2.5,21.42,No,16,119,61.22,global_mobile
12494,India,58,Female,Engineer,PhD,12722.45,5.22,62,2.18,3.82,0.83,1.68,1.27,7.3,0.62,47.46,2.6,6.6,98.31,Married,Yes,Rural,0.66,0.75,5G,OnePlus,No,2.5,24.03,No,13,68,43.25,global_mobile
12495,China,70,Female,Unemployed,High School,19707.98,7.54,68,0.12,2.19,0.78,1.29,0.44,7.63,1.59,83.25,5.2,8.8,69.88,Married,Yes,Urban,2.09,1.39,3G,Xiaomi,Yes,9.5,29.55,Yes,12,12,21.06,global_mobile
12496,Brazil,70,Female,Student,,42055.24,4.07,98,0.65,1.99,1.75,1.54,2.91,5.36,0.34,57.39,1.0,7.5,78.39,Single,No,Urban,0.24,0.36,5G,Huawei,No,5.5,12.89,Yes,17,129,14.27,global_mobile
12497,Mexico,18,Other,Engineer,Master's,41826.17,6.83,62,1.4,1.18,2.84,1.12,2.85,5.94,0.0,52.71,5.6,7.7,34.84,Single,Yes,Rural,1.58,0.93,5G,Huawei,Yes,2.5,41.13,No,11,53,15.7,global_mobile
12498,Germany,43,Female,Salesperson,,48698.2,4.38,61,2.23,3.7,2.71,0.93,2.03,6.03,0.2,11.34,1.4,2.7,91.61,In Relationship,No,Urban,2.56,0.13,4G,Apple,No,5.5,21.49,Yes,20,94,28.87,global_mobile
12499,USA,41,Male,Teacher,,32322.14,5.59,50,1.67,0.68,0.07,1.53,0.65,6.52,1.15,93.91,1.9,1.5,31.24,Married,No,Urban,1.18,1.85,WiFi,Other,Yes,9.5,25.27,Yes,14,104,82.64,global_mobile
12500,China,55,Male,Salesperson,,36579.26,3.55,99,2.12,0.2,2.19,1.52,2.17,6.69,0.84,95.85,8.1,3.2,30.7,Single,Yes,Rural,3.14,1.36,5G,Other,Yes,9.5,34.86,No,14,134,2.16,global_mobile
12501,China,25,Male,Engineer,High School,0.0,8.32,95,2.26,2.4,1.85,1.78,1.24,5.66,1.74,45.95,8.0,1.1,81.13,In Relationship,No,Urban,2.45,0.72,WiFi,Other,Yes,9.5,10.57,No,13,56,65.65,global_mobile
12502,India,34,Male,Salesperson,,34499.4,11.6,108,0.87,2.76,1.99,1.16,1.67,5.18,1.7,55.32,2.7,4.5,20.51,Married,Yes,Urban,2.33,0.73,4G,Other,Yes,7.5,12.51,Yes,19,103,58.06,global_mobile
12503,Japan,14,Male,Manager,High School,20238.06,7.05,82,2.11,1.21,2.4,1.55,2.36,7.03,0.48,60.53,3.3,4.2,74.81,In Relationship,No,Rural,2.05,0.11,3G,Xiaomi,Yes,9.5,28.66,Yes,16,130,93.5,global_mobile
12504,Brazil,45,Other,Teacher,Bachelor's,19752.85,3.95,120,4.32,2.41,1.77,1.56,3.63,5.46,1.51,86.62,8.8,6.4,71.38,In Relationship,Yes,Urban,0.98,0.53,3G,Samsung,Yes,7.5,21.94,No,8,106,56.33,global_mobile
12505,Japan,42,Male,Doctor,,26965.31,3.91,113,0.96,1.33,2.53,1.74,1.5,5.96,0.43,72.62,6.4,1.1,32.58,Single,No,Urban,1.69,0.0,3G,Huawei,Yes,2.5,12.68,No,13,111,5.41,global_mobile
12506,Russia,36,Female,Engineer,High School,40261.12,4.14,85,3.66,0.54,1.85,1.52,1.26,5.3,0.4,54.51,4.8,7.4,89.3,Divorced,No,Urban,1.43,1.69,4G,Other,Yes,7.5,35.74,Yes,14,128,48.39,global_mobile
12507,India,69,Other,Student,Bachelor's,25052.15,9.25,44,1.32,0.71,1.76,2.3,1.74,8.6,0.8,61.05,6.4,1.6,67.31,Married,Yes,Urban,1.84,1.53,WiFi,Xiaomi,No,2.5,23.97,No,10,67,90.67,global_mobile
12508,India,23,Other,Salesperson,PhD,32927.68,6.35,83,0.95,3.76,3.06,1.2,2.36,6.46,1.06,25.05,4.1,9.9,48.65,Divorced,Yes,Rural,2.61,0.52,4G,Xiaomi,Yes,9.5,22.26,No,11,94,75.93,global_mobile
12509,Germany,66,Female,Manager,Bachelor's,69530.38,5.93,92,2.51,2.07,0.61,1.1,2.69,6.13,1.3,31.86,5.2,6.9,38.8,In Relationship,No,Urban,0.74,0.59,3G,Other,No,5.5,31.12,Yes,11,161,27.05,global_mobile
12510,India,33,Male,Student,High School,27955.9,5.58,44,2.58,1.41,1.06,1.49,3.1,7.73,1.06,97.33,9.8,3.1,74.31,Single,No,Rural,1.45,1.27,3G,Samsung,No,5.5,14.19,Yes,16,79,70.77,global_mobile
12511,Germany,68,Male,Unemployed,Bachelor's,38778.73,6.63,84,3.51,1.34,2.22,1.66,2.21,5.25,1.25,72.16,2.9,8.8,42.69,Divorced,No,Urban,3.0,0.8,4G,Other,No,7.5,23.51,No,8,23,53.54,global_mobile
12512,UK,24,Female,Artist,,38758.97,7.21,111,3.21,1.9,0.68,1.32,2.02,7.14,0.48,92.09,7.2,0.6,43.24,Married,No,Rural,1.04,0.44,3G,Apple,Yes,7.5,17.68,Yes,8,85,32.49,global_mobile
12513,India,51,Female,Artist,PhD,28124.57,6.97,42,0.6,1.24,3.58,2.12,3.96,5.97,1.78,57.5,1.0,9.9,43.53,Single,Yes,Rural,2.63,1.28,3G,OnePlus,No,7.5,25.87,No,10,116,60.38,global_mobile
12514,Brazil,40,Other,Artist,High School,43739.44,5.66,106,0.0,0.0,0.24,0.74,2.43,7.36,0.4,7.21,9.6,6.5,8.38,Divorced,No,Urban,2.31,0.57,5G,Other,No,5.5,7.5,No,19,101,73.92,global_mobile
12515,Russia,50,Other,Unemployed,,19671.5,5.59,33,1.98,3.55,2.75,2.09,0.0,7.27,1.17,88.2,3.2,6.2,51.97,Divorced,No,Rural,2.5,1.07,3G,Xiaomi,Yes,7.5,24.24,Yes,10,65,84.18,global_mobile
12516,Nigeria,62,Other,Doctor,Bachelor's,2678.99,4.32,87,2.36,1.6,2.39,2.44,1.39,5.63,1.32,95.38,1.0,1.5,57.51,Single,Yes,Urban,2.38,0.33,WiFi,Apple,No,2.5,38.05,No,18,40,15.91,global_mobile
12517,Japan,66,Other,Artist,Bachelor's,10478.38,2.25,51,0.0,1.19,0.67,1.14,2.68,6.47,0.88,9.23,7.0,6.7,71.05,Divorced,Yes,Urban,1.23,1.53,4G,Apple,No,7.5,35.4,No,9,108,71.16,global_mobile
12518,Nigeria,40,Female,Unemployed,Bachelor's,28215.05,3.96,85,1.55,2.59,0.36,1.54,0.0,5.95,0.5,26.97,0.6,2.9,99.51,In Relationship,Yes,Urban,1.66,1.94,WiFi,Xiaomi,No,9.5,33.78,Yes,9,56,3.03,global_mobile
12519,Brazil,55,Other,Manager,Bachelor's,29002.84,6.14,114,3.48,3.05,4.7,1.91,1.32,6.66,1.03,34.87,3.4,5.1,53.1,In Relationship,No,Urban,1.84,0.23,4G,Huawei,No,9.5,15.68,No,17,119,55.51,global_mobile
12520,China,14,Female,Salesperson,Master's,36078.39,7.05,54,1.09,0.16,1.9,2.15,2.22,5.98,1.4,95.94,5.9,9.0,44.43,Divorced,Yes,Rural,1.41,0.09,4G,Huawei,No,5.5,13.0,No,16,90,53.24,global_mobile
12521,Nigeria,55,Male,Engineer,Master's,44680.08,4.67,56,2.59,1.47,1.45,1.14,1.88,7.13,1.04,64.36,4.2,7.8,59.11,In Relationship,No,Rural,1.15,0.06,WiFi,Samsung,No,5.5,29.5,No,14,70,50.67,global_mobile
12522,Mexico,30,Female,Manager,High School,58123.68,6.34,107,2.81,0.8,3.21,0.86,2.34,8.02,0.44,59.22,0.7,4.0,40.94,Single,No,Rural,1.6,0.6,4G,Samsung,No,2.5,11.17,No,15,63,15.85,global_mobile
12523,Nigeria,15,Male,Student,High School,16828.3,6.88,113,3.14,0.84,1.18,1.18,1.84,6.88,1.23,39.85,4.2,5.2,74.3,Single,No,Rural,1.8,0.74,4G,Xiaomi,Yes,9.5,31.05,No,13,81,34.84,global_mobile
12524,UK,24,Female,Salesperson,,37560.68,8.14,51,2.94,0.27,1.08,1.21,4.87,7.29,1.43,7.54,6.4,9.8,89.74,In Relationship,Yes,Urban,0.0,0.51,3G,Xiaomi,Yes,2.5,26.16,Yes,9,115,73.12,global_mobile
12525,UK,39,Female,Artist,Master's,8005.34,5.71,69,1.75,3.08,0.38,1.0,1.25,7.02,0.97,85.52,9.7,0.5,25.33,In Relationship,Yes,Urban,1.22,1.21,4G,Apple,No,5.5,24.01,No,17,118,26.82,global_mobile
12526,UK,36,Other,Student,PhD,25800.2,3.8,115,0.87,0.0,2.84,1.71,1.77,6.91,1.4,56.08,1.9,6.5,73.54,Single,No,Urban,2.06,0.33,4G,Other,Yes,2.5,25.97,No,12,93,10.67,global_mobile
12527,India,49,Other,Student,Master's,13993.18,6.26,54,1.34,1.55,2.24,1.77,1.44,6.99,0.65,59.14,7.9,6.2,89.25,Single,Yes,Urban,0.75,1.02,WiFi,Apple,Yes,5.5,28.77,No,18,87,41.92,global_mobile
12528,Nigeria,62,Other,Engineer,Bachelor's,38353.04,3.59,87,2.42,0.0,2.73,2.33,4.84,6.33,0.74,84.19,1.4,3.9,93.5,Divorced,Yes,Urban,2.48,0.86,3G,Samsung,No,2.5,29.36,No,13,95,70.24,global_mobile
12529,Brazil,62,Other,Engineer,High School,7944.37,5.44,94,2.92,1.83,2.87,1.51,4.25,8.18,0.71,3.91,4.6,8.0,63.5,Married,Yes,Urban,1.07,1.08,3G,Other,Yes,2.5,0.45,Yes,17,137,17.45,global_mobile
12530,USA,51,Female,Teacher,PhD,34375.82,5.01,116,0.73,3.12,1.1,1.8,3.58,6.64,1.44,58.48,2.0,2.1,49.28,Single,Yes,Rural,0.76,0.63,4G,Other,Yes,5.5,13.78,No,18,61,41.8,global_mobile
12531,Mexico,29,Female,Salesperson,Bachelor's,22970.38,2.2,54,1.05,2.61,1.28,2.55,2.02,6.17,1.05,49.41,0.4,8.0,23.33,Single,No,Rural,0.8,0.7,3G,Huawei,No,2.5,0.0,Yes,10,64,23.2,global_mobile
12532,Mexico,20,Other,Artist,PhD,22929.67,7.88,44,3.01,1.07,1.78,2.29,2.84,6.63,0.78,37.94,4.6,6.1,31.42,In Relationship,Yes,Rural,0.36,0.33,WiFi,Huawei,No,2.5,19.31,No,16,130,7.82,global_mobile
12533,Nigeria,22,Male,Unemployed,,29101.06,6.79,86,3.65,2.86,2.91,1.89,2.16,6.37,0.11,25.65,7.5,5.8,96.6,Divorced,No,Urban,1.66,0.61,3G,Other,Yes,7.5,45.92,Yes,18,91,58.76,global_mobile
12534,Japan,66,Other,Doctor,Bachelor's,16040.74,4.95,96,1.74,0.55,0.96,1.93,1.81,6.6,0.92,69.22,10.0,1.4,98.18,In Relationship,No,Rural,2.95,0.25,WiFi,Huawei,Yes,7.5,8.61,No,17,79,14.38,global_mobile
12535,Germany,13,Male,Manager,Master's,19103.16,5.74,113,3.67,4.12,1.69,0.85,2.1,5.75,1.26,46.02,0.6,5.2,24.54,Married,Yes,Urban,1.97,0.49,5G,OnePlus,Yes,9.5,22.57,Yes,11,92,25.34,global_mobile
12536,USA,14,Female,Salesperson,PhD,42342.52,5.33,46,3.63,1.44,1.91,1.22,3.22,6.98,1.12,41.9,7.2,1.3,97.8,Married,Yes,Rural,1.95,0.93,WiFi,Xiaomi,No,5.5,21.86,No,8,84,79.31,global_mobile
12537,Japan,49,Other,Salesperson,Bachelor's,34198.98,8.88,94,1.72,1.13,4.51,0.78,1.17,4.91,1.11,55.34,1.0,3.4,92.35,Single,No,Rural,1.14,0.48,4G,Samsung,No,7.5,43.3,No,12,74,27.75,global_mobile
12538,India,37,Female,Doctor,High School,28444.2,7.1,95,2.73,0.0,0.24,2.25,2.59,5.43,0.88,66.53,0.4,8.9,54.82,Single,No,Rural,0.17,0.78,3G,Huawei,Yes,7.5,15.6,Yes,12,106,27.9,global_mobile
12539,Brazil,70,Other,Artist,Bachelor's,50186.25,2.96,57,1.5,2.22,2.15,1.2,1.88,5.2,1.46,85.98,4.8,4.4,56.63,Married,No,Urban,2.01,0.0,5G,OnePlus,Yes,5.5,26.97,No,14,158,20.39,global_mobile
12540,Germany,37,Other,Engineer,Bachelor's,49562.1,4.29,96,2.79,2.48,2.5,1.05,0.55,6.68,1.39,23.79,4.5,9.5,76.69,Married,No,Urban,2.83,0.38,5G,Apple,Yes,9.5,19.39,Yes,20,103,18.45,global_mobile
12541,Japan,56,Female,Student,,23315.41,3.33,64,0.17,3.28,2.45,1.42,2.34,5.97,0.3,81.62,7.4,8.4,16.39,In Relationship,Yes,Urban,2.06,1.68,5G,Xiaomi,Yes,5.5,17.45,No,13,83,67.07,global_mobile
12542,UK,60,Other,Artist,High School,23251.85,4.42,81,2.98,1.34,2.85,1.43,0.0,6.38,1.16,64.99,9.5,7.2,80.38,In Relationship,No,Urban,2.96,1.19,3G,Other,No,2.5,19.14,Yes,18,143,71.43,global_mobile
12543,Mexico,43,Female,Teacher,High School,0.0,5.09,78,3.3,0.65,1.99,1.3,3.11,6.27,0.31,72.35,5.3,1.3,79.24,Married,Yes,Rural,2.03,0.02,3G,Xiaomi,Yes,9.5,27.27,Yes,17,118,67.81,global_mobile
12544,China,49,Male,Engineer,PhD,49198.24,7.69,44,2.54,0.73,2.49,0.94,0.99,6.68,1.09,49.54,3.6,2.0,52.58,In Relationship,No,Rural,1.75,0.51,4G,Apple,No,5.5,20.14,No,14,123,34.75,global_mobile
12545,China,41,Female,Artist,Bachelor's,50061.41,5.28,67,2.39,2.81,1.0,1.17,0.57,5.1,1.1,49.21,7.5,7.6,47.99,Divorced,No,Rural,2.74,0.76,WiFi,Samsung,No,5.5,34.32,No,17,124,17.27,global_mobile
12546,UK,14,Other,Manager,PhD,33009.13,5.83,89,2.25,2.23,2.63,1.55,2.95,7.39,0.28,25.93,1.9,5.2,76.49,Divorced,Yes,Urban,1.4,1.22,3G,Other,Yes,7.5,23.42,No,13,134,34.65,global_mobile
12547,Russia,13,Other,Engineer,PhD,12878.15,5.61,5,1.08,0.68,1.77,1.29,2.23,7.73,0.94,43.61,9.8,8.5,59.79,Divorced,Yes,Rural,0.99,0.85,5G,Other,No,5.5,20.92,No,9,52,16.17,global_mobile
12548,China,62,Female,Student,High School,37769.47,5.45,26,0.62,1.85,1.83,1.31,2.06,6.41,1.03,69.64,2.5,8.9,18.53,In Relationship,No,Rural,0.16,0.47,WiFi,Huawei,No,9.5,30.9,Yes,17,102,20.96,global_mobile
12549,India,63,Other,Artist,Master's,26493.03,6.62,61,1.9,0.15,3.7,1.89,0.0,4.48,1.47,54.37,6.3,7.4,49.72,Divorced,No,Rural,0.39,0.85,WiFi,Apple,No,7.5,37.57,No,19,62,27.81,global_mobile
12550,Japan,70,Male,Artist,PhD,10160.08,4.14,85,2.26,1.78,2.16,1.6,1.14,6.29,1.08,47.76,9.5,4.6,28.69,Single,No,Rural,2.24,0.8,3G,Huawei,No,7.5,31.96,Yes,11,94,66.79,global_mobile
12551,USA,19,Male,Artist,,32022.92,6.32,72,0.66,0.12,2.18,1.76,2.74,6.51,0.92,95.22,3.4,3.4,75.81,Married,No,Rural,0.29,1.28,3G,Xiaomi,No,9.5,26.03,Yes,19,110,95.08,global_mobile
12552,India,18,Male,Doctor,,27343.3,6.8,47,2.56,2.74,3.39,1.84,1.65,8.44,1.14,68.01,2.5,9.7,46.97,Single,Yes,Urban,1.0,1.08,4G,Xiaomi,Yes,9.5,18.63,Yes,17,132,10.6,global_mobile
12553,USA,50,Male,Salesperson,High School,799.22,9.33,77,1.88,2.42,0.87,1.06,1.89,6.67,1.37,21.82,4.0,2.2,87.07,Single,Yes,Urban,2.49,1.3,WiFi,OnePlus,No,2.5,34.36,Yes,18,166,9.83,global_mobile
12554,USA,16,Other,Student,,38299.74,9.2,81,2.92,3.62,2.14,1.36,1.79,6.92,0.33,89.57,9.6,7.5,52.39,Single,No,Rural,1.47,0.39,WiFi,Samsung,Yes,9.5,35.08,No,12,80,38.16,global_mobile
12555,UK,45,Male,Unemployed,Bachelor's,34670.62,5.44,128,2.44,1.49,2.73,2.18,1.85,6.91,0.47,83.36,8.2,1.5,29.82,Married,Yes,Urban,1.24,2.6,5G,OnePlus,Yes,5.5,28.31,No,13,94,86.04,global_mobile
12556,Brazil,21,Other,Unemployed,Master's,45806.41,4.01,43,1.58,0.57,2.88,2.14,1.84,6.62,1.76,53.46,0.3,3.6,35.01,In Relationship,Yes,Rural,2.54,1.08,3G,Xiaomi,No,2.5,45.59,Yes,12,80,55.98,global_mobile
12557,Japan,43,Female,Student,High School,59338.2,7.65,81,1.81,0.0,2.45,0.94,3.84,6.56,1.02,51.11,5.3,0.8,48.07,Single,No,Rural,1.56,1.01,5G,Xiaomi,Yes,2.5,26.45,Yes,19,36,22.62,global_mobile
12558,Germany,31,Male,Salesperson,Bachelor's,28638.96,3.93,110,3.63,0.82,1.22,1.24,4.71,6.6,1.29,58.48,2.6,8.9,71.13,Single,Yes,Urban,1.15,0.18,5G,Huawei,Yes,7.5,29.41,Yes,9,36,11.9,global_mobile
12559,Nigeria,55,Female,Artist,Master's,29937.39,6.42,57,1.11,2.21,2.78,0.99,2.67,5.52,0.55,39.98,4.4,10.0,22.82,Married,Yes,Urban,1.65,1.07,3G,Xiaomi,Yes,5.5,26.74,Yes,8,101,66.41,global_mobile
12560,China,51,Female,Student,Bachelor's,8072.75,3.85,72,2.92,3.03,2.98,2.08,1.11,8.28,1.28,67.88,8.0,8.2,50.85,Married,Yes,Urban,2.95,0.61,3G,OnePlus,No,7.5,35.41,Yes,15,59,20.54,global_mobile
12561,India,56,Other,Manager,High School,62881.3,6.16,74,1.17,0.0,3.3,2.77,2.68,6.65,0.28,14.33,4.9,6.3,44.56,Married,Yes,Rural,2.54,1.26,5G,Xiaomi,Yes,7.5,29.11,Yes,20,68,39.13,global_mobile
12562,India,13,Male,Unemployed,,42973.7,6.9,68,1.22,2.5,1.32,1.8,0.93,5.57,1.08,29.86,7.8,1.8,98.65,In Relationship,Yes,Urban,1.64,0.2,3G,Other,Yes,9.5,29.13,No,12,118,63.97,global_mobile
12563,Russia,54,Female,Salesperson,Bachelor's,31136.2,5.17,85,2.06,1.02,3.3,1.45,1.38,5.25,1.17,6.88,3.4,8.0,89.26,Divorced,Yes,Urban,3.18,1.07,WiFi,Other,No,9.5,33.53,No,8,151,59.69,global_mobile
12564,China,38,Other,Student,Master's,44227.31,5.64,52,0.26,1.24,1.52,1.73,3.52,6.76,0.77,23.53,8.3,5.1,19.75,Single,No,Urban,1.99,0.98,4G,Apple,No,2.5,16.31,No,18,90,77.37,global_mobile
12565,Nigeria,14,Male,Student,Master's,31634.54,5.63,113,3.17,0.64,3.29,1.02,0.0,7.17,1.71,65.35,7.3,5.3,27.94,Married,Yes,Urban,0.95,0.63,3G,Apple,No,7.5,23.58,Yes,9,126,83.93,global_mobile
12566,Russia,21,Other,Salesperson,PhD,7296.19,4.99,108,2.04,1.18,1.84,1.19,3.69,7.23,1.39,88.56,3.3,2.7,57.27,Single,Yes,Urban,1.72,0.51,4G,OnePlus,No,9.5,21.72,No,12,134,47.56,global_mobile
12567,USA,62,Female,Doctor,PhD,33147.01,5.78,35,1.44,2.99,2.09,0.47,2.57,6.82,1.24,83.14,7.2,7.7,13.72,Single,Yes,Urban,0.66,0.31,3G,Samsung,Yes,9.5,0.41,Yes,12,91,6.27,global_mobile
12568,Germany,49,Other,Manager,PhD,31967.87,4.83,63,3.37,1.9,1.7,0.23,2.29,6.67,1.01,46.91,7.3,0.7,22.91,Married,Yes,Urban,0.0,1.14,4G,Samsung,Yes,2.5,16.25,Yes,12,105,5.69,global_mobile
12569,India,58,Female,Engineer,High School,54625.03,3.27,114,2.53,0.0,2.69,1.59,2.11,4.87,0.58,65.74,8.9,5.7,58.89,Single,No,Rural,0.42,0.99,5G,Apple,No,7.5,24.23,Yes,18,99,6.5,global_mobile
12570,Brazil,64,Female,Engineer,,39674.39,6.79,74,0.91,2.59,1.09,1.74,1.23,5.53,1.06,53.39,7.8,6.6,63.67,Married,Yes,Urban,1.62,0.36,4G,OnePlus,Yes,7.5,22.59,No,9,104,56.65,global_mobile
12571,Nigeria,45,Male,Unemployed,PhD,30110.08,6.64,19,2.46,0.59,2.06,1.48,2.15,6.62,1.65,2.54,4.2,8.6,48.09,Divorced,Yes,Urban,1.19,0.33,WiFi,Samsung,No,5.5,34.58,Yes,19,68,19.7,global_mobile
12572,Mexico,15,Male,Artist,PhD,24508.24,6.32,112,0.91,0.34,1.55,1.15,0.26,6.5,1.33,78.3,5.1,9.4,81.12,In Relationship,Yes,Urban,2.47,0.87,5G,Samsung,No,7.5,46.21,Yes,15,127,92.59,global_mobile
12573,UK,51,Male,Unemployed,Master's,62684.43,4.13,66,1.47,2.46,2.29,1.42,1.57,6.51,0.6,80.25,6.2,8.9,99.34,In Relationship,No,Rural,2.63,0.1,4G,OnePlus,Yes,7.5,18.16,Yes,19,77,19.19,global_mobile
12574,Brazil,12,Female,Salesperson,,25172.13,6.23,58,0.54,1.25,2.49,1.05,2.61,6.92,1.9,87.02,1.5,0.5,47.5,Divorced,Yes,Rural,1.47,1.59,5G,Samsung,No,7.5,23.0,No,8,118,52.06,global_mobile
12575,Russia,12,Other,Artist,Bachelor's,10461.82,3.98,60,1.84,3.23,2.84,1.14,1.71,7.02,0.92,75.56,7.6,8.0,12.68,Married,Yes,Urban,1.03,0.08,3G,Xiaomi,Yes,5.5,7.17,No,15,79,61.56,global_mobile
12576,Brazil,15,Male,Teacher,High School,39317.99,5.31,87,0.81,2.15,2.14,1.01,2.46,7.1,1.3,17.08,8.6,3.7,84.71,Married,Yes,Urban,0.61,0.6,5G,Xiaomi,No,7.5,30.14,Yes,18,101,12.34,global_mobile
12577,Brazil,66,Female,Engineer,High School,45019.76,5.53,96,2.76,1.15,2.45,1.0,0.04,6.29,0.39,14.8,2.6,7.0,62.21,Divorced,Yes,Urban,1.67,0.7,5G,Samsung,Yes,2.5,27.7,Yes,20,106,67.62,global_mobile
12578,Russia,28,Other,Salesperson,High School,31756.75,8.05,67,1.0,1.15,3.18,2.05,1.76,9.07,0.49,23.33,4.9,6.7,95.57,Married,Yes,Rural,1.41,0.63,WiFi,OnePlus,Yes,7.5,17.69,No,16,56,85.86,global_mobile
12579,Germany,44,Female,Unemployed,Master's,43497.98,9.35,124,1.7,1.53,3.06,1.33,0.97,6.03,1.12,34.43,1.9,0.8,50.42,Divorced,Yes,Urban,2.27,0.61,3G,OnePlus,No,9.5,30.99,Yes,16,119,95.66,global_mobile
12580,India,12,Other,Unemployed,,23785.67,4.57,89,0.13,1.36,1.34,1.17,1.32,7.04,0.69,33.87,7.3,2.2,12.11,Married,Yes,Urban,1.18,0.54,WiFi,OnePlus,Yes,2.5,30.7,Yes,14,136,73.75,global_mobile
12581,India,48,Female,Teacher,Bachelor's,415.83,3.94,84,2.21,3.24,1.1,1.25,1.66,7.62,1.23,1.95,9.9,6.2,78.63,Married,No,Rural,2.47,1.33,3G,Huawei,Yes,9.5,36.03,Yes,11,149,86.24,global_mobile
12582,India,33,Other,Salesperson,Master's,13700.2,4.35,69,1.79,1.86,1.24,1.89,2.32,6.8,0.3,37.49,5.1,2.2,72.22,Single,No,Urban,0.0,0.69,WiFi,Other,No,9.5,30.1,No,13,54,87.33,global_mobile
12583,Nigeria,19,Female,Engineer,High School,24073.55,6.18,46,1.31,2.22,2.04,1.34,2.68,5.32,0.9,35.52,5.5,9.1,81.87,Single,No,Urban,1.61,1.19,3G,Samsung,Yes,7.5,12.94,Yes,12,97,4.7,global_mobile
12584,Brazil,37,Male,Teacher,,11217.34,8.83,49,0.83,2.18,1.7,1.5,2.75,6.81,1.05,3.87,0.1,0.4,50.45,Single,No,Urban,1.58,0.66,3G,Huawei,No,2.5,16.64,No,9,79,36.98,global_mobile
12585,Germany,62,Male,Engineer,Bachelor's,40061.75,8.75,75,2.97,0.19,2.45,1.63,0.91,6.37,1.2,74.55,8.1,5.4,81.23,Married,No,Rural,1.15,0.09,3G,OnePlus,No,2.5,34.52,No,16,81,43.85,global_mobile
12586,Germany,26,Female,Doctor,PhD,35029.29,2.8,82,1.57,1.08,1.58,1.85,2.27,5.77,1.46,57.48,9.5,7.4,80.61,In Relationship,No,Urban,0.88,0.36,4G,Samsung,No,2.5,21.84,Yes,16,88,70.47,global_mobile
12587,Mexico,16,Other,Teacher,Master's,35474.7,6.87,96,3.41,1.03,2.59,1.25,3.18,6.58,0.86,97.29,9.9,1.8,2.07,Married,Yes,Rural,1.9,0.69,3G,Other,No,5.5,30.75,No,12,123,95.9,global_mobile
12588,China,44,Male,Doctor,,53383.18,6.56,96,1.46,1.44,2.59,1.6,3.16,7.96,0.47,87.15,5.3,1.3,59.21,Single,No,Rural,0.65,1.4,4G,Apple,No,5.5,44.56,No,14,105,47.23,global_mobile
12589,Germany,68,Male,Doctor,PhD,13128.24,4.16,82,0.2,2.14,2.43,1.44,2.6,6.56,0.95,57.48,7.8,8.9,17.73,Married,No,Rural,0.87,0.47,3G,Samsung,No,9.5,21.19,No,19,102,3.41,global_mobile
12590,USA,31,Other,Salesperson,Master's,51249.74,2.26,94,0.67,2.5,2.5,1.21,0.46,5.27,1.0,36.48,9.7,9.9,97.95,Single,No,Urban,1.59,0.75,WiFi,Samsung,No,9.5,40.78,Yes,14,90,37.36,global_mobile
12591,UK,63,Other,Student,Bachelor's,43181.69,4.03,101,1.91,0.89,3.31,2.11,2.2,6.0,0.36,47.87,1.1,0.8,35.94,Divorced,Yes,Urban,1.93,0.84,4G,Apple,No,2.5,22.46,Yes,11,124,11.73,global_mobile
12592,Brazil,14,Female,Manager,Master's,9900.79,6.43,75,2.18,0.5,0.96,1.65,0.36,7.83,0.42,83.42,2.2,7.1,55.31,Married,Yes,Rural,0.63,1.05,WiFi,Xiaomi,Yes,9.5,29.65,Yes,18,97,19.79,global_mobile
12593,Nigeria,69,Male,Teacher,High School,44753.28,4.26,69,1.54,2.09,1.8,0.5,0.41,7.87,1.28,31.03,3.2,7.6,23.19,Divorced,Yes,Urban,1.27,1.66,4G,Huawei,No,9.5,25.21,No,14,125,90.46,global_mobile
12594,Mexico,46,Female,Artist,,55327.07,1.52,100,3.24,0.0,2.35,0.67,2.44,5.29,2.37,46.22,1.4,9.3,45.61,In Relationship,No,Urban,1.46,1.43,4G,Other,No,5.5,38.16,Yes,20,98,60.82,global_mobile
12595,China,39,Other,Manager,Master's,12745.26,8.46,60,1.34,1.24,0.95,1.8,1.13,6.66,0.97,57.11,4.7,9.6,19.3,In Relationship,Yes,Urban,3.2,1.33,5G,Samsung,Yes,2.5,12.88,No,17,97,65.83,global_mobile
12596,USA,68,Other,Artist,,30064.97,3.5,85,0.33,3.23,4.11,1.78,2.97,5.27,1.71,63.74,5.1,6.3,71.23,Married,Yes,Urban,2.71,0.93,WiFi,Samsung,Yes,7.5,31.86,No,15,53,4.97,global_mobile
12597,India,25,Female,Salesperson,Bachelor's,28259.81,4.89,70,0.7,0.0,2.6,1.75,2.09,5.24,1.2,21.2,0.8,9.1,96.74,In Relationship,No,Rural,2.4,0.0,3G,Samsung,Yes,2.5,32.39,Yes,20,174,96.24,global_mobile
12598,UK,64,Female,Doctor,,50410.72,5.08,50,2.75,1.2,2.8,1.33,2.92,5.68,0.0,60.37,5.3,8.9,98.73,Single,No,Urban,1.67,0.71,WiFi,Huawei,No,5.5,19.06,Yes,9,54,12.9,global_mobile
12599,UK,22,Other,Unemployed,PhD,35799.65,6.7,88,1.65,1.78,1.37,0.78,3.54,6.51,1.34,26.49,7.3,8.8,78.36,Married,Yes,Urban,1.57,0.58,WiFi,Huawei,No,9.5,22.74,No,19,84,75.15,global_mobile
12600,Nigeria,18,Male,Artist,,8468.4,8.64,84,3.01,1.98,2.89,1.58,2.38,4.83,0.85,43.16,8.2,5.8,46.97,Single,No,Rural,1.77,0.83,3G,Huawei,Yes,5.5,25.46,Yes,14,81,92.46,global_mobile
12601,India,56,Male,Doctor,High School,24489.44,3.91,81,1.82,3.38,1.26,1.21,0.91,6.84,0.68,36.71,1.7,9.5,62.24,Single,Yes,Urban,1.64,1.37,WiFi,Samsung,Yes,9.5,25.71,Yes,18,88,44.4,global_mobile
12602,Brazil,15,Other,Manager,Master's,41142.72,7.93,90,2.22,0.0,2.07,1.86,3.11,7.65,0.54,0.84,7.0,6.7,80.62,In Relationship,Yes,Rural,0.0,0.0,WiFi,Huawei,No,9.5,0.0,No,15,122,59.42,global_mobile
12603,Germany,13,Other,Salesperson,,31784.99,9.59,74,1.96,1.7,2.68,1.48,2.96,6.01,0.76,48.19,0.5,3.4,40.14,Divorced,No,Rural,2.76,0.85,WiFi,OnePlus,Yes,5.5,25.51,No,19,96,90.94,global_mobile
12604,Mexico,26,Female,Artist,High School,7655.99,10.65,105,3.11,2.43,2.12,1.04,0.11,6.62,0.42,52.01,8.0,6.8,25.22,In Relationship,Yes,Urban,1.18,1.2,WiFi,Samsung,Yes,5.5,26.65,Yes,9,37,87.5,global_mobile
12605,Nigeria,32,Male,Student,High School,12504.36,6.71,98,1.39,1.16,1.75,2.63,1.37,6.33,1.1,19.23,3.2,8.5,53.79,Single,No,Urban,1.66,1.08,5G,OnePlus,Yes,9.5,35.1,Yes,19,134,25.77,global_mobile
12606,Russia,69,Other,Manager,High School,32276.15,8.76,107,1.92,2.03,3.18,1.27,2.68,6.36,0.46,4.89,7.1,0.8,62.65,Divorced,No,Rural,2.4,0.35,5G,Xiaomi,No,9.5,23.94,Yes,16,100,73.62,global_mobile
12607,Mexico,49,Male,Salesperson,High School,8899.07,4.12,90,0.8,0.43,2.5,1.55,2.14,6.31,0.57,76.83,6.9,9.4,13.87,Single,No,Urban,1.59,0.82,WiFi,Samsung,Yes,7.5,31.74,Yes,14,114,8.0,global_mobile
12608,USA,62,Female,Salesperson,Bachelor's,22021.2,6.56,65,1.32,1.58,1.98,1.15,0.31,5.94,0.84,80.76,6.1,3.7,40.55,In Relationship,Yes,Urban,0.21,0.73,5G,Samsung,Yes,2.5,22.02,Yes,19,109,78.12,global_mobile
12609,Germany,19,Female,Salesperson,Bachelor's,46370.31,5.79,84,1.36,1.68,1.62,0.62,1.35,5.9,1.14,14.45,8.7,5.9,81.69,Married,No,Urban,0.74,1.45,WiFi,Apple,No,2.5,15.05,Yes,13,117,10.73,global_mobile
12610,Russia,28,Female,Student,PhD,38832.07,4.01,49,0.53,2.29,1.92,1.07,3.65,6.74,0.94,94.33,7.2,5.0,86.23,Single,Yes,Rural,2.26,0.63,3G,Samsung,No,5.5,36.12,Yes,11,107,36.14,global_mobile
12611,Germany,29,Male,Artist,,41126.03,4.6,87,1.61,3.25,3.06,0.53,3.81,5.99,0.11,10.88,2.9,5.5,49.22,Divorced,Yes,Rural,1.25,0.95,5G,Huawei,Yes,7.5,17.54,No,13,100,41.22,global_mobile
12612,Nigeria,15,Other,Manager,,39222.85,7.83,136,2.9,1.6,3.14,0.56,2.44,7.17,0.61,90.98,9.5,8.6,10.06,In Relationship,No,Urban,1.64,1.3,WiFi,Samsung,No,2.5,25.1,No,17,137,57.73,global_mobile
12613,Japan,18,Other,Teacher,Bachelor's,13982.77,1.69,46,1.99,0.7,1.84,1.94,3.14,7.82,0.53,19.11,7.8,5.1,31.69,Divorced,No,Urban,3.59,0.23,3G,Samsung,Yes,5.5,31.03,No,10,34,13.73,global_mobile
12614,Japan,54,Other,Salesperson,Master's,57405.97,4.7,91,1.99,0.07,1.56,1.42,3.36,7.54,0.99,97.75,9.7,3.4,34.51,Married,No,Urban,1.04,0.07,3G,Samsung,No,7.5,31.6,Yes,20,118,65.02,global_mobile
12615,Mexico,21,Female,Engineer,High School,27351.45,5.8,107,2.65,1.66,0.63,1.56,3.5,8.47,1.84,96.34,0.5,1.3,1.0,In Relationship,Yes,Rural,1.03,0.76,WiFi,Samsung,No,7.5,30.13,No,20,75,24.02,global_mobile
12616,China,55,Female,Artist,,20284.61,8.95,83,3.33,1.01,0.09,1.41,1.83,6.66,0.0,33.61,7.1,9.5,94.74,Married,Yes,Urban,2.89,0.25,3G,OnePlus,No,7.5,16.1,Yes,15,66,89.2,global_mobile
12617,UK,56,Female,Doctor,,20993.31,6.0,45,2.72,1.7,2.85,1.26,0.88,6.68,1.14,35.71,8.8,4.2,55.94,Married,Yes,Rural,2.2,0.73,WiFi,Huawei,Yes,9.5,25.84,Yes,13,125,26.33,global_mobile
12618,Brazil,19,Other,Student,Bachelor's,37606.68,4.98,59,2.44,3.2,3.05,1.59,0.46,6.29,0.83,62.72,3.8,4.3,15.18,In Relationship,Yes,Rural,0.21,0.93,4G,Other,No,2.5,40.58,No,11,93,93.52,global_mobile
12619,UK,56,Male,Salesperson,,17445.41,3.47,75,2.26,1.71,1.85,0.98,2.51,6.95,1.23,58.58,7.9,4.6,32.88,Divorced,No,Rural,1.62,1.59,WiFi,Other,Yes,5.5,23.0,Yes,14,139,8.9,global_mobile
12620,Russia,42,Other,Salesperson,High School,18716.81,6.07,78,2.98,1.44,1.52,1.18,1.33,7.72,0.22,51.84,8.4,9.5,39.72,In Relationship,Yes,Urban,1.88,0.54,4G,Samsung,Yes,5.5,24.11,No,8,108,46.0,global_mobile
12621,Russia,66,Male,Engineer,PhD,8448.13,6.25,90,0.52,1.18,2.78,0.9,2.86,5.93,0.74,50.29,3.5,9.9,33.34,Divorced,Yes,Rural,0.0,0.85,4G,Huawei,No,9.5,37.07,Yes,17,72,79.0,global_mobile
12622,China,12,Male,Salesperson,High School,67492.93,5.57,74,2.09,0.84,2.19,1.08,3.2,5.9,0.93,38.5,8.9,8.1,20.57,Married,No,Rural,1.27,0.59,3G,Huawei,Yes,9.5,28.79,No,10,105,9.54,global_mobile
12623,Nigeria,28,Female,Salesperson,High School,50933.42,5.89,38,1.26,1.57,1.17,2.22,2.09,6.45,0.6,37.11,2.5,9.0,39.63,Divorced,Yes,Rural,2.3,1.8,3G,Xiaomi,No,9.5,30.89,Yes,15,140,88.08,global_mobile
12624,UK,58,Male,Doctor,High School,37701.09,4.18,80,1.76,1.82,1.41,0.93,3.3,7.31,1.19,93.79,8.4,0.8,21.01,Divorced,No,Rural,0.55,0.78,5G,Xiaomi,Yes,7.5,14.27,Yes,10,63,55.42,global_mobile
12625,UK,38,Female,Engineer,Master's,19061.84,9.2,56,3.73,0.38,0.53,1.46,1.81,6.44,0.79,28.89,5.9,2.1,56.43,Divorced,Yes,Urban,1.29,0.67,WiFi,Apple,No,7.5,14.66,Yes,19,156,82.0,global_mobile
12626,Japan,28,Other,Artist,,28638.03,5.51,81,3.28,1.82,3.08,1.64,0.83,4.7,1.5,5.03,4.9,8.7,19.83,Single,No,Rural,2.12,1.32,5G,Huawei,Yes,9.5,19.4,Yes,19,115,48.81,global_mobile
12627,Mexico,33,Other,Manager,High School,23150.03,3.48,107,0.0,2.02,3.91,1.22,0.38,7.1,0.98,99.57,3.7,3.1,18.45,Single,Yes,Urban,1.19,0.9,3G,Huawei,Yes,9.5,21.88,No,18,109,18.78,global_mobile
12628,Mexico,61,Female,Salesperson,High School,57144.88,4.23,81,1.94,3.43,2.56,2.45,3.12,7.26,1.3,29.95,9.7,4.9,55.3,Single,No,Urban,2.04,0.82,WiFi,Xiaomi,Yes,2.5,34.51,No,20,117,59.68,global_mobile
12629,Germany,50,Other,Unemployed,Master's,32636.66,4.96,69,2.02,2.03,1.09,1.09,3.87,6.84,0.65,99.84,3.4,5.8,54.5,Married,Yes,Rural,1.72,0.86,5G,Huawei,Yes,7.5,23.98,No,13,99,78.76,global_mobile
12630,Russia,18,Other,Unemployed,High School,28372.84,2.34,65,0.84,2.43,1.99,1.49,0.29,7.52,1.78,76.97,8.3,7.8,32.11,Married,Yes,Urban,0.48,1.77,3G,Xiaomi,No,7.5,23.04,No,8,128,52.17,global_mobile
12631,USA,66,Female,Unemployed,,24635.62,8.79,47,1.59,2.24,3.45,0.47,2.6,5.48,0.3,49.47,2.6,9.4,23.44,Single,Yes,Urban,2.03,0.86,5G,Samsung,Yes,5.5,16.87,Yes,20,100,96.22,global_mobile
12632,Japan,45,Other,Teacher,High School,39272.73,6.04,62,2.6,0.0,1.38,1.86,0.71,5.59,0.39,5.5,3.4,0.9,59.63,Divorced,No,Rural,1.42,1.39,3G,OnePlus,Yes,7.5,28.5,Yes,10,95,11.79,global_mobile
12633,Germany,32,Male,Salesperson,PhD,39694.37,7.77,39,2.72,2.2,0.0,0.94,3.44,6.45,0.69,3.93,0.5,0.8,46.65,In Relationship,Yes,Urban,1.11,0.79,4G,Apple,Yes,2.5,28.57,No,15,91,35.6,global_mobile
12634,Russia,14,Male,Artist,Bachelor's,46006.05,10.01,70,0.0,0.99,3.19,1.22,3.25,7.07,0.78,52.7,1.0,4.0,54.53,In Relationship,Yes,Rural,3.22,1.55,WiFi,Huawei,No,7.5,39.11,Yes,14,76,28.81,global_mobile
12635,India,64,Female,Salesperson,Master's,3919.37,7.01,70,1.34,1.3,2.54,1.8,1.95,4.95,1.07,39.52,0.0,3.6,59.07,Divorced,No,Urban,1.5,1.56,3G,Huawei,Yes,5.5,26.61,No,14,140,45.24,global_mobile
12636,Mexico,61,Other,Student,Master's,60302.56,4.84,93,1.98,2.62,1.48,0.48,3.11,4.78,0.49,57.34,6.2,1.1,54.22,Married,Yes,Rural,2.2,0.21,4G,Other,No,2.5,27.71,Yes,12,66,59.45,global_mobile
12637,India,36,Other,Teacher,,25691.15,1.8,78,0.67,1.28,1.04,0.54,0.78,6.33,0.54,9.33,7.4,0.0,17.15,Married,No,Urban,1.92,0.85,WiFi,Apple,Yes,9.5,15.15,No,9,112,99.58,global_mobile
12638,Nigeria,43,Male,Doctor,Master's,9216.9,6.75,139,2.15,1.53,0.94,1.47,1.87,5.22,1.23,20.18,0.5,1.5,32.3,Divorced,Yes,Urban,1.28,0.71,WiFi,Huawei,No,5.5,20.45,Yes,15,94,42.41,global_mobile
12639,UK,50,Male,Teacher,High School,50467.43,5.27,76,2.06,1.67,1.81,1.98,0.59,6.73,1.55,69.07,9.5,9.8,27.81,Married,No,Rural,1.46,0.77,4G,Other,Yes,2.5,14.83,No,18,80,50.07,global_mobile
12640,USA,13,Female,Unemployed,Master's,40752.48,5.75,58,2.28,3.07,3.18,2.7,1.43,7.09,1.2,14.85,1.5,7.7,82.23,Divorced,No,Rural,1.37,0.83,4G,Xiaomi,Yes,7.5,31.47,No,12,79,7.27,global_mobile
12641,USA,37,Male,Engineer,High School,46236.02,8.73,41,3.12,0.0,1.36,1.55,1.41,6.82,0.0,69.54,5.0,7.1,96.45,Single,No,Urban,2.14,1.17,3G,OnePlus,Yes,9.5,27.83,Yes,11,95,40.77,global_mobile
12642,Brazil,14,Male,Doctor,,41409.33,6.69,81,1.62,1.47,1.78,1.09,0.8,5.98,0.78,60.75,2.1,5.4,94.44,Single,Yes,Urban,0.62,0.78,4G,OnePlus,No,9.5,26.88,Yes,11,137,22.45,global_mobile
12643,Brazil,21,Female,Doctor,Bachelor's,34094.72,3.69,61,2.64,2.47,2.17,1.9,2.46,6.49,1.04,69.88,4.5,2.6,68.83,Single,No,Rural,2.3,0.8,4G,Samsung,No,7.5,18.51,No,18,110,65.72,global_mobile
12644,UK,26,Female,Engineer,Bachelor's,62349.06,5.82,91,4.44,1.3,0.21,1.54,2.66,7.19,1.0,10.35,7.1,4.9,24.71,In Relationship,Yes,Urban,1.59,1.0,5G,Apple,No,2.5,34.35,No,13,100,93.86,global_mobile
12645,USA,57,Other,Artist,Bachelor's,17421.8,2.37,70,1.15,2.0,3.03,2.01,2.19,7.33,1.07,3.02,3.1,8.8,13.87,In Relationship,No,Urban,1.92,1.25,4G,Huawei,No,9.5,20.98,No,12,98,0.13,global_mobile
12646,USA,26,Other,Salesperson,Master's,24229.15,4.06,60,2.93,1.52,0.74,1.04,1.36,7.58,1.04,67.26,0.1,1.9,94.88,In Relationship,Yes,Rural,0.0,1.11,3G,Huawei,Yes,5.5,3.82,Yes,10,109,49.17,global_mobile
12647,Brazil,63,Other,Student,Bachelor's,45565.7,4.05,133,3.38,1.16,1.58,0.93,3.0,6.19,1.17,97.87,7.4,4.7,51.77,In Relationship,Yes,Rural,2.44,0.77,WiFi,Huawei,No,9.5,16.13,No,12,139,45.62,global_mobile
12648,Mexico,12,Female,Student,High School,21611.61,7.89,55,2.02,0.6,2.52,1.32,0.32,5.27,0.6,86.58,0.5,9.3,44.03,In Relationship,No,Urban,2.27,0.0,4G,Samsung,Yes,2.5,44.99,No,18,102,13.48,global_mobile
12649,Japan,33,Other,Engineer,,48343.27,5.68,35,1.12,1.12,1.86,1.59,1.72,6.21,1.49,52.48,0.5,6.5,17.66,Single,Yes,Urban,4.52,1.94,4G,Huawei,Yes,5.5,30.25,No,15,108,28.92,global_mobile
12650,India,21,Male,Artist,,7424.47,11.7,72,3.56,3.06,0.94,2.17,0.12,5.29,1.42,97.22,2.6,4.6,26.52,Divorced,Yes,Rural,2.94,0.42,5G,OnePlus,No,9.5,27.99,Yes,19,75,76.93,global_mobile
12651,Nigeria,61,Female,Artist,Master's,30746.87,5.32,86,3.32,3.23,1.97,0.48,0.24,6.63,0.73,25.04,5.4,5.8,44.42,Married,Yes,Rural,1.81,0.16,4G,OnePlus,No,9.5,33.11,Yes,20,114,34.88,global_mobile
12652,India,59,Female,Artist,Bachelor's,4291.92,5.95,105,2.33,1.51,1.02,0.76,1.81,6.55,1.26,99.69,9.8,2.7,12.05,Single,No,Urban,1.51,0.23,3G,Apple,No,9.5,21.68,No,11,74,89.04,global_mobile
12653,Mexico,31,Other,Manager,,20646.0,3.51,79,2.12,2.3,1.67,2.26,2.09,6.16,0.32,92.13,2.3,9.9,10.62,Divorced,Yes,Rural,0.96,1.14,3G,Other,Yes,9.5,22.23,Yes,11,129,68.34,global_mobile
12654,Nigeria,35,Male,Teacher,,41494.9,3.12,75,2.5,2.58,1.04,0.96,0.33,6.57,1.04,68.4,4.9,6.3,60.78,In Relationship,Yes,Urban,1.36,0.22,4G,Samsung,No,9.5,12.62,No,19,71,76.74,global_mobile
12655,Brazil,58,Female,Artist,Master's,35935.56,7.12,116,3.07,1.53,1.6,1.3,1.22,7.21,0.74,31.95,4.8,6.1,47.4,In Relationship,No,Rural,1.37,0.3,5G,Xiaomi,No,2.5,25.73,Yes,16,88,26.93,global_mobile
12656,UK,44,Male,Student,,6205.82,7.86,86,2.78,3.74,1.05,1.42,2.56,3.92,0.79,20.12,9.0,4.1,97.16,Divorced,Yes,Urban,0.53,2.13,5G,Huawei,Yes,9.5,23.16,Yes,9,107,96.19,global_mobile
12657,Russia,42,Female,Salesperson,PhD,35317.02,4.33,89,1.05,0.76,1.92,2.54,2.94,6.82,1.97,86.81,3.3,7.0,60.32,Divorced,No,Urban,2.4,0.78,4G,Other,No,5.5,22.33,No,17,123,4.89,global_mobile
12658,Japan,37,Female,Manager,Master's,29021.49,3.74,105,2.06,0.0,2.34,1.29,2.28,6.98,1.48,37.87,6.4,4.9,75.19,In Relationship,Yes,Rural,1.8,0.87,WiFi,Xiaomi,No,9.5,22.36,Yes,12,112,62.64,global_mobile
12659,Brazil,63,Male,Student,PhD,47557.98,3.5,108,2.03,2.77,1.75,0.93,1.16,6.76,0.67,95.39,4.1,5.2,67.26,Single,No,Rural,1.92,0.1,3G,Apple,No,2.5,19.37,Yes,18,152,10.18,global_mobile
12660,Germany,33,Other,Unemployed,High School,35433.91,8.11,85,1.11,0.77,3.58,1.37,1.78,5.48,1.04,74.24,3.3,3.2,55.94,Divorced,No,Urban,1.13,0.89,4G,Huawei,No,2.5,48.25,No,15,121,78.18,global_mobile
12661,Germany,17,Female,Manager,PhD,16773.93,7.59,64,1.96,0.45,1.18,1.34,0.87,6.18,0.85,89.29,5.7,6.7,73.37,Single,No,Urban,0.5,0.94,WiFi,Apple,Yes,7.5,15.99,No,20,59,59.76,global_mobile
12662,USA,24,Female,Teacher,High School,9881.67,8.63,72,4.63,0.69,2.41,0.59,1.74,7.35,1.75,6.59,3.8,2.0,46.05,In Relationship,No,Urban,2.17,0.94,WiFi,Xiaomi,No,5.5,22.95,Yes,15,124,29.68,global_mobile
12663,Germany,23,Other,Teacher,,42262.7,6.99,80,1.77,2.95,3.52,1.96,1.59,7.41,0.47,45.72,2.2,6.1,51.66,Married,Yes,Rural,1.39,0.22,4G,Apple,No,7.5,29.13,Yes,15,74,63.23,global_mobile
12664,Nigeria,13,Female,Manager,Bachelor's,23904.98,5.52,58,2.46,1.13,1.35,1.43,3.19,5.9,1.71,87.61,4.6,5.8,30.12,Single,Yes,Rural,0.77,0.8,3G,OnePlus,No,7.5,44.06,Yes,15,107,31.02,global_mobile
12665,Japan,33,Female,Artist,,37184.6,7.63,105,2.33,2.72,1.81,0.93,2.08,7.57,1.31,46.21,3.7,4.0,22.25,Single,Yes,Rural,1.06,0.94,3G,Apple,No,9.5,39.47,No,16,126,51.97,global_mobile
12666,UK,66,Female,Unemployed,Bachelor's,48000.79,5.7,85,2.35,2.53,1.36,0.64,1.06,6.8,0.61,63.27,7.7,9.3,62.01,Single,No,Rural,0.71,1.01,5G,Xiaomi,Yes,9.5,20.17,No,12,137,73.47,global_mobile
12667,Germany,69,Male,Teacher,,26266.49,7.2,110,0.55,2.23,2.44,2.16,3.1,6.27,1.67,53.13,9.6,9.3,93.29,Single,No,Rural,1.27,0.0,4G,OnePlus,Yes,5.5,38.03,No,17,80,7.78,global_mobile
12668,UK,45,Other,Doctor,PhD,3838.64,3.56,76,1.22,0.94,1.2,2.11,2.15,5.85,1.26,3.68,6.5,2.6,75.56,Divorced,Yes,Urban,0.58,0.83,WiFi,Xiaomi,Yes,9.5,38.87,No,9,120,13.04,global_mobile
12669,UK,62,Other,Student,Master's,29135.79,2.44,100,2.08,0.12,1.87,1.83,1.44,6.93,1.04,69.22,0.2,4.6,29.34,In Relationship,Yes,Urban,2.7,0.27,3G,Apple,No,5.5,15.4,No,18,103,33.16,global_mobile
12670,Nigeria,69,Other,Teacher,PhD,53842.54,6.47,45,1.1,2.97,1.13,2.03,3.11,6.04,0.29,89.57,8.1,0.0,45.8,In Relationship,Yes,Urban,2.36,0.49,4G,Samsung,Yes,9.5,18.6,No,20,78,60.33,global_mobile
12671,Germany,13,Female,Doctor,,0.0,3.94,79,3.08,0.87,0.52,1.57,1.33,7.32,0.3,85.86,9.5,3.8,18.07,Single,Yes,Urban,1.03,0.84,4G,Samsung,No,2.5,27.71,No,13,80,93.28,global_mobile
12672,Germany,59,Male,Salesperson,PhD,30827.18,11.02,109,2.69,1.9,3.17,1.0,0.0,4.12,0.68,42.68,7.6,4.8,48.21,Single,No,Rural,1.51,0.67,WiFi,OnePlus,Yes,7.5,19.31,No,8,93,40.95,global_mobile
12673,Brazil,51,Other,Manager,Master's,45398.36,3.69,125,2.24,1.0,2.08,1.01,2.61,7.16,0.67,20.88,3.4,8.8,21.27,Single,Yes,Rural,0.43,0.7,3G,Samsung,Yes,7.5,41.31,Yes,11,122,33.61,global_mobile
12674,Germany,46,Male,Doctor,,27228.48,2.82,74,2.97,2.57,0.29,1.49,1.05,6.77,0.71,74.72,1.4,8.5,46.64,In Relationship,Yes,Urban,2.48,1.27,WiFi,Xiaomi,No,7.5,17.57,Yes,9,112,33.23,global_mobile
12675,Brazil,55,Male,Manager,Master's,18703.71,5.98,73,1.31,1.48,1.58,1.23,1.58,6.37,0.51,70.28,7.1,8.3,56.11,Single,No,Rural,1.44,0.33,4G,Samsung,Yes,9.5,22.3,Yes,15,121,66.05,global_mobile
12676,India,43,Other,Student,High School,25274.52,5.85,104,2.4,1.04,0.02,0.83,3.53,4.01,2.66,46.2,0.8,5.3,74.92,Single,Yes,Urban,1.63,0.91,4G,OnePlus,No,9.5,18.8,Yes,16,81,45.68,global_mobile
12677,Japan,42,Male,Engineer,,32727.39,7.62,140,3.22,2.76,0.35,1.52,2.32,6.73,0.38,96.97,5.0,5.5,93.46,In Relationship,No,Rural,2.42,1.46,WiFi,Other,No,2.5,52.51,No,18,82,68.37,global_mobile
12678,Brazil,37,Female,Student,High School,29256.95,3.78,114,1.41,2.36,0.02,0.93,3.75,6.33,0.97,59.54,2.0,1.9,5.04,Divorced,Yes,Urban,0.84,0.68,4G,Other,No,7.5,36.07,No,19,89,23.74,global_mobile
12679,Mexico,45,Female,Teacher,,26094.64,4.77,84,1.48,0.0,1.99,2.02,3.23,6.46,1.29,94.25,5.0,4.1,22.17,In Relationship,No,Urban,1.21,0.59,4G,Huawei,No,2.5,33.25,Yes,16,61,16.08,global_mobile
12680,Mexico,63,Male,Salesperson,High School,20963.12,4.71,70,1.47,2.09,0.44,1.06,2.21,6.18,1.07,91.93,1.2,0.8,22.45,Married,Yes,Urban,1.4,0.73,WiFi,Huawei,No,7.5,10.53,Yes,13,89,66.32,global_mobile
12681,Mexico,60,Female,Student,Master's,39273.14,2.33,57,2.44,0.0,2.82,2.16,1.26,6.3,1.02,94.7,4.8,9.6,14.17,Single,No,Rural,1.65,0.62,3G,Apple,No,5.5,24.9,Yes,11,130,0.29,global_mobile
12682,India,35,Female,Student,,24623.6,7.36,24,0.04,0.0,0.14,1.87,1.42,8.43,0.99,87.41,2.4,7.9,58.15,Single,No,Rural,1.09,0.89,3G,Samsung,No,2.5,29.38,No,15,159,21.93,global_mobile
12683,Nigeria,41,Female,Student,,15103.24,5.35,66,0.44,3.05,2.86,2.12,0.83,6.83,1.31,9.14,9.9,1.7,11.35,Divorced,Yes,Urban,2.31,0.47,WiFi,Huawei,Yes,2.5,39.83,Yes,17,109,62.95,global_mobile
12684,India,55,Other,Engineer,Bachelor's,10164.49,6.38,45,2.16,3.4,3.11,1.2,2.0,6.36,0.43,65.12,1.1,5.1,35.65,Single,No,Urban,1.61,1.43,3G,Samsung,No,9.5,28.7,Yes,13,83,21.45,global_mobile
12685,India,44,Male,Artist,High School,31005.13,6.65,30,0.62,1.89,3.31,2.4,2.65,6.44,1.83,89.61,1.3,7.4,13.21,Divorced,No,Rural,0.5,0.88,WiFi,Huawei,No,2.5,26.53,Yes,19,88,72.95,global_mobile
12686,India,18,Female,Manager,Bachelor's,1004.9,10.82,92,2.93,0.69,2.56,1.7,2.23,6.34,1.2,12.64,7.7,4.5,27.44,In Relationship,Yes,Rural,1.8,1.08,3G,Samsung,No,2.5,20.74,Yes,18,88,18.91,global_mobile
12687,Nigeria,34,Male,Teacher,Bachelor's,45128.38,5.23,43,2.06,0.53,1.55,1.13,2.9,6.51,0.83,23.01,0.8,3.1,50.57,In Relationship,Yes,Rural,2.88,0.73,4G,OnePlus,No,5.5,4.77,Yes,16,89,17.81,global_mobile
12688,China,21,Male,Teacher,Master's,40361.39,6.34,80,1.65,2.09,1.74,1.66,1.47,7.88,0.79,9.17,5.2,6.6,40.58,Married,No,Rural,2.22,0.51,WiFi,Samsung,Yes,7.5,29.03,No,20,96,3.22,global_mobile
12689,Germany,14,Male,Doctor,,25925.46,7.36,57,4.47,1.02,2.74,0.98,1.36,6.89,0.44,85.34,7.1,3.6,5.02,Single,Yes,Urban,0.98,0.73,WiFi,Xiaomi,Yes,2.5,33.4,Yes,10,77,93.14,global_mobile
12690,Japan,35,Male,Salesperson,High School,60852.63,5.31,66,1.9,0.69,2.2,0.94,3.4,4.65,0.26,66.96,2.5,3.4,70.12,Single,No,Urban,1.38,1.05,4G,Other,Yes,9.5,11.22,No,18,125,38.63,global_mobile
12691,USA,65,Female,Unemployed,High School,45993.46,5.09,67,1.06,2.15,2.12,0.99,1.25,6.78,1.71,50.05,8.9,6.4,61.12,Divorced,Yes,Urban,2.67,0.75,5G,Xiaomi,Yes,2.5,24.19,Yes,8,99,8.23,global_mobile
12692,USA,57,Male,Engineer,Bachelor's,34739.02,5.94,96,2.29,2.06,2.3,1.91,2.63,7.6,1.0,69.77,8.7,6.2,45.19,Single,No,Rural,1.53,1.07,WiFi,OnePlus,Yes,9.5,33.67,No,18,90,4.99,global_mobile
12693,USA,54,Other,Salesperson,Master's,46573.22,6.43,67,3.64,2.45,2.63,0.97,0.18,6.78,1.25,72.8,1.8,9.5,20.72,In Relationship,No,Urban,2.57,1.45,4G,Samsung,No,9.5,35.76,No,14,114,98.31,global_mobile
12694,Japan,66,Female,Doctor,,20451.08,6.73,96,3.36,1.93,1.83,1.1,2.09,5.58,0.53,94.56,8.9,9.8,75.96,Divorced,No,Urban,0.22,0.56,5G,Xiaomi,Yes,5.5,22.73,No,8,123,93.28,global_mobile
12695,Nigeria,47,Other,Unemployed,High School,22245.35,5.59,55,2.33,1.96,1.92,2.1,1.32,6.42,0.65,95.97,8.7,5.9,91.81,In Relationship,Yes,Rural,2.66,0.85,5G,Xiaomi,Yes,2.5,24.35,Yes,8,70,22.78,global_mobile
12696,Russia,64,Female,Unemployed,PhD,37288.49,5.51,75,0.0,1.35,1.88,1.1,2.26,8.68,0.75,42.89,6.3,6.1,73.38,Divorced,No,Rural,1.82,0.0,3G,Samsung,Yes,9.5,32.41,Yes,18,39,44.42,global_mobile
12697,Nigeria,16,Male,Salesperson,,15264.1,8.06,35,3.84,2.28,2.82,1.7,3.0,5.38,0.43,70.16,3.6,3.0,72.08,In Relationship,Yes,Rural,1.87,1.19,3G,Huawei,Yes,5.5,33.76,Yes,14,130,36.65,global_mobile
12698,Germany,67,Other,Salesperson,Bachelor's,54228.98,1.65,104,3.03,2.28,1.11,2.14,4.66,6.14,0.71,71.08,4.7,5.0,1.21,Single,No,Urban,1.72,0.13,5G,Huawei,Yes,5.5,23.18,Yes,8,81,44.07,global_mobile
12699,Japan,33,Other,Student,High School,27021.59,9.47,96,2.76,0.0,3.34,1.31,2.53,7.32,1.01,95.7,6.0,3.5,10.73,Divorced,Yes,Urban,0.56,0.66,5G,Huawei,No,7.5,21.69,Yes,20,96,91.85,global_mobile
12700,Russia,46,Other,Teacher,,33947.65,8.31,62,0.98,1.88,2.29,1.54,3.2,5.84,0.0,28.39,2.8,0.9,87.43,Divorced,No,Rural,0.95,0.61,5G,Xiaomi,Yes,2.5,35.68,No,20,86,10.07,global_mobile
12701,Mexico,36,Male,Unemployed,,5347.13,9.18,120,1.67,1.94,1.39,1.92,1.09,7.04,0.57,36.62,6.6,3.5,48.42,Divorced,Yes,Rural,2.03,0.98,3G,Apple,Yes,2.5,23.54,Yes,13,94,80.54,global_mobile
12702,Russia,55,Female,Doctor,Master's,21320.85,5.09,96,1.79,0.68,2.95,1.64,3.78,6.69,0.83,10.59,2.7,8.2,76.3,Divorced,No,Rural,0.61,0.51,3G,Xiaomi,Yes,2.5,32.73,No,9,172,90.01,global_mobile
12703,Russia,21,Male,Manager,Bachelor's,28525.82,6.04,71,3.8,1.53,3.34,1.31,1.95,7.83,0.64,96.98,7.4,7.5,76.46,Divorced,No,Urban,2.08,1.05,3G,Huawei,No,2.5,18.35,Yes,20,123,72.48,global_mobile
12704,Nigeria,29,Male,Manager,Master's,5231.79,0.08,129,1.73,0.1,4.62,1.11,3.46,5.99,1.22,71.43,9.5,2.8,93.8,Divorced,No,Rural,0.76,0.61,4G,Xiaomi,No,9.5,34.35,Yes,13,107,26.67,global_mobile
12705,Nigeria,49,Other,Salesperson,Bachelor's,46338.08,6.69,115,0.94,1.84,1.88,1.79,2.44,5.15,0.36,98.58,6.9,0.4,4.52,In Relationship,No,Rural,1.23,0.7,5G,OnePlus,Yes,7.5,29.3,Yes,12,87,65.76,global_mobile
12706,China,15,Other,Doctor,PhD,30937.83,5.36,81,2.1,0.5,2.41,1.14,0.61,5.87,1.25,37.25,8.0,5.0,25.68,Single,Yes,Urban,0.0,1.29,WiFi,Huawei,No,2.5,8.76,Yes,17,104,4.31,global_mobile
12707,Germany,22,Male,Doctor,High School,34114.87,7.46,36,2.68,1.41,1.65,0.62,3.15,5.28,0.71,94.69,7.4,8.5,36.12,Divorced,No,Rural,0.44,1.27,WiFi,OnePlus,Yes,2.5,21.79,No,14,136,77.28,global_mobile
12708,Japan,38,Male,Unemployed,Master's,41783.8,6.63,102,2.08,1.69,0.64,1.42,0.95,7.09,1.11,95.71,6.5,3.1,55.74,In Relationship,No,Urban,2.4,0.36,3G,Samsung,No,9.5,21.41,Yes,10,128,2.45,global_mobile
12709,UK,35,Female,Manager,Bachelor's,40178.35,6.64,75,2.81,1.01,1.45,1.45,0.87,6.58,1.58,16.99,1.2,9.1,30.89,Single,No,Urban,0.99,0.74,3G,Huawei,Yes,5.5,27.72,No,8,111,0.57,global_mobile
12710,India,23,Male,Engineer,Master's,37635.11,4.36,102,2.26,3.39,2.31,1.77,3.65,6.45,0.51,53.66,0.3,3.8,86.34,Single,No,Rural,0.45,1.6,WiFi,Huawei,No,2.5,15.01,No,13,74,44.29,global_mobile
12711,USA,12,Male,Doctor,,2460.12,5.13,33,1.22,2.16,1.66,1.62,1.8,7.53,0.51,87.36,10.0,4.2,85.4,Single,No,Urban,0.48,0.85,5G,Apple,No,9.5,20.18,No,17,76,75.11,global_mobile
12712,China,33,Female,Doctor,High School,24298.46,3.7,18,3.27,2.0,3.3,1.52,0.0,5.72,0.68,40.88,5.0,6.1,16.29,In Relationship,Yes,Rural,2.95,0.55,WiFi,Xiaomi,No,7.5,6.26,Yes,9,71,32.68,global_mobile
12713,Brazil,37,Male,Unemployed,Master's,29853.17,5.56,89,0.96,1.33,1.41,1.66,2.29,6.74,1.5,93.98,9.8,7.8,30.4,In Relationship,No,Rural,2.35,1.0,WiFi,Other,No,7.5,25.59,Yes,9,91,12.61,global_mobile
12714,Brazil,46,Male,Student,Master's,31272.54,4.53,117,4.73,2.97,3.32,1.05,3.03,7.86,0.77,5.03,9.7,3.7,76.85,Divorced,No,Rural,1.43,1.21,3G,Xiaomi,Yes,9.5,21.55,Yes,9,131,62.09,global_mobile
12715,Nigeria,42,Male,Student,High School,17765.48,6.34,42,2.56,2.45,2.55,1.86,3.6,4.97,0.66,51.86,3.9,0.6,88.68,Single,Yes,Urban,0.96,1.1,5G,Huawei,No,9.5,7.19,No,19,69,91.27,global_mobile
12716,India,62,Male,Manager,Master's,1207.65,6.54,65,0.31,1.46,2.46,2.34,1.62,7.05,0.58,19.08,8.5,8.9,52.84,Single,Yes,Urban,1.34,0.0,4G,OnePlus,Yes,2.5,32.19,Yes,9,73,74.6,global_mobile
12717,India,17,Other,Teacher,PhD,19289.86,6.83,130,0.59,1.58,2.51,1.82,1.93,6.75,0.97,83.51,2.5,1.9,60.52,Divorced,Yes,Rural,0.58,0.62,3G,Apple,No,7.5,23.67,No,11,118,76.41,global_mobile
12718,USA,26,Female,Teacher,High School,12247.0,4.83,29,2.64,1.47,1.56,1.55,1.52,6.63,0.94,66.9,4.6,7.6,12.32,Single,No,Urban,1.48,0.99,3G,Samsung,No,5.5,22.26,Yes,15,89,30.54,global_mobile
12719,Japan,70,Male,Artist,Master's,38687.42,3.01,115,3.52,1.94,0.88,1.12,2.13,5.39,0.95,0.94,9.7,1.5,67.77,Single,No,Rural,2.24,0.04,4G,Other,Yes,5.5,21.55,Yes,18,104,40.63,global_mobile
12720,Russia,36,Other,Engineer,Bachelor's,25288.84,4.3,92,1.89,1.42,4.25,1.51,1.9,7.22,0.74,9.36,9.8,3.1,78.07,Married,Yes,Urban,1.43,0.0,WiFi,Apple,No,2.5,12.47,Yes,16,99,11.28,global_mobile
12721,China,65,Male,Artist,Master's,21884.41,8.47,141,2.03,1.32,4.61,1.12,0.83,9.19,0.72,90.35,8.9,6.4,22.45,Divorced,Yes,Urban,2.18,0.89,4G,Apple,No,5.5,4.29,Yes,19,90,76.63,global_mobile
12722,Russia,30,Male,Engineer,High School,45981.31,6.98,101,2.02,1.33,0.66,1.53,2.62,7.36,1.68,55.41,5.3,4.1,77.68,In Relationship,Yes,Rural,0.28,0.18,5G,Samsung,Yes,7.5,19.68,Yes,17,69,10.9,global_mobile
12723,Germany,29,Female,Artist,Master's,41394.05,6.93,76,1.01,0.99,0.21,1.68,2.34,5.15,1.36,30.39,6.4,0.6,41.11,In Relationship,Yes,Rural,2.44,1.6,3G,Huawei,No,7.5,30.63,Yes,16,105,77.13,global_mobile
12724,Germany,20,Other,Manager,PhD,17442.83,7.25,97,1.83,2.06,2.9,1.71,2.01,7.1,1.04,50.73,2.9,7.2,69.5,In Relationship,Yes,Urban,2.81,1.17,WiFi,Huawei,No,9.5,17.72,No,15,90,17.98,global_mobile
12725,China,13,Other,Doctor,PhD,21708.45,2.3,75,1.26,0.15,0.0,1.46,1.68,5.92,0.88,31.84,5.7,9.6,9.04,Married,Yes,Rural,1.24,1.12,5G,Other,No,9.5,12.12,Yes,12,138,36.37,global_mobile
12726,China,32,Male,Teacher,High School,16997.15,6.72,69,2.6,0.0,0.4,1.78,1.96,4.62,2.16,50.18,6.2,8.6,91.51,Married,No,Rural,2.11,0.0,5G,Other,No,9.5,39.21,Yes,20,85,80.14,global_mobile
12727,Nigeria,19,Male,Teacher,PhD,55116.47,2.39,75,1.85,1.33,0.89,2.42,2.34,6.96,1.08,46.02,3.5,3.1,2.24,Single,No,Rural,0.64,0.84,3G,Huawei,No,9.5,27.35,Yes,9,106,21.43,global_mobile
12728,Russia,67,Female,Manager,PhD,17050.07,3.49,93,2.24,1.53,3.83,1.61,0.71,9.62,0.54,69.76,1.0,6.4,87.35,Married,Yes,Urban,2.18,0.63,3G,Apple,Yes,5.5,10.89,No,15,68,97.96,global_mobile
12729,UK,45,Female,Teacher,Bachelor's,37061.31,7.79,95,1.99,2.0,0.87,1.76,2.09,6.65,0.33,85.98,4.1,8.0,39.6,Single,Yes,Rural,2.42,0.88,5G,Other,No,9.5,35.62,Yes,19,107,82.18,global_mobile
12730,USA,35,Other,Artist,,30012.28,0.67,85,0.87,2.14,2.15,0.88,1.54,4.05,0.97,95.19,5.0,3.9,6.02,Married,No,Urban,2.42,0.0,3G,Other,Yes,7.5,40.28,Yes,17,107,93.82,global_mobile
12731,USA,43,Male,Student,Bachelor's,9882.66,6.19,96,2.61,0.7,1.39,0.49,2.66,8.01,1.59,68.27,9.7,2.6,16.12,In Relationship,Yes,Rural,1.09,0.0,4G,Huawei,No,7.5,25.11,No,10,75,20.46,global_mobile
12732,Japan,12,Male,Teacher,Bachelor's,15327.88,5.95,74,2.86,1.2,1.47,0.27,2.73,6.32,1.95,6.25,5.7,5.9,39.62,Divorced,No,Rural,2.61,0.31,5G,Huawei,Yes,5.5,22.96,No,16,74,62.26,global_mobile
12733,India,16,Other,Student,High School,11920.72,4.15,122,2.5,2.51,2.59,1.4,1.19,5.29,1.2,88.83,3.8,2.4,18.93,Single,No,Rural,1.28,0.62,4G,Other,No,5.5,36.85,No,20,57,97.34,global_mobile
12734,UK,49,Male,Engineer,Master's,32783.95,9.44,87,1.52,2.08,1.44,0.84,3.0,4.53,0.77,72.08,8.6,6.7,4.19,Single,No,Urban,1.56,1.59,5G,Samsung,Yes,9.5,6.62,No,16,114,24.27,global_mobile
12735,China,40,Female,Manager,High School,28830.84,8.56,96,1.8,1.0,1.06,1.04,2.19,7.72,0.65,7.46,2.3,5.5,38.79,In Relationship,Yes,Urban,1.66,0.52,5G,Xiaomi,No,2.5,18.2,Yes,20,106,53.97,global_mobile
12736,Germany,62,Other,Engineer,High School,44432.42,7.18,86,0.11,2.15,0.06,1.02,2.48,6.76,0.64,22.75,6.4,7.8,80.17,Single,No,Rural,1.76,1.88,4G,OnePlus,No,7.5,10.47,No,9,98,39.57,global_mobile
12737,Nigeria,29,Other,Unemployed,High School,54522.1,4.47,105,1.28,1.49,0.8,1.57,1.32,5.05,1.35,74.56,9.9,2.0,73.43,Married,No,Rural,2.01,1.27,WiFi,Huawei,No,2.5,22.03,Yes,12,130,32.41,global_mobile
12738,Germany,32,Other,Doctor,Bachelor's,12003.7,7.07,130,3.22,2.29,0.26,1.29,3.48,6.72,1.8,64.11,8.0,5.8,5.46,Divorced,Yes,Urban,1.38,1.07,WiFi,Other,No,7.5,25.58,No,17,113,0.32,global_mobile
12739,Mexico,50,Male,Artist,High School,44631.72,7.45,48,1.9,1.59,2.56,1.41,1.55,7.06,0.2,39.93,6.6,7.5,90.2,Single,Yes,Urban,1.6,0.33,4G,OnePlus,No,2.5,22.88,No,10,108,38.17,global_mobile
12740,Nigeria,45,Female,Salesperson,Master's,21573.95,4.9,104,1.64,1.24,1.63,2.01,3.1,6.88,0.76,99.5,3.0,9.3,55.54,Divorced,Yes,Rural,2.2,0.21,4G,Other,Yes,5.5,28.09,Yes,20,69,11.78,global_mobile
12741,USA,45,Female,Teacher,Bachelor's,30491.74,4.59,80,1.88,1.77,2.51,2.51,2.99,5.96,1.05,78.25,6.1,1.4,49.51,Divorced,No,Rural,2.72,1.06,WiFi,OnePlus,Yes,9.5,13.6,No,11,116,96.72,global_mobile
12742,India,33,Female,Teacher,High School,23295.01,6.93,71,1.41,2.31,2.63,1.58,1.26,6.63,2.12,81.29,8.0,1.4,54.55,Single,No,Urban,2.38,1.36,5G,Samsung,Yes,9.5,30.95,Yes,19,76,75.69,global_mobile
12743,UK,50,Male,Artist,Master's,31797.99,5.08,101,2.01,2.15,2.74,1.46,4.29,6.46,1.02,78.06,2.6,6.3,23.45,In Relationship,No,Urban,0.01,1.35,4G,Apple,Yes,5.5,34.08,Yes,9,109,98.31,global_mobile
12744,Mexico,36,Other,Student,Master's,29034.16,3.34,84,1.3,1.05,2.27,0.39,0.87,4.86,0.0,24.84,7.4,5.4,41.08,Married,No,Urban,1.93,0.79,5G,Samsung,Yes,2.5,37.43,No,16,132,19.11,global_mobile
12745,India,53,Male,Teacher,,19230.18,3.95,90,1.65,1.22,2.11,1.02,3.15,8.08,0.27,98.36,4.4,4.0,20.09,Divorced,Yes,Rural,2.23,0.3,3G,Huawei,No,7.5,29.63,No,18,129,9.86,global_mobile
12746,China,13,Female,Engineer,,63478.23,6.85,131,1.16,0.54,0.28,1.7,1.68,7.33,0.96,61.9,8.6,2.6,45.86,Married,Yes,Urban,1.58,0.0,4G,Samsung,No,9.5,28.61,Yes,8,108,58.43,global_mobile
12747,USA,59,Male,Teacher,,43082.62,6.92,76,3.42,1.1,2.1,0.85,1.83,6.71,0.76,12.21,8.1,1.1,18.41,Married,Yes,Rural,0.81,1.37,4G,Apple,No,9.5,22.99,Yes,12,48,34.12,global_mobile
12748,Brazil,46,Male,Student,Master's,20956.28,6.83,49,4.25,0.12,0.58,1.32,0.0,7.22,0.34,27.9,7.6,7.5,68.02,Single,Yes,Rural,1.65,1.05,4G,Huawei,No,9.5,19.94,No,16,109,64.63,global_mobile
12749,Russia,35,Other,Engineer,Master's,24625.82,5.03,90,1.88,1.7,1.3,1.55,2.46,5.1,1.56,16.27,6.3,9.9,50.59,Married,Yes,Urban,0.34,0.34,3G,OnePlus,No,2.5,26.73,Yes,11,156,39.4,global_mobile
12750,Germany,50,Female,Manager,,13594.03,7.15,91,2.8,2.38,0.02,2.28,1.53,7.03,0.65,39.87,8.6,0.3,95.31,Married,Yes,Rural,1.79,1.1,4G,Xiaomi,Yes,2.5,9.68,No,15,80,23.73,global_mobile
12751,USA,54,Other,Student,Bachelor's,65808.05,5.6,105,3.3,1.72,3.53,1.45,1.86,6.47,0.63,78.93,2.1,9.9,43.54,In Relationship,Yes,Rural,1.2,0.64,WiFi,Xiaomi,Yes,7.5,1.47,Yes,20,65,14.56,global_mobile
12752,USA,50,Male,Teacher,Bachelor's,27803.94,4.05,73,0.56,0.79,1.54,0.89,1.03,6.6,1.1,16.82,7.0,3.4,18.68,Married,No,Rural,1.31,1.16,WiFi,Apple,Yes,9.5,30.58,No,14,117,83.9,global_mobile
12753,Mexico,50,Other,Engineer,Bachelor's,24613.65,5.81,103,1.91,1.04,1.77,0.86,1.25,4.67,1.59,53.93,7.2,7.8,61.72,Divorced,No,Rural,1.47,0.0,5G,Apple,Yes,9.5,29.71,Yes,13,131,11.21,global_mobile
12754,Mexico,40,Female,Unemployed,,43247.57,5.03,102,2.81,1.34,3.44,1.22,3.18,5.7,0.24,3.59,7.0,4.8,99.76,Married,Yes,Urban,1.88,0.0,5G,Huawei,No,2.5,47.12,No,20,102,83.56,global_mobile
12755,Germany,47,Female,Teacher,PhD,38665.07,5.01,108,0.88,1.56,4.05,1.4,2.37,6.46,0.17,79.5,9.2,1.0,16.57,Divorced,Yes,Urban,0.0,0.26,4G,Apple,No,9.5,25.94,Yes,16,101,53.77,global_mobile
12756,Nigeria,21,Female,Unemployed,PhD,37411.83,6.29,119,0.32,1.41,2.13,2.16,2.33,6.87,0.86,7.26,6.7,6.1,2.61,Divorced,No,Rural,1.26,1.3,4G,OnePlus,Yes,5.5,37.53,No,13,120,92.95,global_mobile
12757,Russia,27,Female,Manager,Master's,51271.36,7.86,108,1.95,1.02,0.68,2.04,0.7,7.62,1.05,33.04,3.2,3.6,5.67,Single,No,Urban,1.26,0.43,4G,OnePlus,No,5.5,30.45,Yes,8,93,29.22,global_mobile
12758,China,66,Male,Salesperson,High School,37909.3,3.93,110,0.0,1.94,1.83,2.32,1.52,6.9,1.71,81.8,9.1,7.8,39.43,Single,No,Rural,1.48,0.0,3G,OnePlus,Yes,7.5,31.12,Yes,13,112,10.33,global_mobile
12759,Japan,39,Other,Artist,Master's,10062.44,4.78,52,2.47,2.86,1.05,1.18,2.42,7.54,1.29,99.18,0.0,8.6,60.14,In Relationship,No,Urban,1.69,1.59,3G,Huawei,Yes,5.5,24.59,Yes,11,131,79.84,global_mobile
12760,Mexico,60,Female,Manager,Bachelor's,33120.07,4.53,55,0.32,0.0,1.17,2.24,1.68,5.65,0.95,40.72,6.8,3.6,18.56,In Relationship,No,Rural,1.07,0.71,5G,Other,No,5.5,17.78,Yes,13,77,29.37,global_mobile
12761,Japan,36,Male,Artist,,10144.54,4.32,110,1.65,1.68,3.25,1.12,4.25,8.63,1.12,72.11,8.9,5.8,48.79,Divorced,No,Urban,1.47,1.1,4G,Other,No,2.5,41.95,Yes,9,134,92.89,global_mobile
12762,UK,28,Other,Manager,Bachelor's,10181.99,5.4,71,4.33,0.5,2.88,0.69,2.69,7.11,1.1,36.31,4.7,5.5,62.15,Married,Yes,Urban,3.12,0.55,WiFi,OnePlus,No,9.5,14.07,Yes,20,102,39.3,global_mobile
12763,USA,60,Male,Salesperson,Bachelor's,26266.37,5.55,89,3.39,0.73,0.7,1.95,2.19,6.84,0.29,54.17,6.4,9.8,55.38,In Relationship,No,Rural,0.63,0.99,3G,OnePlus,No,2.5,33.69,No,18,136,48.34,global_mobile
12764,UK,70,Other,Salesperson,,41331.7,3.02,137,3.63,1.46,3.15,1.17,2.27,4.54,0.35,85.82,5.8,9.2,89.97,Divorced,Yes,Urban,1.1,0.86,WiFi,Xiaomi,Yes,2.5,21.61,Yes,8,74,40.37,global_mobile
12765,India,47,Other,Doctor,Bachelor's,17533.34,2.71,86,2.18,3.21,2.22,1.08,2.13,4.89,1.42,51.0,0.3,3.2,89.42,Divorced,No,Rural,2.7,0.89,4G,Huawei,Yes,5.5,18.13,No,20,60,39.92,global_mobile
12766,India,45,Other,Doctor,Bachelor's,27047.71,8.29,101,1.98,1.17,1.04,0.81,0.69,6.61,0.67,49.15,5.9,4.8,35.54,In Relationship,Yes,Urban,2.09,1.03,5G,Huawei,No,9.5,3.68,Yes,15,61,54.56,global_mobile
12767,UK,29,Male,Engineer,High School,40187.62,6.61,77,2.05,1.33,3.34,1.25,3.82,6.42,1.31,34.0,0.5,6.7,53.71,Divorced,No,Rural,3.14,0.79,4G,Other,No,5.5,18.76,Yes,15,146,68.07,global_mobile
12768,Mexico,13,Male,Unemployed,High School,29240.11,4.36,119,1.35,1.13,0.51,0.89,1.57,5.65,1.17,14.55,1.6,1.3,78.44,In Relationship,No,Urban,0.9,1.8,4G,Samsung,No,5.5,30.31,No,11,124,95.65,global_mobile
12769,UK,49,Female,Unemployed,Master's,31956.81,8.69,55,2.41,1.11,2.47,0.99,1.65,5.36,1.16,85.02,9.6,2.8,21.88,Single,No,Rural,1.04,1.61,4G,Samsung,No,2.5,11.27,Yes,13,122,26.88,global_mobile
12770,USA,32,Other,Unemployed,High School,13635.26,3.58,52,1.81,0.46,0.72,0.7,0.45,5.15,0.9,36.28,1.7,4.6,86.36,In Relationship,Yes,Urban,0.02,0.89,4G,Other,No,7.5,38.31,Yes,8,148,87.73,global_mobile
12771,Japan,67,Male,Artist,PhD,35929.08,3.9,90,2.38,2.89,3.81,1.8,0.0,5.76,0.56,28.59,4.8,0.6,69.95,Married,No,Urban,2.6,0.44,5G,OnePlus,No,9.5,21.83,No,15,42,97.49,global_mobile
12772,USA,35,Male,Salesperson,Master's,51933.95,4.77,65,1.61,2.52,2.91,1.62,0.43,6.51,1.12,50.46,9.8,8.3,69.16,Married,No,Rural,2.64,0.45,5G,Other,No,2.5,14.21,No,19,99,28.08,global_mobile
12773,Nigeria,60,Male,Engineer,Master's,19040.78,6.26,105,0.58,2.36,3.37,2.26,1.5,6.18,0.77,37.22,8.1,8.4,2.13,Single,No,Rural,0.28,0.24,5G,Other,No,5.5,20.51,No,17,113,15.55,global_mobile
12774,USA,56,Female,Doctor,PhD,21707.33,3.8,55,1.89,2.33,1.56,1.89,1.25,5.6,0.57,0.05,4.5,2.7,62.08,In Relationship,No,Rural,1.71,0.89,WiFi,Apple,No,9.5,29.06,Yes,19,130,21.39,global_mobile
12775,Mexico,35,Male,Student,,12745.98,6.0,76,1.04,2.84,1.69,2.48,3.31,6.81,0.63,97.92,1.4,7.7,40.13,Divorced,Yes,Urban,1.19,0.59,3G,Samsung,Yes,9.5,50.74,Yes,12,124,0.19,global_mobile
12776,Japan,44,Other,Doctor,Master's,55503.2,6.69,102,0.89,1.52,0.45,1.89,1.31,7.07,0.99,24.92,1.0,7.5,47.96,Single,Yes,Rural,0.9,1.15,5G,Apple,Yes,5.5,30.3,Yes,19,71,20.77,global_mobile
12777,China,42,Male,Manager,Bachelor's,28646.71,2.92,89,1.41,1.27,2.37,1.26,1.19,6.12,0.93,99.85,3.6,1.9,50.14,In Relationship,Yes,Urban,2.04,1.22,4G,Other,No,5.5,23.04,No,16,135,41.89,global_mobile
12778,Mexico,43,Other,Salesperson,PhD,31787.65,6.63,62,3.35,0.24,0.88,1.94,2.8,5.84,0.92,50.15,3.1,5.8,17.18,Married,Yes,Urban,0.55,1.62,4G,Samsung,No,5.5,18.12,No,16,148,87.76,global_mobile
12779,UK,68,Male,Engineer,Master's,24082.04,3.86,104,1.55,0.85,0.62,2.1,0.88,3.51,1.35,44.32,6.3,5.4,70.2,Single,No,Rural,0.76,1.17,WiFi,Apple,No,2.5,13.95,Yes,16,87,91.58,global_mobile
12780,Germany,23,Female,Unemployed,PhD,21042.87,4.75,89,2.95,2.11,1.17,1.97,2.7,6.94,0.0,87.2,8.4,6.8,54.71,Married,Yes,Rural,0.47,1.44,5G,Apple,No,9.5,24.67,Yes,18,76,7.61,global_mobile
12781,Nigeria,28,Other,Student,Master's,37243.17,3.0,120,2.25,2.46,2.25,2.22,0.78,7.29,1.64,73.13,4.5,2.8,5.71,Married,Yes,Urban,1.88,0.86,WiFi,Apple,No,9.5,27.41,Yes,20,86,87.73,global_mobile
12782,China,63,Male,Doctor,Bachelor's,40775.67,4.0,101,3.25,0.71,1.22,1.37,1.68,7.94,1.0,76.93,3.2,8.9,92.97,Married,Yes,Urban,1.1,0.75,5G,Xiaomi,Yes,9.5,17.11,Yes,12,86,58.94,global_mobile
12783,China,14,Other,Artist,PhD,4579.84,6.6,92,1.39,1.17,4.24,1.65,1.03,7.27,0.47,94.45,7.0,1.2,17.08,In Relationship,No,Rural,2.34,0.57,3G,Samsung,No,9.5,12.85,No,10,115,6.82,global_mobile
12784,China,62,Female,Artist,Master's,29202.09,6.82,109,2.75,2.19,1.07,0.88,0.57,6.85,1.06,9.6,8.9,8.9,98.83,Single,No,Rural,1.72,0.49,WiFi,Xiaomi,Yes,9.5,2.68,No,11,120,60.99,global_mobile
12785,Japan,15,Other,Unemployed,Bachelor's,24921.95,3.64,81,2.67,0.59,0.44,1.57,1.65,6.13,1.45,26.55,5.5,0.2,58.5,Divorced,Yes,Rural,1.61,1.13,4G,Huawei,Yes,5.5,6.69,Yes,20,112,25.4,global_mobile
12786,UK,43,Other,Engineer,PhD,4119.78,4.21,51,3.59,2.34,0.29,1.28,2.61,5.05,1.68,85.05,1.0,5.3,15.85,Married,No,Urban,0.2,1.03,3G,Apple,No,2.5,22.63,Yes,9,95,97.95,global_mobile
12787,Japan,42,Male,Student,Master's,41150.32,6.39,39,2.25,0.96,2.47,1.63,2.32,3.6,1.15,28.48,5.5,2.2,53.25,Single,Yes,Rural,1.81,1.71,WiFi,Other,No,9.5,40.18,Yes,12,130,82.69,global_mobile
12788,USA,50,Male,Doctor,Bachelor's,33016.84,5.98,89,2.56,0.87,1.18,1.66,1.35,7.6,0.09,30.31,2.9,8.2,22.06,In Relationship,No,Rural,1.73,1.02,WiFi,Samsung,Yes,5.5,20.93,No,16,124,71.91,global_mobile
12789,Germany,28,Female,Manager,High School,17723.59,5.73,88,1.87,1.98,1.78,1.9,1.49,6.55,1.17,50.32,6.7,6.7,34.33,Single,No,Rural,1.12,1.49,4G,OnePlus,Yes,5.5,11.91,No,15,105,1.59,global_mobile
12790,Nigeria,57,Other,Doctor,PhD,43331.54,3.16,80,2.08,1.8,0.0,1.42,1.98,7.57,1.33,29.12,6.1,3.7,31.9,Single,No,Rural,1.74,0.88,4G,Apple,No,5.5,23.8,Yes,9,89,85.56,global_mobile
12791,UK,66,Female,Doctor,High School,56565.23,6.5,72,1.19,0.79,2.63,1.49,0.84,7.69,1.65,35.89,1.8,7.7,46.3,Single,No,Urban,2.34,0.12,WiFi,Xiaomi,Yes,9.5,25.51,No,18,78,35.99,global_mobile
12792,Japan,52,Male,Unemployed,,41326.99,6.06,35,0.74,1.66,1.94,0.92,2.2,6.89,0.88,47.08,3.6,2.7,57.29,Married,Yes,Rural,1.35,0.78,4G,Other,Yes,2.5,34.35,Yes,15,61,74.39,global_mobile
12793,Japan,55,Other,Teacher,Bachelor's,8841.31,6.5,66,2.26,0.14,1.27,1.69,2.1,4.77,0.63,51.6,3.2,8.7,17.02,Divorced,Yes,Rural,1.87,1.14,WiFi,Other,No,7.5,22.76,Yes,14,95,47.59,global_mobile
12794,USA,66,Male,Doctor,Master's,18413.34,4.94,53,0.0,0.68,1.3,1.16,2.66,7.02,1.3,46.93,7.6,0.2,38.13,In Relationship,Yes,Rural,1.43,1.54,3G,Other,No,5.5,38.38,Yes,20,134,29.5,global_mobile
12795,China,20,Other,Teacher,,23462.83,8.01,64,0.97,0.0,1.87,1.37,2.67,7.05,2.44,63.84,6.9,7.7,97.52,Single,Yes,Rural,1.53,0.24,3G,OnePlus,Yes,2.5,21.94,Yes,14,112,41.55,global_mobile
12796,Mexico,69,Male,Teacher,PhD,12722.34,6.4,84,3.28,1.22,3.14,1.34,1.47,5.47,1.03,4.52,1.3,2.2,26.96,Divorced,No,Rural,0.46,1.03,5G,Apple,No,9.5,26.15,No,14,117,21.95,global_mobile
12797,UK,14,Male,Salesperson,High School,48162.87,7.43,61,1.52,1.57,2.33,1.88,2.4,8.24,0.74,44.33,7.7,4.9,56.86,Single,Yes,Urban,1.08,1.27,4G,Apple,Yes,5.5,17.21,Yes,12,122,30.09,global_mobile
12798,Japan,68,Male,Engineer,PhD,14458.03,6.71,99,1.09,1.94,3.71,1.23,2.95,7.35,1.32,79.49,4.8,1.7,6.98,Married,Yes,Urban,1.37,0.87,4G,OnePlus,No,2.5,25.53,Yes,20,83,87.4,global_mobile
12799,USA,46,Other,Doctor,Master's,24882.86,8.07,60,2.22,0.0,3.69,1.51,3.21,6.07,1.31,78.07,3.6,3.4,17.45,Married,No,Urban,1.3,0.63,WiFi,Samsung,Yes,7.5,23.32,No,13,92,65.96,global_mobile
12800,Germany,44,Male,Artist,PhD,15888.16,7.66,97,3.08,1.26,3.45,2.39,3.13,7.34,1.35,1.1,5.1,8.3,3.66,Single,Yes,Rural,1.32,1.09,WiFi,Huawei,Yes,7.5,27.58,Yes,12,103,69.8,global_mobile
12801,India,44,Other,Unemployed,Master's,31459.95,6.54,75,2.39,1.71,2.24,0.88,1.23,6.96,0.93,77.0,4.6,3.7,30.8,In Relationship,No,Rural,0.6,1.37,3G,Apple,Yes,5.5,27.13,Yes,19,134,75.38,global_mobile
12802,India,47,Male,Salesperson,Master's,42820.01,4.18,104,0.32,3.56,2.5,1.78,2.48,4.92,1.18,9.9,3.0,3.0,84.26,Single,Yes,Urban,2.16,0.58,4G,OnePlus,No,2.5,25.7,Yes,16,157,23.56,global_mobile
12803,Nigeria,22,Female,Student,Master's,16829.88,7.8,76,2.36,2.88,1.0,1.51,1.8,5.47,1.05,36.97,8.4,7.2,79.24,Married,Yes,Rural,1.1,0.01,3G,Apple,No,5.5,39.27,Yes,18,88,80.96,global_mobile
12804,USA,26,Female,Student,,48356.44,6.41,46,1.62,1.66,2.11,1.13,3.58,7.7,0.28,16.1,9.7,8.6,48.03,Single,No,Urban,2.01,1.1,5G,Apple,Yes,2.5,44.76,Yes,13,79,91.46,global_mobile
12805,Germany,68,Other,Engineer,,21191.46,3.53,65,1.76,2.07,2.51,0.85,0.95,6.83,1.22,62.05,5.4,9.2,71.25,Married,Yes,Urban,0.33,0.25,WiFi,OnePlus,Yes,5.5,42.2,No,16,120,31.7,global_mobile
12806,Japan,37,Other,Engineer,Master's,60353.42,8.2,72,1.7,2.43,2.94,1.09,1.86,6.01,1.2,55.27,6.1,7.0,75.25,Married,No,Urban,2.03,0.2,5G,Huawei,No,5.5,29.31,No,15,91,62.41,global_mobile
12807,Russia,32,Female,Student,Master's,3834.92,4.3,60,1.56,0.0,2.57,1.61,2.88,6.36,0.75,78.24,4.3,7.8,5.15,Divorced,Yes,Rural,0.85,0.58,4G,Samsung,No,5.5,23.04,Yes,13,92,87.74,global_mobile
12808,Japan,12,Male,Engineer,PhD,10397.49,1.96,89,3.2,2.3,2.95,1.29,0.72,6.36,0.61,34.81,1.3,8.0,36.75,In Relationship,No,Urban,1.08,0.95,WiFi,Huawei,Yes,7.5,26.42,Yes,19,72,48.87,global_mobile
12809,UK,67,Other,Engineer,Bachelor's,25581.52,5.02,45,4.47,2.59,0.88,1.29,2.05,7.08,1.24,75.37,3.3,2.3,94.53,Married,Yes,Urban,0.17,0.27,3G,Other,No,5.5,32.28,Yes,18,87,9.45,global_mobile
12810,Japan,69,Male,Engineer,Master's,22775.43,7.62,64,3.12,0.0,0.49,1.12,2.97,6.62,1.16,28.88,3.9,5.5,8.46,Single,No,Urban,0.88,1.08,WiFi,Apple,No,7.5,15.87,Yes,16,99,14.42,global_mobile
12811,Japan,51,Female,Unemployed,Master's,36082.95,8.91,101,2.09,0.14,2.33,0.27,1.34,6.61,0.29,27.23,1.5,1.9,77.32,Single,Yes,Rural,1.51,0.45,4G,Xiaomi,No,5.5,43.3,Yes,12,79,79.07,global_mobile
12812,Germany,33,Female,Manager,High School,61226.71,6.38,103,2.15,0.48,1.49,1.11,1.81,7.73,0.84,21.75,9.2,5.9,47.55,Single,No,Urban,0.0,0.58,3G,Huawei,No,7.5,32.07,Yes,9,116,23.7,global_mobile
12813,Russia,33,Other,Salesperson,High School,38126.65,6.67,71,2.28,1.85,0.92,2.26,3.07,4.98,0.98,56.24,2.3,2.5,49.12,Divorced,No,Rural,1.27,0.61,5G,Samsung,No,9.5,28.03,No,12,57,55.94,global_mobile
12814,Russia,32,Other,Engineer,PhD,33971.13,3.37,49,2.31,2.5,1.72,0.77,2.37,8.17,1.25,97.57,1.9,7.5,79.29,In Relationship,No,Urban,1.76,0.69,3G,Other,Yes,9.5,26.58,No,11,84,6.08,global_mobile
12815,Japan,37,Male,Engineer,High School,43674.6,3.76,84,1.89,1.44,2.56,1.78,1.73,6.23,1.24,60.33,0.2,2.8,62.2,Married,Yes,Urban,0.53,0.0,5G,Huawei,Yes,9.5,32.36,Yes,9,144,94.35,global_mobile
12816,Russia,61,Other,Doctor,Bachelor's,13191.35,5.04,72,2.38,0.53,1.88,1.77,1.5,5.75,1.64,73.58,3.4,6.8,17.15,Single,Yes,Rural,0.0,0.18,3G,Xiaomi,No,9.5,32.39,No,10,124,18.99,global_mobile
12817,Mexico,13,Other,Artist,High School,23504.63,6.22,113,3.0,2.28,0.99,1.76,2.5,5.43,0.76,96.13,4.5,4.4,66.63,Single,Yes,Rural,1.42,0.21,3G,Samsung,Yes,2.5,26.18,No,11,78,46.77,global_mobile
12818,Nigeria,23,Female,Student,High School,53577.89,7.23,71,1.27,1.51,2.55,2.13,2.69,7.47,0.94,64.72,2.7,4.3,9.43,Single,No,Urban,1.37,0.59,5G,OnePlus,No,5.5,22.89,Yes,14,42,49.79,global_mobile
12819,USA,63,Female,Salesperson,,11372.0,9.5,110,1.07,0.54,2.54,1.23,1.54,7.99,1.81,48.68,6.1,0.1,91.82,Married,No,Urban,2.1,1.02,5G,Other,Yes,2.5,18.87,Yes,17,45,2.06,global_mobile
12820,Russia,32,Male,Student,PhD,55075.85,7.9,65,2.31,0.0,0.0,0.94,2.87,7.88,0.74,1.91,5.7,9.1,23.91,In Relationship,No,Urban,0.71,0.6,WiFi,Xiaomi,No,9.5,29.33,No,12,94,30.87,global_mobile
12821,Germany,42,Other,Unemployed,High School,23379.9,3.35,87,2.21,2.71,0.84,2.15,1.83,5.61,0.35,41.29,0.6,8.4,37.66,Single,No,Rural,2.2,1.13,WiFi,Other,No,2.5,23.57,No,8,92,89.65,global_mobile
12822,Brazil,22,Other,Unemployed,High School,42938.14,5.93,125,1.73,0.99,0.23,0.13,1.09,7.59,1.94,25.56,5.3,7.5,21.71,Single,Yes,Rural,1.6,0.68,4G,OnePlus,Yes,9.5,10.58,Yes,8,105,96.0,global_mobile
12823,Mexico,12,Male,Artist,High School,14940.61,2.77,97,3.28,0.46,2.66,1.91,1.54,5.58,1.49,52.11,8.7,8.5,69.23,Single,No,Urban,2.04,1.64,3G,Samsung,No,9.5,30.98,No,13,118,22.43,global_mobile
12824,China,42,Other,Manager,,34215.81,7.54,41,0.81,0.0,2.24,1.02,2.02,6.59,0.82,92.15,8.9,0.3,29.05,Divorced,Yes,Rural,2.55,0.67,4G,Xiaomi,Yes,9.5,11.37,Yes,9,36,62.22,global_mobile
12825,Russia,65,Other,Engineer,High School,53835.31,2.42,43,0.89,0.0,3.16,0.59,1.26,6.32,0.8,28.42,8.2,7.4,41.42,In Relationship,No,Rural,1.36,0.67,WiFi,Huawei,Yes,7.5,29.24,No,19,91,65.74,global_mobile
12826,Brazil,19,Other,Teacher,Bachelor's,41260.64,2.95,74,2.14,0.99,0.0,1.55,1.78,6.19,0.77,61.21,0.2,6.9,15.69,In Relationship,No,Urban,3.09,0.37,5G,Xiaomi,No,9.5,20.74,Yes,19,68,28.61,global_mobile
12827,India,42,Male,Salesperson,Bachelor's,28057.82,6.7,59,1.69,0.35,1.65,1.36,2.25,6.2,0.84,92.97,8.0,6.3,11.43,Married,Yes,Urban,2.79,0.65,5G,Samsung,Yes,5.5,30.41,Yes,11,175,1.59,global_mobile
12828,Germany,19,Female,Doctor,,13116.06,1.86,68,2.51,0.95,0.82,1.84,2.91,6.61,0.57,81.86,1.1,3.3,51.3,Divorced,Yes,Rural,0.83,0.0,5G,Samsung,No,7.5,15.23,Yes,9,125,39.88,global_mobile
12829,China,62,Female,Manager,,26467.74,3.62,86,1.11,0.27,0.63,1.74,2.08,6.96,0.92,77.58,8.4,6.4,39.78,Single,Yes,Rural,2.16,1.1,4G,Apple,No,2.5,33.12,No,13,92,56.56,global_mobile
12830,Russia,34,Female,Engineer,Bachelor's,36424.7,4.1,47,0.0,2.62,1.56,1.67,0.77,6.32,1.14,78.34,3.8,1.9,46.54,In Relationship,Yes,Rural,1.67,1.54,5G,Other,No,5.5,19.78,Yes,9,103,39.16,global_mobile
12831,Germany,14,Male,Doctor,PhD,35112.64,4.41,52,0.95,1.76,1.3,1.86,2.69,7.04,1.59,56.01,2.2,6.4,80.19,Single,No,Rural,1.55,1.0,WiFi,Huawei,No,5.5,20.42,No,20,95,63.36,global_mobile
12832,Nigeria,23,Other,Salesperson,Bachelor's,28774.45,7.29,92,1.82,1.89,3.23,1.84,1.21,5.66,1.12,84.97,6.9,7.5,70.1,In Relationship,No,Urban,1.02,1.54,5G,Apple,Yes,7.5,6.28,No,15,131,7.58,global_mobile
12833,Nigeria,35,Male,Unemployed,High School,29266.77,3.79,35,1.73,1.72,2.37,1.29,2.39,5.72,0.5,73.87,4.3,2.1,68.35,Married,No,Urban,1.14,1.04,5G,Samsung,Yes,5.5,38.93,No,11,75,32.99,global_mobile
12834,Nigeria,70,Female,Student,Master's,21443.35,1.79,116,0.93,1.31,0.96,1.28,1.49,7.75,0.5,73.18,6.4,6.9,49.54,Divorced,Yes,Rural,1.71,0.79,WiFi,Apple,No,7.5,21.33,Yes,15,82,59.37,global_mobile
12835,USA,60,Other,Student,Bachelor's,36593.44,6.21,98,2.41,2.59,2.23,1.55,3.14,6.45,1.26,45.48,6.3,3.4,21.31,Married,No,Rural,1.37,0.63,5G,Other,No,5.5,31.47,Yes,15,124,96.81,global_mobile
12836,Mexico,34,Other,Student,Bachelor's,22305.88,9.59,76,2.14,1.37,2.42,0.72,1.06,5.6,0.6,14.56,3.0,3.2,67.87,Single,No,Rural,0.17,1.19,WiFi,Huawei,Yes,7.5,22.08,No,16,22,4.49,global_mobile
12837,Japan,67,Other,Artist,Master's,34391.93,5.13,87,2.2,1.06,1.08,0.97,2.81,6.02,1.5,65.59,4.3,7.9,80.48,Divorced,Yes,Rural,2.07,0.83,3G,Xiaomi,No,5.5,26.34,No,8,136,4.35,global_mobile
12838,India,18,Other,Teacher,PhD,61999.54,4.88,87,3.14,2.38,2.06,0.75,1.8,4.73,0.65,7.13,2.0,7.6,10.13,Single,No,Rural,1.48,1.3,3G,OnePlus,No,7.5,26.86,No,11,114,41.23,global_mobile
12839,USA,30,Female,Teacher,High School,836.19,4.87,88,3.08,1.84,0.68,1.85,2.22,6.66,1.19,34.61,0.8,0.9,50.76,Married,No,Urban,2.96,0.54,3G,Huawei,Yes,2.5,9.07,No,15,163,95.57,global_mobile
12840,Brazil,50,Female,Artist,High School,33515.28,5.32,82,1.6,2.72,2.57,1.37,2.44,7.43,1.11,59.1,9.9,5.5,57.3,Divorced,Yes,Urban,1.26,0.26,WiFi,Huawei,Yes,7.5,12.59,Yes,12,94,94.4,global_mobile
12841,UK,42,Female,Doctor,Master's,36026.88,4.62,104,2.41,2.84,1.13,1.82,0.93,8.15,1.16,10.38,3.5,8.7,41.3,Married,Yes,Rural,0.41,0.0,WiFi,Huawei,Yes,2.5,33.29,No,16,96,63.49,global_mobile
12842,Russia,64,Other,Teacher,Bachelor's,25861.34,4.88,100,2.69,1.59,2.53,1.68,0.46,5.81,1.72,1.59,9.0,9.3,61.6,Divorced,Yes,Urban,0.55,1.04,3G,Xiaomi,Yes,7.5,34.41,No,13,113,87.06,global_mobile
12843,China,52,Other,Engineer,,51189.33,1.21,93,2.27,1.32,2.3,1.0,2.92,7.35,0.67,4.91,6.2,5.1,57.89,Married,Yes,Urban,1.88,0.0,3G,Apple,No,2.5,12.22,Yes,20,95,71.38,global_mobile
12844,Japan,19,Other,Salesperson,PhD,10114.91,8.9,79,4.32,2.4,3.02,0.95,0.62,7.41,1.36,67.17,5.1,0.2,30.1,Divorced,No,Rural,1.16,1.1,5G,Other,No,7.5,28.94,No,13,69,16.07,global_mobile
12845,Nigeria,49,Other,Salesperson,,20727.67,2.62,71,1.91,3.2,2.5,1.55,1.52,5.7,1.03,13.13,2.4,7.4,70.65,Divorced,Yes,Urban,1.9,1.53,4G,Samsung,Yes,5.5,39.71,No,8,99,5.66,global_mobile
12846,Brazil,58,Male,Teacher,PhD,46843.46,0.0,92,2.99,1.46,1.84,2.11,1.35,6.11,1.19,31.23,3.9,3.7,48.78,In Relationship,Yes,Rural,1.21,0.81,4G,Huawei,Yes,9.5,31.6,Yes,19,116,62.87,global_mobile
12847,Japan,68,Male,Teacher,Master's,34751.99,5.33,75,0.0,2.01,2.78,1.55,3.17,6.7,1.14,5.29,1.4,1.4,45.24,Divorced,Yes,Rural,1.95,1.0,3G,Huawei,No,2.5,17.86,Yes,18,134,27.23,global_mobile
12848,Brazil,59,Female,Artist,High School,14773.12,1.66,51,1.32,3.05,2.02,2.04,3.24,5.58,0.53,20.09,6.0,5.2,95.31,Married,Yes,Urban,1.52,1.71,4G,Samsung,Yes,7.5,28.86,Yes,10,76,97.83,global_mobile
12849,Germany,20,Male,Unemployed,Bachelor's,48596.46,2.32,59,2.85,0.64,0.35,2.89,2.27,6.55,1.52,1.06,4.9,1.4,7.25,Single,Yes,Rural,0.68,1.2,WiFi,Samsung,No,2.5,15.51,No,11,124,28.41,global_mobile
12850,UK,67,Male,Engineer,PhD,62364.56,6.7,75,0.54,2.1,1.16,1.59,1.23,7.13,0.65,52.34,5.6,6.2,76.9,In Relationship,Yes,Urban,1.76,0.0,WiFi,Xiaomi,No,9.5,37.45,Yes,12,122,46.29,global_mobile
12851,USA,40,Female,Manager,Bachelor's,31444.48,9.1,91,3.84,0.62,1.37,1.69,2.91,6.08,1.2,12.92,2.0,6.0,13.93,Married,Yes,Rural,1.8,1.04,5G,OnePlus,No,7.5,8.28,Yes,20,105,94.15,global_mobile
12852,China,19,Male,Teacher,PhD,27547.33,6.29,48,3.24,0.0,2.48,0.74,1.16,6.38,1.48,88.55,2.5,2.9,41.04,Single,No,Rural,1.05,1.3,4G,Other,No,7.5,16.52,No,11,140,65.35,global_mobile
12853,Japan,27,Female,Engineer,PhD,34248.14,6.66,65,2.89,2.11,0.68,0.8,1.22,6.58,0.19,7.36,4.4,8.1,47.98,In Relationship,No,Rural,0.74,0.58,5G,OnePlus,No,2.5,24.96,Yes,20,79,75.22,global_mobile
12854,China,62,Other,Salesperson,Bachelor's,716.52,9.04,83,2.07,1.3,2.38,1.56,2.96,6.68,1.16,32.97,9.5,8.0,10.66,Divorced,Yes,Urban,2.18,0.6,3G,Other,No,9.5,8.14,No,11,83,64.93,global_mobile
12855,UK,27,Female,Unemployed,Master's,22223.86,6.13,83,0.89,1.05,1.92,0.72,1.51,6.31,1.3,55.03,0.6,5.5,92.96,Single,No,Urban,1.17,0.94,4G,OnePlus,Yes,9.5,38.16,No,19,105,58.62,global_mobile
12856,India,28,Male,Artist,Bachelor's,0.0,3.67,61,1.65,0.56,1.08,1.47,3.36,7.57,1.37,77.86,3.5,9.8,96.96,In Relationship,Yes,Rural,1.26,1.14,3G,Samsung,No,2.5,44.02,Yes,15,117,27.74,global_mobile
12857,India,69,Male,Artist,,18265.01,5.96,82,1.95,1.59,2.7,1.76,2.27,6.13,1.34,89.53,1.4,9.0,85.15,Single,Yes,Rural,1.21,0.73,5G,OnePlus,No,2.5,45.28,Yes,16,78,7.26,global_mobile
12858,Brazil,52,Female,Unemployed,High School,32624.3,8.95,78,1.79,2.47,2.64,1.74,2.16,4.83,0.73,39.12,9.5,5.1,7.51,Married,No,Urban,1.05,0.65,5G,Apple,Yes,5.5,12.71,No,9,95,21.41,global_mobile
12859,Germany,67,Male,Doctor,,63120.55,5.78,87,1.97,1.02,2.14,0.69,1.19,6.38,1.25,83.87,1.1,2.3,92.56,Divorced,Yes,Urban,0.72,0.6,3G,Samsung,Yes,5.5,15.45,Yes,14,134,59.29,global_mobile
12860,Nigeria,58,Female,Student,PhD,32082.11,5.17,103,2.92,2.32,1.71,1.39,2.65,6.3,0.82,4.59,1.6,2.0,6.15,In Relationship,Yes,Urban,2.81,0.54,3G,Samsung,No,5.5,24.63,No,19,125,4.87,global_mobile
12861,Brazil,32,Other,Engineer,Master's,38281.1,9.58,97,0.22,0.46,1.43,2.03,1.69,5.73,0.91,79.71,3.6,1.3,20.2,Divorced,No,Rural,1.48,0.43,5G,OnePlus,Yes,5.5,25.99,No,11,111,62.93,global_mobile
12862,Russia,37,Male,Manager,Bachelor's,35019.65,6.66,57,3.59,0.69,4.13,1.07,3.22,4.12,0.97,95.31,3.3,6.2,10.21,In Relationship,Yes,Rural,0.12,1.64,WiFi,Xiaomi,Yes,7.5,31.61,No,8,100,17.74,global_mobile
12863,Japan,57,Male,Artist,PhD,27860.47,6.05,83,2.9,0.32,0.64,1.95,3.16,7.26,0.47,57.56,5.6,6.1,59.43,Single,Yes,Rural,1.13,1.02,WiFi,Other,No,9.5,21.09,No,8,123,62.75,global_mobile
12864,Japan,33,Other,Salesperson,,33009.65,6.28,94,2.53,2.45,0.56,1.2,2.92,7.47,1.86,59.82,6.3,1.2,15.14,Married,No,Urban,0.69,0.69,3G,OnePlus,Yes,2.5,26.44,Yes,13,80,54.64,global_mobile
12865,UK,20,Male,Doctor,High School,41103.98,4.59,77,2.56,0.1,3.09,1.5,2.6,6.49,0.04,91.25,5.8,1.2,8.96,Divorced,No,Rural,1.55,0.73,3G,Apple,No,5.5,38.82,No,8,81,90.28,global_mobile
12866,Mexico,49,Female,Student,Master's,12827.01,7.18,96,2.71,1.84,2.77,1.25,2.37,6.83,0.65,84.8,6.7,0.3,61.73,Divorced,No,Rural,2.03,0.33,3G,Huawei,No,2.5,22.04,Yes,13,77,86.74,global_mobile
12867,USA,24,Other,Unemployed,PhD,13693.95,5.09,71,2.71,1.54,2.52,1.27,2.47,9.24,0.83,71.8,3.7,6.7,30.07,Married,Yes,Rural,0.27,0.72,5G,Samsung,Yes,2.5,14.49,Yes,10,122,28.68,global_mobile
12868,Russia,65,Female,Artist,High School,23450.81,4.94,67,0.31,2.73,0.81,1.65,2.78,6.49,1.87,56.85,8.7,6.1,25.56,In Relationship,No,Urban,0.61,1.52,4G,Huawei,No,9.5,33.33,Yes,14,108,32.06,global_mobile
12869,Mexico,69,Other,Doctor,High School,57178.21,7.2,55,1.82,2.43,4.2,1.22,1.8,7.45,1.24,5.15,0.8,9.9,7.76,Divorced,Yes,Urban,0.97,0.62,5G,Apple,Yes,2.5,24.66,Yes,11,96,85.76,global_mobile
12870,USA,36,Female,Artist,PhD,22857.8,6.53,89,3.0,1.22,1.81,2.07,2.11,5.14,1.28,60.23,6.2,4.9,7.92,Married,No,Urban,2.0,0.8,4G,OnePlus,Yes,2.5,19.75,No,11,136,46.06,global_mobile
12871,Japan,28,Male,Student,,33607.96,10.01,85,2.15,2.34,2.75,1.5,1.78,7.71,1.16,72.99,4.9,9.3,1.85,Married,No,Rural,0.65,1.9,5G,Xiaomi,Yes,7.5,19.38,No,15,132,92.81,global_mobile
12872,Germany,59,Male,Artist,,48589.28,3.9,99,2.11,1.73,2.38,1.09,3.73,8.06,1.42,65.93,1.3,7.6,88.64,Divorced,Yes,Urban,0.77,1.05,4G,OnePlus,No,7.5,34.57,No,17,36,73.18,global_mobile
12873,Germany,66,Female,Unemployed,,44305.33,6.3,81,3.12,2.8,3.22,1.97,2.92,7.13,0.72,32.52,6.9,0.8,88.39,Single,No,Urban,1.48,0.0,WiFi,OnePlus,Yes,7.5,42.86,Yes,9,114,96.27,global_mobile
12874,Nigeria,49,Other,Doctor,Bachelor's,39305.2,4.86,73,1.42,2.79,2.91,0.6,1.14,7.35,1.69,32.02,7.0,5.6,16.65,Divorced,Yes,Urban,0.39,0.41,4G,Xiaomi,No,5.5,17.04,Yes,14,150,97.03,global_mobile
12875,Germany,51,Female,Teacher,Bachelor's,24386.73,10.68,56,1.26,2.11,2.02,1.81,0.77,4.91,1.01,15.15,3.4,3.4,93.59,Single,No,Urban,0.2,1.06,3G,Samsung,Yes,7.5,36.13,No,11,108,58.74,global_mobile
12876,Japan,33,Female,Engineer,,34106.93,6.9,105,2.48,0.0,1.82,1.76,3.12,4.81,1.81,21.58,7.5,2.7,20.95,Married,Yes,Rural,0.85,1.43,3G,Samsung,No,9.5,17.48,Yes,17,110,23.95,global_mobile
12877,Russia,39,Male,Engineer,High School,21618.15,4.1,73,2.95,1.98,2.26,2.16,0.19,4.92,1.05,46.76,9.5,0.3,56.95,Divorced,No,Urban,1.98,0.36,5G,Samsung,Yes,7.5,22.68,Yes,20,84,17.99,global_mobile
12878,China,65,Female,Salesperson,Bachelor's,36385.96,8.6,54,2.75,1.86,1.47,1.24,1.26,6.03,0.91,48.6,5.2,2.2,1.75,In Relationship,Yes,Rural,2.1,1.15,4G,Huawei,No,7.5,18.71,Yes,20,84,15.7,global_mobile
12879,India,56,Other,Artist,PhD,21567.53,11.29,64,0.26,1.18,3.41,1.5,2.44,4.8,0.76,40.26,0.9,9.9,16.95,In Relationship,Yes,Rural,1.38,1.26,WiFi,Apple,Yes,2.5,31.34,Yes,17,133,48.03,global_mobile
12880,UK,19,Male,Salesperson,High School,36517.32,3.4,124,1.37,2.88,3.69,1.83,3.34,7.69,0.8,61.54,7.5,9.0,72.65,Divorced,Yes,Urban,0.61,0.65,3G,Other,No,9.5,14.47,Yes,14,97,68.09,global_mobile
12881,Nigeria,53,Female,Engineer,Master's,50824.52,5.36,75,0.51,2.24,2.19,1.36,0.72,3.52,0.2,2.89,9.0,1.6,26.76,Single,No,Rural,1.05,0.06,5G,Other,No,2.5,19.0,No,20,138,23.52,global_mobile
12882,Nigeria,40,Female,Engineer,High School,20479.9,4.62,67,0.19,1.58,3.05,0.51,4.21,6.68,1.47,47.28,9.9,8.4,42.24,Divorced,No,Urban,0.39,1.15,WiFi,Xiaomi,Yes,5.5,31.25,Yes,19,80,33.09,global_mobile
12883,UK,30,Other,Manager,Master's,0.0,5.69,72,1.74,1.27,1.03,1.8,1.66,6.84,1.37,15.37,1.7,3.8,59.02,Married,No,Urban,1.04,0.68,3G,OnePlus,No,9.5,33.0,Yes,10,91,71.1,global_mobile
12884,Russia,27,Female,Unemployed,PhD,32058.62,8.73,73,1.82,3.54,1.8,1.72,3.09,6.66,1.65,31.82,1.4,3.7,50.2,Divorced,No,Urban,1.89,0.54,WiFi,Other,Yes,5.5,29.25,No,16,121,92.45,global_mobile
12885,Germany,35,Female,Engineer,PhD,18223.91,6.72,76,2.23,0.7,2.18,1.71,2.3,6.76,0.67,78.55,8.1,5.6,84.6,In Relationship,Yes,Urban,0.47,1.18,3G,Samsung,Yes,9.5,13.71,Yes,10,90,16.98,global_mobile
12886,Brazil,42,Other,Artist,Bachelor's,46480.25,8.6,78,1.7,2.34,1.81,1.68,1.66,6.1,1.24,75.4,5.1,6.1,97.63,Single,No,Rural,0.9,0.33,WiFi,Xiaomi,Yes,9.5,10.67,Yes,15,96,75.37,global_mobile
12887,Mexico,21,Male,Engineer,High School,30453.65,6.17,90,1.76,1.68,3.21,1.49,2.9,6.09,1.05,28.75,4.5,2.1,23.9,Married,No,Urban,1.54,1.2,5G,Other,Yes,2.5,27.33,No,19,116,69.16,global_mobile
12888,Germany,34,Male,Artist,,45585.98,4.28,95,0.0,0.2,3.12,1.73,1.81,9.08,0.32,25.32,8.4,2.7,71.85,Married,Yes,Rural,0.97,0.59,WiFi,Apple,Yes,2.5,30.81,No,9,35,93.43,global_mobile
12889,Mexico,56,Other,Doctor,Bachelor's,19049.92,5.55,64,2.21,1.19,0.99,1.48,1.1,7.77,0.84,62.42,1.0,4.9,67.46,Married,Yes,Rural,1.86,0.73,WiFi,OnePlus,No,2.5,37.54,No,16,39,36.06,global_mobile
12890,Mexico,61,Other,Engineer,Bachelor's,29320.72,7.8,105,2.63,3.24,0.94,1.07,1.35,7.21,0.6,56.82,5.2,1.8,89.76,Single,No,Urban,0.95,0.7,3G,Other,No,2.5,28.65,No,8,99,56.18,global_mobile
12891,USA,54,Female,Artist,,27701.71,6.43,75,1.48,1.19,3.52,1.18,0.94,6.28,1.56,0.73,6.3,9.1,72.99,Married,Yes,Urban,2.46,0.91,5G,Xiaomi,No,7.5,24.03,Yes,17,113,55.44,global_mobile
12892,Japan,13,Other,Unemployed,PhD,43421.86,3.6,78,2.16,1.81,0.0,1.54,1.83,7.64,0.66,88.85,2.2,0.2,68.26,In Relationship,No,Rural,2.22,0.98,4G,OnePlus,Yes,5.5,35.76,Yes,19,61,83.94,global_mobile
12893,USA,17,Other,Student,Master's,37238.23,7.39,69,3.05,0.91,0.18,0.81,2.18,6.86,1.81,12.14,8.0,0.2,63.91,In Relationship,Yes,Urban,0.4,1.53,WiFi,Apple,Yes,2.5,7.68,Yes,19,84,14.3,global_mobile
12894,UK,37,Male,Teacher,Master's,39653.66,10.44,71,2.85,0.0,0.79,1.82,3.36,6.53,0.0,18.07,1.0,7.8,41.57,Single,No,Rural,1.23,0.85,4G,Other,No,5.5,15.52,No,9,99,49.03,global_mobile
12895,India,13,Other,Engineer,PhD,14164.62,9.07,110,2.47,2.3,1.62,1.85,1.63,8.44,1.29,21.71,9.1,7.6,90.65,Married,Yes,Urban,2.05,0.84,WiFi,Xiaomi,Yes,5.5,19.88,Yes,11,142,63.13,global_mobile
12896,India,18,Female,Student,High School,47097.8,5.37,87,3.54,2.97,3.48,1.97,2.57,5.17,1.12,54.62,5.7,2.1,3.27,Married,No,Urban,1.82,0.26,WiFi,Other,No,5.5,30.58,No,14,154,34.88,global_mobile
12897,Nigeria,66,Female,Unemployed,PhD,10356.68,5.96,89,2.21,0.6,1.42,1.23,1.76,6.45,1.27,6.42,6.8,5.4,40.31,Divorced,Yes,Urban,2.45,0.53,5G,OnePlus,Yes,7.5,35.28,No,18,153,31.57,global_mobile
12898,India,12,Other,Artist,High School,41692.09,7.58,66,0.0,2.3,2.1,1.31,1.77,6.51,1.05,34.96,0.0,0.3,2.1,Single,No,Urban,2.21,0.61,WiFi,Samsung,No,7.5,26.19,No,11,128,58.04,global_mobile
12899,Russia,50,Male,Artist,Master's,23938.35,9.3,104,1.67,0.0,1.5,0.98,1.44,6.65,1.26,12.17,6.1,6.9,75.45,Married,Yes,Urban,2.21,1.72,3G,Huawei,No,7.5,24.56,Yes,15,123,84.25,global_mobile
12900,Nigeria,53,Male,Unemployed,Master's,18628.66,4.49,62,2.74,0.0,2.23,2.52,0.44,7.23,1.43,57.08,9.5,5.2,19.65,In Relationship,No,Rural,2.57,1.08,4G,Apple,No,7.5,27.48,Yes,20,171,86.61,global_mobile
12901,Japan,13,Male,Doctor,High School,24436.94,7.54,121,0.71,0.93,3.14,1.57,1.83,7.47,0.2,65.62,8.4,2.3,74.76,Single,Yes,Rural,0.35,1.56,5G,Xiaomi,No,2.5,31.75,No,15,51,78.01,global_mobile
12902,USA,64,Other,Engineer,,24818.3,5.42,72,3.93,0.45,3.1,1.05,2.06,5.05,0.85,77.96,7.9,3.5,93.51,Married,No,Rural,0.99,1.15,5G,Huawei,No,5.5,18.37,Yes,14,102,31.2,global_mobile
12903,Brazil,21,Male,Student,PhD,38040.28,3.87,72,0.54,1.54,0.61,1.81,1.57,5.86,1.92,32.28,0.1,2.5,18.46,Divorced,No,Rural,1.17,0.65,3G,Apple,No,5.5,36.58,No,19,38,63.95,global_mobile
12904,USA,62,Male,Teacher,PhD,15746.79,4.2,43,2.22,1.39,0.66,1.15,0.9,7.38,0.2,60.5,3.6,7.4,27.64,Divorced,Yes,Rural,0.89,1.17,3G,Apple,No,9.5,29.43,No,8,104,3.93,global_mobile
12905,China,58,Female,Engineer,,34150.42,6.54,74,1.19,2.44,1.41,2.31,1.74,6.78,1.36,75.11,4.2,9.1,88.87,In Relationship,Yes,Urban,1.1,1.08,4G,Xiaomi,Yes,2.5,0.0,No,17,107,95.09,global_mobile
12906,India,69,Other,Student,High School,34818.52,9.28,83,2.3,2.83,2.69,2.12,3.28,6.84,0.94,65.77,5.6,4.2,93.46,In Relationship,Yes,Urban,2.64,0.0,3G,Apple,No,2.5,25.99,Yes,17,49,15.94,global_mobile
12907,UK,18,Other,Engineer,Master's,28917.9,6.08,91,1.35,1.66,1.09,2.0,1.93,7.43,1.16,94.39,0.2,8.4,92.12,In Relationship,No,Urban,0.96,1.84,WiFi,Samsung,Yes,2.5,33.67,Yes,19,114,64.23,global_mobile
12908,India,47,Male,Teacher,Bachelor's,22519.93,6.05,129,0.8,0.52,0.76,1.54,2.99,4.38,1.89,97.14,4.1,7.3,96.52,Single,No,Rural,1.57,0.11,3G,Other,No,2.5,32.32,No,12,110,22.44,global_mobile
12909,Russia,30,Male,Student,High School,21023.09,8.32,70,1.16,0.0,1.07,1.72,1.75,5.58,1.38,37.82,5.7,7.0,16.6,In Relationship,Yes,Urban,0.4,0.48,4G,Huawei,No,5.5,30.24,Yes,13,139,96.26,global_mobile
12910,Nigeria,16,Other,Artist,PhD,5478.63,8.06,101,2.11,0.48,2.27,1.32,1.9,8.22,1.41,0.45,8.7,1.1,2.2,In Relationship,Yes,Rural,1.92,1.35,3G,Huawei,No,7.5,38.07,No,12,84,32.59,global_mobile
12911,Russia,14,Female,Salesperson,Master's,33481.38,6.61,108,0.83,1.36,1.7,1.81,3.73,6.63,1.3,77.67,4.4,9.0,58.62,Divorced,Yes,Urban,1.69,0.48,5G,Other,No,7.5,23.83,Yes,8,73,88.52,global_mobile
12912,USA,18,Female,Unemployed,,42988.33,7.46,52,2.38,3.14,1.68,2.12,3.54,6.72,1.21,27.22,5.6,7.3,14.63,Single,Yes,Urban,0.51,0.82,4G,Samsung,No,2.5,28.54,No,18,110,54.71,global_mobile
12913,China,33,Other,Engineer,High School,49953.84,7.68,104,1.83,1.59,2.33,1.5,1.56,7.41,1.17,17.69,4.7,9.1,38.99,In Relationship,No,Urban,1.84,0.61,4G,Samsung,Yes,7.5,46.03,Yes,10,106,58.04,global_mobile
12914,UK,41,Male,Artist,,46220.94,6.24,61,0.99,0.73,5.0,1.97,1.48,6.51,0.34,42.8,7.2,5.3,73.43,Married,No,Urban,1.48,0.55,5G,Xiaomi,No,9.5,7.25,No,15,116,68.22,global_mobile
12915,China,33,Male,Student,,39358.88,7.54,99,1.96,1.38,1.66,0.11,2.13,7.59,1.52,82.34,3.0,5.6,69.12,Divorced,Yes,Rural,2.79,0.47,5G,OnePlus,Yes,7.5,17.2,Yes,8,32,52.04,global_mobile
12916,Brazil,33,Other,Doctor,PhD,2446.27,7.26,82,4.31,0.0,2.94,2.44,2.47,3.73,1.57,35.59,5.7,6.9,19.13,In Relationship,No,Urban,2.37,1.18,4G,Huawei,Yes,7.5,20.67,No,12,106,57.92,global_mobile
12917,Germany,26,Male,Salesperson,High School,25008.08,2.08,61,2.27,3.39,2.83,1.73,1.61,6.1,0.61,35.23,5.4,0.4,81.94,In Relationship,No,Rural,1.43,0.62,WiFi,Xiaomi,No,9.5,14.21,Yes,17,110,21.22,global_mobile
12918,Japan,19,Female,Teacher,Master's,37170.13,7.36,59,3.33,1.75,2.28,1.06,0.0,5.16,0.87,28.75,7.0,1.6,2.78,Divorced,Yes,Rural,1.31,0.03,3G,OnePlus,Yes,5.5,24.55,No,18,97,97.9,global_mobile
12919,Germany,24,Female,Artist,Master's,38377.42,8.58,100,0.57,0.52,0.7,1.48,1.65,7.36,0.75,95.28,3.3,3.1,68.55,Divorced,Yes,Urban,1.99,1.05,WiFi,Other,No,9.5,41.72,No,20,87,59.02,global_mobile
12920,UK,20,Male,Unemployed,,39411.3,5.37,53,1.7,1.5,0.84,1.29,2.82,5.4,1.1,68.9,8.7,9.5,31.37,Married,Yes,Urban,1.56,1.39,4G,Huawei,Yes,7.5,16.81,Yes,10,159,94.26,global_mobile
12921,Russia,37,Male,Doctor,Bachelor's,28704.95,6.43,89,0.46,2.84,2.44,0.09,0.93,7.27,1.18,23.28,2.0,3.3,36.45,Single,Yes,Urban,2.18,0.18,5G,Samsung,Yes,5.5,17.27,Yes,8,102,55.51,global_mobile
12922,Germany,60,Female,Student,Master's,35981.83,4.46,70,1.62,1.44,3.0,0.55,2.32,5.53,0.86,56.02,0.2,3.9,35.28,Single,No,Urban,0.5,1.26,4G,OnePlus,Yes,2.5,28.68,Yes,12,104,73.43,global_mobile
12923,India,17,Other,Engineer,Master's,36252.13,4.1,91,3.7,0.0,1.01,1.35,1.7,6.55,0.93,80.35,6.6,7.5,35.36,Single,Yes,Urban,2.08,0.93,3G,Other,No,5.5,31.91,Yes,17,104,66.15,global_mobile
12924,Germany,19,Other,Student,Bachelor's,23773.36,6.3,101,1.13,0.11,1.34,1.94,1.78,6.11,1.47,30.01,3.9,7.6,26.74,Married,Yes,Urban,0.8,1.8,4G,Samsung,No,9.5,19.02,No,13,119,6.48,global_mobile
12925,USA,49,Other,Engineer,High School,25893.76,4.77,39,2.81,0.0,1.41,1.65,1.55,6.24,1.58,0.52,5.7,2.8,78.26,Married,No,Rural,1.53,0.95,WiFi,Xiaomi,Yes,5.5,43.55,Yes,15,86,32.29,global_mobile
12926,Mexico,32,Male,Doctor,High School,47885.14,5.09,106,2.61,0.9,3.63,1.44,1.51,5.76,0.63,97.05,7.3,8.9,76.74,Divorced,Yes,Rural,0.85,0.79,3G,Samsung,No,2.5,10.89,Yes,8,165,79.25,global_mobile
12927,USA,23,Other,Manager,Master's,24916.42,4.86,131,1.46,1.33,2.57,1.49,0.0,7.51,0.47,59.72,5.2,1.1,35.61,Married,No,Urban,0.75,0.21,4G,Other,Yes,9.5,25.74,No,18,80,5.37,global_mobile
12928,Mexico,26,Other,Salesperson,Bachelor's,22744.73,5.12,51,1.89,1.89,2.22,1.51,2.51,5.97,1.46,80.57,9.6,4.1,53.23,Divorced,No,Urban,1.61,0.1,4G,Samsung,Yes,5.5,26.02,Yes,14,55,39.13,global_mobile
12929,Nigeria,70,Male,Manager,,17134.85,7.49,30,3.24,2.4,1.37,1.47,3.69,6.48,1.41,63.96,1.2,4.0,30.69,In Relationship,No,Rural,1.27,1.77,4G,OnePlus,No,9.5,20.49,Yes,16,87,77.5,global_mobile
12930,Nigeria,26,Male,Manager,High School,7159.71,4.21,52,1.93,0.64,2.17,0.3,2.63,5.65,0.74,83.31,1.6,8.3,18.44,Divorced,No,Urban,2.46,0.93,4G,Samsung,No,2.5,31.19,Yes,16,93,87.15,global_mobile
12931,Germany,39,Other,Manager,,12961.48,5.29,70,2.67,1.05,1.89,1.32,3.63,7.23,0.93,76.83,7.8,0.7,40.71,Divorced,No,Rural,1.88,0.13,3G,Xiaomi,Yes,5.5,7.38,No,17,70,60.33,global_mobile
12932,Germany,30,Male,Salesperson,Bachelor's,31661.88,6.64,89,0.24,2.36,1.34,2.17,2.03,6.39,1.49,90.3,0.9,9.0,33.53,In Relationship,Yes,Urban,0.97,0.56,4G,OnePlus,Yes,9.5,31.29,No,8,90,52.7,global_mobile
12933,USA,39,Other,Artist,,10953.61,8.51,92,0.83,1.98,3.65,0.63,1.96,7.42,0.0,12.26,3.3,4.0,17.8,Married,No,Rural,0.43,1.2,3G,Apple,No,7.5,12.11,No,15,109,14.96,global_mobile
12934,Mexico,46,Other,Engineer,,25127.75,4.76,138,0.87,2.16,0.61,2.07,1.49,5.75,0.6,4.07,8.0,2.5,6.85,Divorced,No,Urban,1.37,1.53,5G,Other,No,7.5,13.47,No,17,82,34.79,global_mobile
12935,USA,46,Male,Teacher,High School,45357.85,3.07,112,2.7,0.12,2.08,1.54,2.02,6.86,1.38,39.95,3.0,4.6,29.37,Married,Yes,Rural,1.92,0.77,3G,Xiaomi,Yes,2.5,40.54,Yes,14,111,20.23,global_mobile
12936,Brazil,26,Male,Unemployed,Bachelor's,38351.33,4.99,51,3.21,1.31,2.92,1.79,1.61,5.4,1.44,54.03,4.3,6.3,22.98,Divorced,Yes,Urban,0.0,0.0,3G,Huawei,No,2.5,14.65,No,14,70,50.8,global_mobile
12937,USA,65,Male,Teacher,High School,66430.68,6.2,87,4.02,2.24,1.8,2.09,3.33,9.09,0.6,50.48,8.0,6.9,78.51,In Relationship,Yes,Rural,1.21,1.08,3G,Apple,No,5.5,33.06,No,12,113,77.64,global_mobile
12938,Mexico,20,Other,Artist,High School,0.0,7.27,50,1.62,1.03,1.62,1.66,1.81,5.67,1.55,17.44,6.5,9.9,44.29,In Relationship,No,Urban,1.14,1.27,4G,Apple,Yes,7.5,18.13,No,19,111,30.11,global_mobile
12939,Brazil,56,Female,Doctor,PhD,0.0,5.41,41,1.8,1.67,1.73,1.47,3.85,7.8,1.71,63.15,5.2,3.0,97.14,In Relationship,No,Urban,1.97,1.14,4G,Samsung,No,5.5,15.16,Yes,9,85,85.35,global_mobile
12940,Mexico,28,Male,Teacher,PhD,43279.81,1.63,86,1.55,2.37,0.91,2.0,1.79,5.8,1.05,94.48,1.1,7.6,94.41,In Relationship,Yes,Rural,1.75,0.96,5G,Other,Yes,5.5,54.64,Yes,10,107,55.74,global_mobile
12941,India,47,Female,Teacher,High School,23025.26,5.14,86,2.02,0.66,1.73,1.48,0.37,7.41,0.12,20.43,0.8,10.0,37.2,Married,Yes,Urban,0.18,2.13,4G,Other,Yes,7.5,42.96,No,12,99,31.13,global_mobile
12942,India,29,Female,Teacher,High School,30236.06,5.15,45,2.49,0.0,4.07,2.34,2.91,4.35,1.03,16.41,1.2,9.0,39.64,In Relationship,Yes,Urban,1.04,1.34,3G,Huawei,Yes,9.5,10.66,No,19,128,3.11,global_mobile
12943,USA,22,Male,Unemployed,PhD,39196.32,3.29,56,1.07,0.94,1.01,0.8,1.39,6.81,0.44,22.62,3.9,6.4,36.21,In Relationship,No,Urban,0.85,0.36,5G,Other,No,2.5,37.48,No,9,141,13.09,global_mobile
12944,Mexico,32,Other,Engineer,High School,27613.9,11.55,142,3.0,0.63,2.54,1.72,3.89,7.69,1.26,47.47,1.8,8.2,11.32,In Relationship,No,Urban,0.87,0.61,5G,OnePlus,Yes,7.5,37.46,Yes,16,54,90.21,global_mobile
12945,Russia,21,Male,Unemployed,PhD,16705.95,5.23,100,1.25,2.84,0.39,1.91,1.69,7.52,0.66,39.79,6.0,2.3,71.05,Single,Yes,Rural,1.04,0.79,4G,Xiaomi,Yes,5.5,17.4,No,15,77,76.6,global_mobile
12946,India,15,Other,Artist,Bachelor's,6102.51,8.65,106,1.38,1.2,0.0,2.37,1.74,6.82,1.92,86.92,0.7,9.8,2.78,Divorced,No,Rural,1.8,0.95,5G,Huawei,No,9.5,0.56,No,20,110,76.38,global_mobile
12947,USA,57,Other,Unemployed,PhD,19854.38,9.72,98,2.16,1.86,0.52,1.06,3.34,6.47,1.15,2.33,9.8,4.1,89.19,Divorced,No,Rural,3.57,0.11,4G,Samsung,Yes,2.5,21.41,No,16,95,3.2,global_mobile
12948,Nigeria,16,Female,Doctor,Bachelor's,43250.02,7.79,106,2.77,1.83,1.69,0.94,1.7,5.37,1.33,9.61,9.9,4.7,90.55,Divorced,No,Urban,2.18,0.36,5G,Apple,Yes,2.5,21.01,Yes,19,71,14.81,global_mobile
12949,Japan,56,Male,Artist,Master's,18561.99,7.22,81,4.06,3.2,2.98,1.3,1.34,4.73,0.84,62.96,6.3,3.3,99.28,Married,Yes,Urban,0.53,0.9,WiFi,Samsung,No,9.5,29.98,Yes,12,60,70.92,global_mobile
12950,Nigeria,52,Other,Manager,,0.0,6.53,99,3.3,1.01,2.17,1.38,2.65,6.47,1.03,7.35,5.3,3.0,64.9,Single,Yes,Rural,2.87,0.35,3G,OnePlus,Yes,7.5,16.45,Yes,19,101,36.39,global_mobile
12951,Russia,61,Male,Engineer,Bachelor's,52558.8,6.78,54,1.58,2.56,2.36,1.04,2.18,7.1,0.3,97.2,3.8,4.2,72.62,In Relationship,No,Rural,2.33,0.0,4G,Other,Yes,2.5,35.19,No,17,64,46.92,global_mobile
12952,Brazil,61,Male,Teacher,Master's,49757.9,5.81,90,1.18,1.43,1.8,1.58,1.18,8.25,0.0,66.62,8.9,3.4,87.42,Single,No,Rural,0.65,0.74,5G,OnePlus,No,5.5,32.46,No,9,85,78.27,global_mobile
12953,Germany,16,Female,Unemployed,Master's,2076.48,9.61,84,3.11,1.06,0.16,1.61,1.17,6.22,1.12,33.73,8.9,9.0,38.19,In Relationship,No,Rural,0.61,0.0,5G,Xiaomi,Yes,7.5,27.56,Yes,14,89,92.95,global_mobile
12954,India,20,Other,Unemployed,High School,43098.68,7.19,31,2.21,2.36,3.62,1.21,3.62,7.52,0.95,4.17,7.5,2.5,77.79,Married,No,Urban,1.73,0.95,3G,Other,Yes,5.5,26.66,Yes,11,96,19.44,global_mobile
12955,Japan,13,Male,Salesperson,PhD,31415.2,4.21,74,2.37,3.24,2.96,1.78,3.5,4.23,0.75,28.6,8.6,3.3,39.82,Single,Yes,Urban,2.77,1.71,4G,Samsung,Yes,5.5,22.9,No,8,27,0.27,global_mobile
12956,China,57,Male,Engineer,,44837.51,8.46,73,1.04,2.78,1.0,1.29,0.51,7.15,1.28,29.16,2.3,9.5,90.37,Single,Yes,Rural,1.66,1.72,4G,Samsung,No,5.5,32.02,No,16,82,27.33,global_mobile
12957,China,14,Female,Unemployed,High School,35887.47,8.24,61,3.82,0.38,2.82,0.38,0.61,6.88,0.75,93.72,0.9,0.8,69.88,Married,No,Urban,2.59,0.97,3G,Samsung,No,7.5,42.0,Yes,11,95,65.11,global_mobile
12958,Mexico,35,Female,Unemployed,Bachelor's,35656.92,8.74,82,2.22,0.85,1.4,1.25,1.4,5.62,1.05,97.9,6.5,9.4,73.27,Married,Yes,Urban,1.82,0.46,5G,Other,No,7.5,44.05,Yes,9,97,68.72,global_mobile
12959,UK,22,Male,Unemployed,Master's,21275.01,5.18,66,2.47,3.71,2.84,2.11,1.74,5.97,1.2,35.62,0.7,5.6,21.88,Married,Yes,Rural,2.63,0.0,5G,Huawei,No,5.5,21.95,Yes,9,115,92.19,global_mobile
12960,Germany,19,Female,Unemployed,Master's,12122.0,4.59,94,1.91,2.35,2.19,1.62,1.55,7.93,0.6,4.12,4.0,1.2,87.32,Divorced,No,Rural,2.1,0.65,4G,Xiaomi,No,2.5,26.54,No,16,117,97.29,global_mobile
12961,Nigeria,29,Male,Student,PhD,17049.36,6.49,69,2.68,1.68,1.88,2.07,1.29,5.36,1.19,19.46,4.3,0.8,36.41,Single,Yes,Rural,1.31,1.02,5G,OnePlus,No,2.5,36.2,No,16,100,75.87,global_mobile
12962,Mexico,51,Female,Teacher,PhD,64289.25,6.82,84,2.0,2.79,1.62,2.14,3.55,5.74,0.65,35.89,7.2,6.9,97.56,In Relationship,Yes,Rural,0.93,0.81,5G,Samsung,No,7.5,23.15,Yes,14,120,38.12,global_mobile
12963,Germany,36,Male,Manager,Bachelor's,26341.16,7.85,39,1.49,1.85,0.96,2.06,2.33,5.99,0.64,56.38,9.9,2.3,55.02,Single,No,Rural,1.82,0.0,4G,OnePlus,No,2.5,20.54,No,9,21,65.17,global_mobile
12964,Russia,37,Other,Manager,PhD,25211.47,9.18,66,2.72,0.16,3.91,1.88,4.71,6.79,0.0,53.74,7.4,3.9,86.93,Divorced,No,Urban,1.56,0.0,4G,Apple,Yes,2.5,21.08,No,14,56,38.95,global_mobile
12965,Russia,27,Male,Engineer,Bachelor's,45116.31,6.97,76,0.69,2.25,0.84,0.46,3.85,4.81,0.52,53.8,8.2,2.0,30.83,Divorced,Yes,Urban,2.79,1.86,3G,OnePlus,No,2.5,4.77,Yes,12,102,99.17,global_mobile
12966,Nigeria,20,Other,Unemployed,Bachelor's,20319.05,0.78,55,1.57,1.39,2.77,1.2,1.68,7.09,1.62,39.16,0.8,0.3,35.98,Single,No,Rural,1.83,1.11,WiFi,Huawei,No,5.5,28.46,Yes,12,89,50.3,global_mobile
12967,USA,44,Female,Doctor,,14202.92,6.41,92,3.07,1.8,0.09,1.43,2.19,5.2,0.93,56.4,6.6,3.5,3.45,Married,No,Urban,3.41,0.32,4G,Xiaomi,No,2.5,14.15,Yes,12,101,58.48,global_mobile
12968,Germany,31,Other,Manager,PhD,71271.66,5.93,57,0.77,0.86,1.53,1.21,2.89,7.02,1.24,68.34,9.7,9.5,71.53,Divorced,Yes,Urban,0.3,0.32,5G,Other,No,2.5,31.34,No,12,123,94.13,global_mobile
12969,UK,24,Female,Student,Master's,26282.02,1.95,94,3.0,0.74,2.14,1.84,1.74,4.82,0.63,56.14,3.4,4.4,43.19,In Relationship,No,Urban,1.27,0.61,WiFi,Samsung,No,7.5,11.99,Yes,20,174,56.59,global_mobile
12970,Mexico,49,Male,Unemployed,,40520.88,6.14,72,2.44,0.79,1.22,1.94,0.91,6.16,0.59,56.98,0.7,7.8,63.41,In Relationship,No,Rural,1.78,1.21,3G,OnePlus,Yes,9.5,11.24,Yes,16,93,86.07,global_mobile
12971,Japan,21,Male,Student,Master's,43282.44,4.65,77,2.17,2.96,3.62,2.1,3.04,7.27,1.22,21.63,4.0,6.2,86.54,In Relationship,Yes,Urban,1.82,2.38,5G,Apple,No,5.5,20.8,Yes,9,51,67.69,global_mobile
12972,UK,35,Female,Teacher,Master's,39119.01,5.99,58,2.19,2.03,2.08,0.6,0.55,7.22,1.09,53.02,0.4,9.7,79.15,Married,Yes,Urban,1.11,1.09,5G,OnePlus,Yes,9.5,33.61,Yes,12,49,84.97,global_mobile
12973,Russia,17,Male,Unemployed,High School,23301.65,6.15,62,0.38,1.59,0.84,1.07,1.34,5.22,0.95,29.01,8.1,4.8,17.89,Married,No,Urban,0.53,0.48,4G,Apple,Yes,5.5,23.78,Yes,19,78,90.78,global_mobile
12974,UK,39,Male,Doctor,Bachelor's,27117.43,3.85,157,1.06,1.17,2.98,2.15,4.23,5.97,0.71,40.66,5.4,1.4,92.79,Married,Yes,Rural,0.56,1.38,4G,Xiaomi,No,9.5,33.18,No,13,155,43.4,global_mobile
12975,Brazil,70,Male,Salesperson,Bachelor's,36069.44,7.75,104,1.89,1.47,3.59,1.63,2.03,5.05,0.27,32.44,2.8,8.9,66.18,Married,Yes,Rural,0.0,0.77,4G,Other,No,5.5,21.84,No,13,116,55.65,global_mobile
12976,Japan,41,Female,Unemployed,Master's,30020.1,4.18,93,1.01,1.39,0.74,1.44,3.48,6.18,0.46,0.07,0.3,5.4,28.16,Single,No,Rural,0.59,0.3,4G,Xiaomi,No,9.5,21.89,Yes,12,104,2.04,global_mobile
12977,China,36,Male,Unemployed,Bachelor's,13352.45,5.8,81,2.6,2.15,2.1,2.47,2.83,6.39,1.78,42.06,6.7,4.7,51.56,Single,No,Rural,1.01,0.43,5G,OnePlus,No,5.5,33.66,No,20,32,27.68,global_mobile
12978,Russia,24,Other,Engineer,,40285.45,4.45,116,3.18,0.0,1.09,1.5,1.29,6.47,1.34,76.08,9.4,7.2,77.06,Divorced,No,Rural,0.34,1.21,5G,Other,Yes,2.5,25.78,No,19,88,60.12,global_mobile
12979,Mexico,43,Other,Student,Master's,19592.8,9.37,89,2.0,0.63,2.2,1.63,2.7,7.78,1.26,52.74,7.0,7.1,98.44,In Relationship,No,Rural,1.3,0.82,3G,OnePlus,Yes,5.5,38.61,No,15,81,95.62,global_mobile
12980,Mexico,39,Male,Unemployed,High School,50069.7,6.64,91,0.55,1.19,2.42,1.16,0.74,5.82,1.71,8.05,1.0,1.7,60.21,Divorced,Yes,Urban,1.75,1.07,4G,OnePlus,No,9.5,11.25,No,20,86,74.44,global_mobile
12981,Russia,33,Female,Student,,21667.7,5.61,39,1.74,0.4,1.35,0.89,1.09,5.61,0.08,14.15,5.9,9.7,38.14,In Relationship,No,Rural,1.95,0.53,5G,Apple,No,7.5,24.32,No,16,112,27.19,global_mobile
12982,China,28,Female,Teacher,PhD,20970.75,3.55,80,0.26,0.23,3.2,1.6,1.94,6.66,0.78,74.25,4.4,5.3,71.0,Married,No,Rural,1.58,1.52,5G,Apple,Yes,5.5,33.45,Yes,17,120,80.82,global_mobile
12983,Germany,41,Other,Student,PhD,42480.31,5.72,51,2.28,1.77,3.76,2.08,1.1,4.93,0.24,1.31,2.7,3.0,27.72,Divorced,No,Urban,1.42,0.0,4G,OnePlus,Yes,2.5,18.77,No,18,62,94.17,global_mobile
12984,China,63,Male,Teacher,Master's,30625.83,4.37,89,0.92,0.97,3.29,0.46,0.0,6.21,0.98,94.05,5.6,8.8,87.14,Single,No,Urban,1.26,0.71,WiFi,Samsung,No,7.5,25.41,Yes,12,121,53.69,global_mobile
12985,Brazil,27,Other,Artist,PhD,28783.6,3.09,73,2.33,1.64,0.98,1.18,1.92,5.57,0.54,48.55,7.3,1.9,1.7,Married,No,Urban,1.09,0.74,WiFi,OnePlus,Yes,9.5,14.1,No,14,116,96.52,global_mobile
12986,UK,45,Male,Salesperson,,33128.02,8.08,90,3.94,2.37,1.8,1.33,2.41,6.61,1.48,31.67,3.1,3.1,13.95,Married,Yes,Urban,0.72,0.81,4G,Huawei,Yes,9.5,19.21,No,20,110,13.15,global_mobile
12987,Brazil,55,Other,Artist,High School,0.0,5.73,50,1.85,1.8,2.83,1.86,1.89,6.15,1.49,64.05,4.0,5.8,45.63,In Relationship,Yes,Urban,2.34,1.67,5G,OnePlus,Yes,7.5,25.36,No,12,117,26.14,global_mobile
12988,USA,53,Other,Manager,Bachelor's,53553.24,6.13,67,1.22,0.76,2.24,1.56,2.25,8.17,0.6,4.42,7.5,7.1,65.14,In Relationship,Yes,Urban,1.42,0.86,3G,Huawei,No,5.5,32.37,No,8,98,32.97,global_mobile
12989,UK,64,Male,Artist,High School,13250.13,6.23,85,2.3,1.52,2.13,0.88,2.62,5.24,1.4,87.29,8.0,3.4,84.31,In Relationship,No,Urban,2.68,0.9,3G,Samsung,No,7.5,34.95,Yes,9,63,85.05,global_mobile
12990,Russia,70,Female,Unemployed,Bachelor's,36481.02,7.07,59,1.11,1.69,1.81,1.38,3.11,6.04,0.97,2.04,0.8,8.2,40.7,Single,No,Urban,0.7,1.36,4G,Other,Yes,5.5,22.94,Yes,8,68,87.3,global_mobile
12991,Mexico,47,Male,Unemployed,,51162.98,7.14,63,1.05,0.79,1.87,1.9,3.54,6.78,1.13,33.92,0.8,4.8,28.6,In Relationship,No,Rural,1.89,0.38,3G,Xiaomi,Yes,7.5,22.81,No,15,127,70.75,global_mobile
12992,Germany,48,Female,Salesperson,Bachelor's,16414.1,6.94,64,1.67,0.04,1.63,1.87,2.76,6.71,1.29,85.66,0.2,5.2,41.78,Married,No,Urban,2.68,0.25,3G,Samsung,No,7.5,26.34,Yes,19,86,2.13,global_mobile
12993,Mexico,14,Female,Student,,0.0,6.17,97,1.44,2.39,0.0,1.58,4.03,6.64,0.9,46.95,7.6,8.1,20.8,Single,Yes,Urban,1.07,0.72,4G,Apple,No,9.5,16.74,Yes,17,57,24.7,global_mobile
12994,Nigeria,41,Other,Student,Master's,25299.28,10.0,81,1.08,1.76,0.71,2.16,3.09,5.67,0.51,1.57,4.1,9.2,64.51,Single,No,Urban,2.06,0.37,WiFi,Xiaomi,No,2.5,8.74,No,19,109,46.4,global_mobile
12995,Japan,45,Other,Doctor,PhD,16113.65,6.05,65,2.49,1.88,2.26,2.04,0.83,6.27,1.77,49.19,4.9,1.9,22.1,Single,No,Urban,0.62,0.66,3G,Huawei,Yes,5.5,27.61,Yes,12,94,19.48,global_mobile
12996,Brazil,35,Male,Teacher,High School,36912.82,7.01,41,2.88,0.85,2.43,1.62,3.68,7.21,1.26,37.73,0.8,7.1,83.11,Divorced,No,Urban,0.5,1.23,WiFi,Huawei,No,9.5,34.29,Yes,13,84,12.11,global_mobile
12997,Russia,51,Male,Doctor,,21820.27,6.26,63,2.1,1.12,1.38,2.2,0.96,6.93,1.06,56.01,3.1,6.3,3.39,Single,No,Urban,1.88,1.05,5G,Other,Yes,7.5,30.08,Yes,15,116,60.18,global_mobile
12998,USA,21,Female,Engineer,,30689.98,3.45,19,0.28,1.25,1.23,1.62,0.97,6.66,1.18,14.17,3.7,9.0,29.5,Married,No,Rural,1.02,0.0,WiFi,Other,Yes,9.5,12.71,Yes,17,146,16.58,global_mobile
12999,Germany,43,Female,Salesperson,High School,16880.54,2.62,71,1.19,1.51,2.08,1.96,3.97,5.88,1.52,56.97,9.9,4.1,80.37,Married,No,Rural,1.08,1.6,3G,Samsung,Yes,9.5,35.78,Yes,11,106,97.66,global_mobile
13000,Brazil,18,Other,Unemployed,High School,32693.02,3.38,77,3.2,0.0,0.89,1.78,1.65,6.55,1.11,6.11,8.3,8.2,56.14,Married,Yes,Rural,1.26,0.21,3G,Apple,No,5.5,33.93,Yes,13,121,75.94,global_mobile
